Cusip,Issuer,Sector,Bloomberg_Rating,Maturity,Duration,OAS_Spread,Market_Value,final_score,linvest21_rating,quantitative_score,sector_score,agency_score,alpha_score,components,validation_status,calculation_timestamp,Validation_Status,Score_Quintile
100000001,US Treasury,Treasury,AAA,5.0,4.25,9.50714306409916,74192077185.1419,58.16,LIN-BB+,8.66,6.25,33.25,10.0,"{'duration': 42.5, 'spread': 1.9, 'liquidity': 20, 'momentum': 50.45, 'stability': 99.62, 'currency': 49.97}",CALCULATED,2025-09-08T07:37:35.287532+00:00,FAILED,Q1 (Lowest)
100000002,US Treasury,Treasury,AAA,2.0,1.7,7.219987722668248,99888419438.2945,54.26,LIN-BB,4.77,6.25,33.25,10.0,"{'duration': 17.0, 'spread': 1.44, 'liquidity': 20, 'momentum': 50.69, 'stability': 99.43, 'currency': 49.85}",CALCULATED,2025-09-08T07:37:35.287664+00:00,FAILED,Q1 (Lowest)
100000003,US Treasury,Treasury,AAA,5.0,4.25,6.118528947223795,29744829641.20432,58.05,LIN-BB+,8.56,6.25,33.25,9.99,"{'duration': 42.5, 'spread': 1.22, 'liquidity': 20, 'momentum': 50.11, 'stability': 99.91, 'currency': 49.85}",CALCULATED,2025-09-08T07:37:35.287742+00:00,FAILED,Q1 (Lowest)
100000004,US Treasury,Treasury,AAA,30.0,25.5,4.667628932479799,87792839583.73187,66.63,LIN-BBB-,17.14,6.25,33.25,9.99,"{'duration': 100.0, 'spread': 0.93, 'liquidity': 20, 'momentum': 50.29, 'stability': 99.76, 'currency': 49.81}",CALCULATED,2025-09-08T07:37:35.287817+00:00,FAILED,Q4
100000005,US Treasury,Treasury,AAA,30.0,25.5,8.08397348116461,45014747391.46015,66.74,LIN-BBB-,17.24,6.25,33.25,10.0,"{'duration': 100.0, 'spread': 1.62, 'liquidity': 20, 'momentum': 50.26, 'stability': 99.78, 'currency': 49.9}",CALCULATED,2025-09-08T07:37:35.287885+00:00,FAILED,Q4
100000006,US Treasury,Treasury,AAA,5.0,4.25,3.910606075732408,34299220961.46454,57.99,LIN-BB+,8.49,6.25,33.25,9.99,"{'duration': 42.5, 'spread': 0.78, 'liquidity': 20, 'momentum': 50.31, 'stability': 99.74, 'currency': 49.85}",CALCULATED,2025-09-08T07:37:35.287949+00:00,FAILED,Q1 (Lowest)
100000007,US Treasury,Treasury,AAA,5.0,4.25,9.695846277645586,85038731189.32326,58.17,LIN-BB+,8.67,6.25,33.25,10.0,"{'duration': 42.5, 'spread': 1.94, 'liquidity': 20, 'momentum': 50.42, 'stability': 99.64, 'currency': 49.99}",CALCULATED,2025-09-08T07:37:35.288008+00:00,FAILED,Q1 (Lowest)
100000008,US Treasury,Treasury,AAA,7.0,5.95,5.867511656638483,95756753124.72412,60.6,LIN-BB+,11.1,6.25,33.25,10.0,"{'duration': 59.5, 'spread': 1.17, 'liquidity': 20, 'momentum': 50.09, 'stability': 99.92, 'currency': 49.93}",CALCULATED,2025-09-08T07:37:35.288069+00:00,FAILED,Q2
100000009,US Treasury,Treasury,AAA,2.0,1.7,9.868869366005173,84159869471.66762,54.35,LIN-BB,4.85,6.25,33.25,10.0,"{'duration': 17.0, 'spread': 1.97, 'liquidity': 20, 'momentum': 50.57, 'stability': 99.52, 'currency': 49.91}",CALCULATED,2025-09-08T07:37:35.288128+00:00,FAILED,Q1 (Lowest)
100000010,US Treasury,Treasury,AAA,10.0,8.5,9.149596755437807,91325193035.64607,64.53,LIN-BB+,15.02,6.25,33.25,10.0,"{'duration': 85.0, 'spread': 1.83, 'liquidity': 20, 'momentum': 50.21, 'stability': 99.82, 'currency': 49.99}",CALCULATED,2025-09-08T07:37:35.288187+00:00,FAILED,Q3
100000011,US Treasury,Treasury,AAA,5.0,4.25,7.29606178338064,70748945222.72977,58.1,LIN-BB+,8.59,6.25,33.25,10.0,"{'duration': 42.5, 'spread': 1.46, 'liquidity': 20, 'momentum': 50.59, 'stability': 99.5, 'currency': 49.96}",CALCULATED,2025-09-08T07:37:35.288246+00:00,,Q1 (Lowest)
100000012,US Treasury,Treasury,AAA,5.0,4.25,2.5606832276132394,22485229379.026035,57.95,LIN-BB+,8.45,6.25,33.25,10.0,"{'duration': 42.5, 'spread': 0.51, 'liquidity': 20, 'momentum': 50.27, 'stability': 99.77, 'currency': 49.97}",CALCULATED,2025-09-08T07:37:35.288303+00:00,,Q1 (Lowest)
100000013,US Treasury,Treasury,AAA,2.0,1.7,6.364104112637804,47188134346.83207,54.24,LIN-BB,4.74,6.25,33.25,10.0,"{'duration': 17.0, 'spread': 1.27, 'liquidity': 20, 'momentum': 50.4, 'stability': 99.67, 'currency': 49.95}",CALCULATED,2025-09-08T07:37:35.288360+00:00,,Q1 (Lowest)
100000014,US Treasury,Treasury,AAA,30.0,25.5,5.98865466488536,69932777158.26407,66.68,LIN-BBB-,17.18,6.25,33.25,10.0,"{'duration': 100.0, 'spread': 1.2, 'liquidity': 20, 'momentum': 50.45, 'stability': 99.62, 'currency': 49.91}",CALCULATED,2025-09-08T07:37:35.288419+00:00,,Q4
100000015,US Treasury,Treasury,AAA,20.0,17.0,8.036720768991145,35095129316.62441,66.74,LIN-BBB-,17.24,6.25,33.25,10.0,"{'duration': 100.0, 'spread': 1.61, 'liquidity': 20, 'momentum': 50.59, 'stability': 99.51, 'currency': 49.93}",CALCULATED,2025-09-08T07:37:35.288477+00:00,,Q4
100000016,US Treasury,Treasury,AAA,2.0,1.7,3.5256885633416903,43655377380.88123,54.15,LIN-BB,4.66,6.25,33.25,10.0,"{'duration': 17.0, 'spread': 0.71, 'liquidity': 20, 'momentum': 50.42, 'stability': 99.65, 'currency': 49.88}",CALCULATED,2025-09-08T07:37:35.288533+00:00,,Q1 (Lowest)
100000017,US Treasury,Treasury,AAA,2.0,1.7,3.3761517140362796,96458386777.67209,54.15,LIN-BB,4.65,6.25,33.25,9.99,"{'duration': 17.0, 'spread': 0.68, 'liquidity': 20, 'momentum': 49.99, 'stability': 99.99, 'currency': 49.91}",CALCULATED,2025-09-08T07:37:35.288590+00:00,,Q1 (Lowest)
100000018,US Treasury,Treasury,AAA,5.0,4.25,6.963042728397884,82385600008.67236,58.09,LIN-BB+,8.58,6.25,33.25,10.0,"{'duration': 42.5, 'spread': 1.39, 'liquidity': 20, 'momentum': 50.3, 'stability': 99.75, 'currency': 49.99}",CALCULATED,2025-09-08T07:37:35.288646+00:00,,Q1 (Lowest)
100000019,US Treasury,Treasury,AAA,5.0,4.25,1.448948720912231,62536474761.010254,57.92,LIN-BB+,8.42,6.25,33.25,10.0,"{'duration': 42.5, 'spread': 0.29, 'liquidity': 20, 'momentum': 50.55, 'stability': 99.54, 'currency': 49.92}",CALCULATED,2025-09-08T07:37:35.288752+00:00,,Q1 (Lowest)
100000020,US Treasury,Treasury,AAA,30.0,25.5,3.9882444244455306,81435350789.95488,66.62,LIN-BBB-,17.12,6.25,33.25,10.0,"{'duration': 100.0, 'spread': 0.8, 'liquidity': 20, 'momentum': 50.31, 'stability': 99.74, 'currency': 49.96}",CALCULATED,2025-09-08T07:37:35.288812+00:00,,Q4
100000021,US Treasury,Treasury,AAA,20.0,17.0,3.2595890520188475,39288661370.40266,66.6,LIN-BBB-,17.1,6.25,33.25,10.0,"{'duration': 100.0, 'spread': 0.65, 'liquidity': 20, 'momentum': 50.52, 'stability': 99.57, 'currency': 49.93}",CALCULATED,2025-09-08T07:37:35.288920+00:00,,Q4
100000022,US Treasury,Treasury,AAA,30.0,25.5,1.3752094414599325,46647113012.36944,66.54,LIN-BBB-,17.04,6.25,33.25,10.0,"{'duration': 100.0, 'spread': 0.28, 'liquidity': 20, 'momentum': 50.33, 'stability': 99.73, 'currency': 49.94}",CALCULATED,2025-09-08T07:37:35.288989+00:00,,Q4
100000023,US Treasury,Treasury,AAA,30.0,25.5,5.166358912710143,42910642936.20399,66.66,LIN-BBB-,17.15,6.25,33.25,10.0,"{'duration': 100.0, 'spread': 1.03, 'liquidity': 20, 'momentum': 50.43, 'stability': 99.64, 'currency': 49.94}",CALCULATED,2025-09-08T07:37:35.289048+00:00,,Q4
100000024,US Treasury,Treasury,AAA,20.0,17.0,4.045081271221901,87168597899.18677,66.62,LIN-BBB-,17.12,6.25,33.25,10.0,"{'duration': 100.0, 'spread': 0.81, 'liquidity': 20, 'momentum': 50.53, 'stability': 99.56, 'currency': 49.89}",CALCULATED,2025-09-08T07:37:35.289118+00:00,,Q4
100000025,US Treasury,Treasury,AAA,30.0,25.5,9.736638367553173,42408294542.04659,66.79,LIN-BBB-,17.29,6.25,33.25,10.0,"{'duration': 100.0, 'spread': 1.95, 'liquidity': 20, 'momentum': 50.0, 'stability': 100.0, 'currency': 49.98}",CALCULATED,2025-09-08T07:37:35.289177+00:00,,Q4
100000026,US Treasury,Treasury,AAA,5.0,4.25,3.2539969815926773,79656673199.46228,57.98,LIN-BB+,8.47,6.25,33.25,10.0,"{'duration': 42.5, 'spread': 0.65, 'liquidity': 20, 'momentum': 50.59, 'stability': 99.51, 'currency': 49.96}",CALCULATED,2025-09-08T07:37:35.289237+00:00,,Q1 (Lowest)
100000027,US Treasury,Treasury,AAA,7.0,5.95,5.0881407683876,72819702400.61902,60.58,LIN-BB+,11.08,6.25,33.25,10.0,"{'duration': 59.5, 'spread': 1.02, 'liquidity': 20, 'momentum': 50.1, 'stability': 99.92, 'currency': 50.0}",CALCULATED,2025-09-08T07:37:35.289296+00:00,,Q1 (Lowest)
100000028,US Treasury,Treasury,AAA,10.0,8.5,5.026370931051921,67519527173.237434,64.4,LIN-BB+,14.9,6.25,33.25,10.0,"{'duration': 85.0, 'spread': 1.01, 'liquidity': 20, 'momentum': 50.11, 'stability': 99.91, 'currency': 50.0}",CALCULATED,2025-09-08T07:37:35.289354+00:00,,Q3
100000029,US Treasury,Treasury,AAA,7.0,5.95,7.68554014306309,23474698114.844975,60.66,LIN-BB+,11.16,6.25,33.25,10.0,"{'duration': 59.5, 'spread': 1.54, 'liquidity': 20, 'momentum': 50.43, 'stability': 99.64, 'currency': 49.94}",CALCULATED,2025-09-08T07:37:35.289410+00:00,,Q2
100000030,US Treasury,Treasury,AAA,30.0,25.5,4.281841483173143,95634416301.93156,66.62,LIN-BBB-,17.13,6.25,33.25,9.99,"{'duration': 100.0, 'spread': 0.86, 'liquidity': 20, 'momentum': 50.23, 'stability': 99.81, 'currency': 49.85}",CALCULATED,2025-09-08T07:37:35.289467+00:00,,Q4
100000031,US Treasury,Treasury,AAA,5.0,4.25,5.568012624583502,97881847518.86505,58.05,LIN-BB+,8.54,6.25,33.25,10.0,"{'duration': 42.5, 'spread': 1.11, 'liquidity': 20, 'momentum': 50.75, 'stability': 99.37, 'currency': 49.98}",CALCULATED,2025-09-08T07:37:35.289525+00:00,,Q1 (Lowest)
100000032,US Treasury,Treasury,AAA,5.0,4.25,2.9529058841893874,43951431397.54265,57.96,LIN-BB+,8.46,6.25,33.25,10.0,"{'duration': 42.5, 'spread': 0.59, 'liquidity': 20, 'momentum': 50.49, 'stability': 99.59, 'currency': 49.82}",CALCULATED,2025-09-08T07:37:35.289585+00:00,,Q1 (Lowest)
100000033,US Treasury,Treasury,AAA,20.0,17.0,8.670723185801037,95455741625.36404,66.77,LIN-BBB-,17.26,6.25,33.25,10.01,"{'duration': 100.0, 'spread': 1.73, 'liquidity': 20, 'momentum': 51.16, 'stability': 99.02, 'currency': 49.94}",CALCULATED,2025-09-08T07:37:35.289674+00:00,,Q4
100000034,US Treasury,Treasury,AAA,20.0,17.0,3.379951568515358,52888198235.59811,66.6,LIN-BBB-,17.1,6.25,33.25,10.0,"{'duration': 100.0, 'spread': 0.68, 'liquidity': 20, 'momentum': 50.43, 'stability': 99.64, 'currency': 49.91}",CALCULATED,2025-09-08T07:37:35.289738+00:00,,Q4
100000035,US Treasury,Treasury,AAA,5.0,4.25,9.818408883105311,85316800369.66545,58.16,LIN-BB+,8.67,6.25,33.25,9.99,"{'duration': 42.5, 'spread': 1.96, 'liquidity': 20, 'momentum': 50.51, 'stability': 99.57, 'currency': 49.8}",CALCULATED,2025-09-08T07:37:35.289799+00:00,,Q1 (Lowest)
100000036,US Treasury,Treasury,AAA,5.0,4.25,6.228904758190002,27399263977.359657,58.06,LIN-BB+,8.56,6.25,33.25,10.0,"{'duration': 42.5, 'spread': 1.25, 'liquidity': 20, 'momentum': 50.4, 'stability': 99.66, 'currency': 49.93}",CALCULATED,2025-09-08T07:37:35.289856+00:00,,Q1 (Lowest)
100000037,US Treasury,Treasury,AAA,2.0,1.7,1.3274542224296981,91182750539.24232,54.09,LIN-BB,4.59,6.25,33.25,10.0,"{'duration': 17.0, 'spread': 0.27, 'liquidity': 20, 'momentum': 50.0, 'stability': 100.0, 'currency': 49.91}",CALCULATED,2025-09-08T07:37:35.289913+00:00,,Q1 (Lowest)
100000038,US Treasury,Treasury,AAA,20.0,17.0,6.95974206093698,54930331618.13825,66.71,LIN-BBB-,17.21,6.25,33.25,10.0,"{'duration': 100.0, 'spread': 1.39, 'liquidity': 20, 'momentum': 50.33, 'stability': 99.73, 'currency': 49.97}",CALCULATED,2025-09-08T07:37:35.289969+00:00,,Q4
100000039,US Treasury,Treasury,AAA,2.0,1.7,1.8286599710730733,96053533953.99065,54.11,LIN-BB,4.6,6.25,33.25,10.0,"{'duration': 17.0, 'spread': 0.37, 'liquidity': 20, 'momentum': 50.85, 'stability': 99.29, 'currency': 49.92}",CALCULATED,2025-09-08T07:37:35.290024+00:00,,Q1 (Lowest)
100000040,US Treasury,Treasury,AAA,5.0,4.25,3.559726786512616,88382558364.24924,57.98,LIN-BB+,8.48,6.25,33.25,10.0,"{'duration': 42.5, 'spread': 0.71, 'liquidity': 20, 'momentum': 50.49, 'stability': 99.59, 'currency': 49.92}",CALCULATED,2025-09-08T07:37:35.290080+00:00,,Q1 (Lowest)
100000041,US Treasury,Treasury,AAA,10.0,8.5,8.069129770507795,52744577327.71494,64.49,LIN-BB+,14.99,6.25,33.25,10.0,"{'duration': 85.0, 'spread': 1.61, 'liquidity': 20, 'momentum': 50.29, 'stability': 99.76, 'currency': 49.97}",CALCULATED,2025-09-08T07:37:35.290136+00:00,,Q3
100000042,US Treasury,Treasury,AAA,7.0,5.95,8.564898411883222,74602325961.3673,60.68,LIN-BB+,11.18,6.25,33.25,10.0,"{'duration': 59.5, 'spread': 1.71, 'liquidity': 20, 'momentum': 50.35, 'stability': 99.71, 'currency': 49.99}",CALCULATED,2025-09-08T07:37:35.290193+00:00,,Q2
100000043,US Treasury,Treasury,AAA,20.0,17.0,6.771683423829817,66616928904.158455,66.7,LIN-BBB-,17.2,6.25,33.25,10.0,"{'duration': 100.0, 'spread': 1.35, 'liquidity': 20, 'momentum': 50.34, 'stability': 99.72, 'currency': 49.96}",CALCULATED,2025-09-08T07:37:35.290250+00:00,,Q4
100000044,US Treasury,Treasury,AAA,5.0,4.25,2.7396112732113376,39278672848.213295,57.96,LIN-BB+,8.46,6.25,33.25,10.0,"{'duration': 42.5, 'spread': 0.55, 'liquidity': 20, 'momentum': 50.31, 'stability': 99.74, 'currency': 49.99}",CALCULATED,2025-09-08T07:37:35.290312+00:00,,Q1 (Lowest)
100000045,US Treasury,Treasury,AAA,2.0,1.7,3.189756302937613,84864936439.8623,54.14,LIN-BB,4.65,6.25,33.25,10.0,"{'duration': 17.0, 'spread': 0.64, 'liquidity': 20, 'momentum': 50.33, 'stability': 99.73, 'currency': 49.9}",CALCULATED,2025-09-08T07:37:35.290370+00:00,,Q1 (Lowest)
100000046,US Treasury,Treasury,AAA,7.0,5.95,9.675805515202475,68474127685.76709,60.71,LIN-BB+,11.22,6.25,33.25,10.0,"{'duration': 59.5, 'spread': 1.94, 'liquidity': 20, 'momentum': 50.73, 'stability': 99.39, 'currency': 49.81}",CALCULATED,2025-09-08T07:37:35.290426+00:00,,Q2
100000047,US Treasury,Treasury,AAA,7.0,5.95,3.720180857927832,84359228230.64346,60.54,LIN-BB+,11.04,6.25,33.25,10.0,"{'duration': 59.5, 'spread': 0.74, 'liquidity': 20, 'momentum': 50.36, 'stability': 99.7, 'currency': 49.98}",CALCULATED,2025-09-08T07:37:35.290484+00:00,,Q1 (Lowest)
100000048,US Treasury,Treasury,AAA,5.0,4.25,3.7772888617629485,66193401371.617,57.98,LIN-BB+,8.49,6.25,33.25,9.99,"{'duration': 42.5, 'spread': 0.76, 'liquidity': 20, 'momentum': 49.9, 'stability': 99.92, 'currency': 49.99}",CALCULATED,2025-09-08T07:37:35.290541+00:00,,Q1 (Lowest)
100000049,US Treasury,Treasury,AAA,5.0,4.25,0.1083765148029836,91177937053.50697,57.87,LIN-BB+,8.38,6.25,33.25,9.99,"{'duration': 42.5, 'spread': 0.02, 'liquidity': 20, 'momentum': 50.28, 'stability': 99.77, 'currency': 49.81}",CALCULATED,2025-09-08T07:37:35.290615+00:00,,Q1 (Lowest)
100000050,US Treasury,Treasury,AAA,10.0,8.5,5.537030523458007,38989872744.45726,64.42,LIN-BB+,14.92,6.25,33.25,10.0,"{'duration': 85.0, 'spread': 1.11, 'liquidity': 20, 'momentum': 50.76, 'stability': 99.36, 'currency': 49.96}",CALCULATED,2025-09-08T07:37:35.290687+00:00,,Q3
100000051,US Treasury,Treasury,AAA,10.0,8.5,6.182180633162611,28433867361.8565,64.44,LIN-BB+,14.94,6.25,33.25,10.0,"{'duration': 85.0, 'spread': 1.24, 'liquidity': 20, 'momentum': 50.29, 'stability': 99.76, 'currency': 49.95}",CALCULATED,2025-09-08T07:37:35.290748+00:00,,Q3
100000052,US Treasury,Treasury,AAA,7.0,5.95,8.631385219890038,91477997330.72983,60.69,LIN-BB+,11.18,6.25,33.25,10.0,"{'duration': 59.5, 'spread': 1.73, 'liquidity': 20, 'momentum': 50.45, 'stability': 99.62, 'currency': 49.98}",CALCULATED,2025-09-08T07:37:35.290805+00:00,,Q2
100000053,US Treasury,Treasury,AAA,5.0,4.25,0.8350071669866876,73802248217.72842,57.9,LIN-BB+,8.4,6.25,33.25,10.0,"{'duration': 42.5, 'spread': 0.17, 'liquidity': 20, 'momentum': 50.71, 'stability': 99.4, 'currency': 49.97}",CALCULATED,2025-09-08T07:37:35.290865+00:00,,Q1 (Lowest)
100000054,US Treasury,Treasury,AAA,10.0,8.5,7.671948531085717,85803648314.46324,64.48,LIN-BB+,14.98,6.25,33.25,10.0,"{'duration': 85.0, 'spread': 1.53, 'liquidity': 20, 'momentum': 50.56, 'stability': 99.53, 'currency': 49.89}",CALCULATED,2025-09-08T07:37:35.290928+00:00,,Q3
100000055,US Treasury,Treasury,AAA,5.0,4.25,2.8571208628186073,90490608874.30461,57.96,LIN-BB+,8.46,6.25,33.25,10.0,"{'duration': 42.5, 'spread': 0.57, 'liquidity': 20, 'momentum': 50.4, 'stability': 99.67, 'currency': 49.99}",CALCULATED,2025-09-08T07:37:35.290985+00:00,,Q1 (Lowest)
100000056,US Treasury,Treasury,AAA,5.0,4.25,2.168091065864912,41875919154.526566,57.94,LIN-BB+,8.44,6.25,33.25,10.0,"{'duration': 42.5, 'spread': 0.43, 'liquidity': 20, 'momentum': 50.69, 'stability': 99.43, 'currency': 49.93}",CALCULATED,2025-09-08T07:37:35.291042+00:00,,Q1 (Lowest)
100000057,US Treasury,Treasury,AAA,30.0,25.5,8.902637838909163,52351688096.555115,66.77,LIN-BBB-,17.27,6.25,33.25,10.0,"{'duration': 100.0, 'spread': 1.78, 'liquidity': 20, 'momentum': 50.55, 'stability': 99.54, 'currency': 49.98}",CALCULATED,2025-09-08T07:37:35.291098+00:00,,Q4
100000058,US Treasury,Treasury,AAA,5.0,4.25,3.6034509520526825,38031942554.037224,57.99,LIN-BB+,8.48,6.25,33.25,10.0,"{'duration': 42.5, 'spread': 0.72, 'liquidity': 20, 'momentum': 50.3, 'stability': 99.75, 'currency': 50.0}",CALCULATED,2025-09-08T07:37:35.291155+00:00,,Q1 (Lowest)
100000059,US Treasury,Treasury,AAA,20.0,17.0,6.847311725538793,30830352807.18192,66.71,LIN-BBB-,17.21,6.25,33.25,10.0,"{'duration': 100.0, 'spread': 1.37, 'liquidity': 20, 'momentum': 50.76, 'stability': 99.36, 'currency': 49.88}",CALCULATED,2025-09-08T07:37:35.291211+00:00,,Q4
100000060,US Treasury,Treasury,AAA,5.0,4.25,7.495782999760721,50232455942.22433,58.1,LIN-BB+,8.6,6.25,33.25,10.0,"{'duration': 42.5, 'spread': 1.5, 'liquidity': 20, 'momentum': 50.44, 'stability': 99.63, 'currency': 49.88}",CALCULATED,2025-09-08T07:37:35.291267+00:00,,Q1 (Lowest)
100000061,US Treasury,Treasury,AAA,7.0,5.95,2.7340707193070624,24827921845.55706,60.5,LIN-BB+,11.01,6.25,33.25,10.0,"{'duration': 59.5, 'spread': 0.55, 'liquidity': 20, 'momentum': 50.46, 'stability': 99.62, 'currency': 49.85}",CALCULATED,2025-09-08T07:37:35.291323+00:00,,Q1 (Lowest)
100000062,US Treasury,Treasury,AAA,5.0,4.25,2.4108483232963183,36972357369.22545,57.94,LIN-BB+,8.45,6.25,33.25,10.0,"{'duration': 42.5, 'spread': 0.48, 'liquidity': 20, 'momentum': 50.23, 'stability': 99.81, 'currency': 49.91}",CALCULATED,2025-09-08T07:37:35.291379+00:00,,Q1 (Lowest)
100000063,US Treasury,Treasury,AAA,10.0,8.5,6.181282404578958,49461421413.69086,64.43,LIN-BB+,14.94,6.25,33.25,9.99,"{'duration': 85.0, 'spread': 1.24, 'liquidity': 20, 'momentum': 50.24, 'stability': 99.8, 'currency': 49.84}",CALCULATED,2025-09-08T07:37:35.291439+00:00,,Q3
100000064,US Treasury,Treasury,AAA,20.0,17.0,9.679737654398231,27229238859.169796,66.79,LIN-BBB-,17.29,6.25,33.25,10.0,"{'duration': 100.0, 'spread': 1.94, 'liquidity': 20, 'momentum': 50.47, 'stability': 99.6, 'currency': 49.87}",CALCULATED,2025-09-08T07:37:35.291502+00:00,,Q4
100000065,US Treasury,Treasury,AAA,10.0,8.5,6.203095513534647,74671433435.12733,64.43,LIN-BB+,14.94,6.25,33.25,9.99,"{'duration': 85.0, 'spread': 1.24, 'liquidity': 20, 'momentum': 50.33, 'stability': 99.73, 'currency': 49.83}",CALCULATED,2025-09-08T07:37:35.291559+00:00,,Q3
100000066,US Treasury,Treasury,AAA,10.0,8.5,5.474463068991115,60122244388.92198,64.41,LIN-BB+,14.91,6.25,33.25,10.0,"{'duration': 85.0, 'spread': 1.09, 'liquidity': 20, 'momentum': 50.34, 'stability': 99.71, 'currency': 49.95}",CALCULATED,2025-09-08T07:37:35.291617+00:00,,Q3
100000067,US Treasury,Treasury,AAA,30.0,25.5,1.4707348092903794,86110295216.66885,66.55,LIN-BBB-,17.04,6.25,33.25,10.0,"{'duration': 100.0, 'spread': 0.29, 'liquidity': 20, 'momentum': 50.39, 'stability': 99.68, 'currency': 49.96}",CALCULATED,2025-09-08T07:37:35.291672+00:00,,Q4
100000068,US Treasury,Treasury,AAA,5.0,4.25,5.796499344717384,47247692795.93316,58.03,LIN-BB+,8.55,6.25,33.25,9.99,"{'duration': 42.5, 'spread': 1.16, 'liquidity': 20, 'momentum': 49.96, 'stability': 99.97, 'currency': 49.8}",CALCULATED,2025-09-08T07:37:35.291728+00:00,,Q1 (Lowest)
100000069,US Treasury,Treasury,AAA,2.0,1.7,6.4087474480321465,35841500226.2105,54.23,LIN-BB,4.74,6.25,33.25,9.99,"{'duration': 17.0, 'spread': 1.28, 'liquidity': 20, 'momentum': 50.34, 'stability': 99.72, 'currency': 49.79}",CALCULATED,2025-09-08T07:37:35.291784+00:00,,Q1 (Lowest)
100000070,US Treasury,Treasury,AAA,5.0,4.25,8.217906368444492,46846427855.77291,58.12,LIN-BB+,8.62,6.25,33.25,10.0,"{'duration': 42.5, 'spread': 1.64, 'liquidity': 20, 'momentum': 50.34, 'stability': 99.71, 'currency': 49.99}",CALCULATED,2025-09-08T07:37:35.291839+00:00,,Q1 (Lowest)
100000071,US Treasury,Treasury,AAA,7.0,5.95,2.063337184057925,53969074621.42289,60.49,LIN-BB+,10.99,6.25,33.25,10.0,"{'duration': 59.5, 'spread': 0.41, 'liquidity': 20, 'momentum': 50.4, 'stability': 99.66, 'currency': 49.93}",CALCULATED,2025-09-08T07:37:35.291894+00:00,,Q1 (Lowest)
100000072,US Treasury,Treasury,AAA,5.0,4.25,0.025950243836465603,90421264447.07677,57.88,LIN-BB+,8.38,6.25,33.25,10.0,"{'duration': 42.5, 'spread': 0.01, 'liquidity': 20, 'momentum': 50.44, 'stability': 99.64, 'currency': 49.92}",CALCULATED,2025-09-08T07:37:35.291949+00:00,,Q1 (Lowest)
100000073,US Treasury,Treasury,AAA,5.0,4.25,4.845229851910213,67284451278.029884,58.01,LIN-BB+,8.52,6.25,33.25,9.99,"{'duration': 42.5, 'spread': 0.97, 'liquidity': 20, 'momentum': 49.96, 'stability': 99.96, 'currency': 49.91}",CALCULATED,2025-09-08T07:37:35.292005+00:00,,Q1 (Lowest)
100000074,US Treasury,Treasury,AAA,10.0,8.5,0.3047215273359416,84962251576.91936,64.25,LIN-BB+,14.76,6.25,33.25,9.99,"{'duration': 85.0, 'spread': 0.06, 'liquidity': 20, 'momentum': 50.17, 'stability': 99.86, 'currency': 49.83}",CALCULATED,2025-09-08T07:37:35.292065+00:00,,Q3
100000075,US Treasury,Treasury,AAA,5.0,4.25,0.20071197777726368,44286769742.22957,57.87,LIN-BB+,8.38,6.25,33.25,9.99,"{'duration': 42.5, 'spread': 0.04, 'liquidity': 20, 'momentum': 50.18, 'stability': 99.85, 'currency': 49.83}",CALCULATED,2025-09-08T07:37:35.292122+00:00,,Q1 (Lowest)
100000076,US Treasury,Treasury,AAA,7.0,5.95,5.8419948471416925,82425885741.03073,60.6,LIN-BB+,11.1,6.25,33.25,10.0,"{'duration': 59.5, 'spread': 1.17, 'liquidity': 20, 'momentum': 50.81, 'stability': 99.32, 'currency': 49.86}",CALCULATED,2025-09-08T07:37:35.292180+00:00,,Q2
100000077,US Treasury,Treasury,AAA,5.0,4.25,3.630822963986351,64815033985.58292,57.99,LIN-BB+,8.48,6.25,33.25,10.0,"{'duration': 42.5, 'spread': 0.73, 'liquidity': 20, 'momentum': 50.58, 'stability': 99.51, 'currency': 50.0}",CALCULATED,2025-09-08T07:37:35.292236+00:00,,Q1 (Lowest)
100000078,US Treasury,Treasury,AAA,5.0,4.25,3.6535681967405766,59400670058.09667,57.99,LIN-BB+,8.48,6.25,33.25,10.0,"{'duration': 42.5, 'spread': 0.73, 'liquidity': 20, 'momentum': 50.56, 'stability': 99.53, 'currency': 49.99}",CALCULATED,2025-09-08T07:37:35.292294+00:00,,Q1 (Lowest)
100000079,US Treasury,Treasury,AAA,5.0,4.25,1.7088758739006582,73856461389.56258,57.92,LIN-BB+,8.43,6.25,33.25,10.0,"{'duration': 42.5, 'spread': 0.34, 'liquidity': 20, 'momentum': 50.55, 'stability': 99.54, 'currency': 49.83}",CALCULATED,2025-09-08T07:37:35.292352+00:00,,Q1 (Lowest)
100000080,US Treasury,Treasury,AAA,30.0,25.5,7.109524788367483,36937530869.12424,66.71,LIN-BBB-,17.21,6.25,33.25,10.0,"{'duration': 100.0, 'spread': 1.42, 'liquidity': 20, 'momentum': 50.44, 'stability': 99.64, 'currency': 49.83}",CALCULATED,2025-09-08T07:37:35.292409+00:00,,Q4
100000081,US Treasury,Treasury,AAA,5.0,4.25,5.812382214226123,36851640412.66041,58.05,LIN-BB+,8.55,6.25,33.25,10.0,"{'duration': 42.5, 'spread': 1.16, 'liquidity': 20, 'momentum': 50.07, 'stability': 99.94, 'currency': 49.99}",CALCULATED,2025-09-08T07:37:35.292465+00:00,,Q1 (Lowest)
100000082,US Treasury,Treasury,AAA,7.0,5.95,2.0173046233023584,73242521224.27019,60.49,LIN-BB+,10.99,6.25,33.25,10.0,"{'duration': 59.5, 'spread': 0.4, 'liquidity': 20, 'momentum': 50.88, 'stability': 99.26, 'currency': 49.94}",CALCULATED,2025-09-08T07:37:35.292541+00:00,,Q1 (Lowest)
100000083,US Treasury,Treasury,AAA,30.0,25.5,8.306194077877292,99005961749.03688,66.75,LIN-BBB-,17.25,6.25,33.25,10.0,"{'duration': 100.0, 'spread': 1.66, 'liquidity': 20, 'momentum': 50.27, 'stability': 99.77, 'currency': 49.99}",CALCULATED,2025-09-08T07:37:35.292606+00:00,,Q4
100000084,US Treasury,Treasury,AAA,2.0,1.7,7.952673118598902,35848953233.3693,54.29,LIN-BB,4.79,6.25,33.25,10.0,"{'duration': 17.0, 'spread': 1.59, 'liquidity': 20, 'momentum': 50.33, 'stability': 99.73, 'currency': 49.97}",CALCULATED,2025-09-08T07:37:35.292673+00:00,,Q1 (Lowest)
100000085,US Treasury,Treasury,AAA,10.0,8.5,9.07866130462516,49166908858.36343,64.52,LIN-BB+,15.02,6.25,33.25,10.0,"{'duration': 85.0, 'spread': 1.82, 'liquidity': 20, 'momentum': 50.56, 'stability': 99.53, 'currency': 49.82}",CALCULATED,2025-09-08T07:37:35.292736+00:00,,Q3
100000086,US Treasury,Treasury,AAA,5.0,4.25,7.476093801762511,59018176112.77251,58.1,LIN-BB+,8.6,6.25,33.25,10.0,"{'duration': 42.5, 'spread': 1.5, 'liquidity': 20, 'momentum': 50.46, 'stability': 99.62, 'currency': 49.98}",CALCULATED,2025-09-08T07:37:35.292793+00:00,,Q1 (Lowest)
100000087,US Treasury,Treasury,AAA,2.0,1.7,2.2902539092479635,57505830416.23496,54.12,LIN-BB,4.62,6.25,33.25,10.0,"{'duration': 17.0, 'spread': 0.46, 'liquidity': 20, 'momentum': 50.24, 'stability': 99.8, 'currency': 49.91}",CALCULATED,2025-09-08T07:37:35.292878+00:00,,Q1 (Lowest)
100000088,US Treasury,Treasury,AAA,10.0,8.5,5.334610919763215,96500438834.15746,64.41,LIN-BB+,14.91,6.25,33.25,10.0,"{'duration': 85.0, 'spread': 1.07, 'liquidity': 20, 'momentum': 50.3, 'stability': 99.75, 'currency': 49.96}",CALCULATED,2025-09-08T07:37:35.292950+00:00,,Q3
100000089,US Treasury,Treasury,AAA,10.0,8.5,1.4312798554846962,36269460386.97412,64.3,LIN-BB+,14.79,6.25,33.25,10.0,"{'duration': 85.0, 'spread': 0.29, 'liquidity': 20, 'momentum': 50.77, 'stability': 99.36, 'currency': 49.96}",CALCULATED,2025-09-08T07:37:35.293012+00:00,,Q3
100000090,US Treasury,Treasury,AAA,20.0,17.0,1.2748866233198242,52457531653.4517,66.54,LIN-BBB-,17.04,6.25,33.25,10.0,"{'duration': 100.0, 'spread': 0.25, 'liquidity': 20, 'momentum': 50.31, 'stability': 99.74, 'currency': 49.96}",CALCULATED,2025-09-08T07:37:35.293069+00:00,,Q4
100000091,US Treasury,Treasury,AAA,10.0,8.5,0.12203072318044517,73665745577.57256,64.25,LIN-BB+,14.75,6.25,33.25,10.0,"{'duration': 85.0, 'spread': 0.02, 'liquidity': 20, 'momentum': 50.5, 'stability': 99.58, 'currency': 49.88}",CALCULATED,2025-09-08T07:37:35.293128+00:00,,Q3
100000092,US Treasury,Treasury,AAA,5.0,4.25,4.235968624204829,43805054291.68863,58.01,LIN-BB+,8.5,6.25,33.25,10.0,"{'duration': 42.5, 'spread': 0.85, 'liquidity': 20, 'momentum': 50.55, 'stability': 99.54, 'currency': 49.98}",CALCULATED,2025-09-08T07:37:35.293184+00:00,,Q1 (Lowest)
100000093,US Treasury,Treasury,AAA,10.0,8.5,0.18110183820840509,90260930773.69286,64.26,LIN-BB+,14.76,6.25,33.25,10.0,"{'duration': 85.0, 'spread': 0.04, 'liquidity': 20, 'momentum': 50.54, 'stability': 99.54, 'currency': 49.95}",CALCULATED,2025-09-08T07:37:35.293247+00:00,,Q3
100000094,US Treasury,Treasury,AAA,10.0,8.5,3.74435369720422,25799328900.02882,64.36,LIN-BB+,14.86,6.25,33.25,10.0,"{'duration': 85.0, 'spread': 0.75, 'liquidity': 20, 'momentum': 50.33, 'stability': 99.72, 'currency': 49.95}",CALCULATED,2025-09-08T07:37:35.293306+00:00,,Q3
100000095,US Treasury,Treasury,AAA,2.0,1.7,9.208418826173723,100963992681.9115,54.33,LIN-BB,4.83,6.25,33.25,10.0,"{'duration': 17.0, 'spread': 1.84, 'liquidity': 20, 'momentum': 50.5, 'stability': 99.59, 'currency': 49.94}",CALCULATED,2025-09-08T07:37:35.293362+00:00,,Q1 (Lowest)
100000096,US Treasury,Treasury,AAA,10.0,8.5,6.03721531730139,28947009723.137962,64.43,LIN-BB+,14.93,6.25,33.25,10.0,"{'duration': 85.0, 'spread': 1.21, 'liquidity': 20, 'momentum': 50.6, 'stability': 99.49, 'currency': 49.98}",CALCULATED,2025-09-08T07:37:35.293418+00:00,,Q3
100000097,US Treasury,Treasury,AAA,5.0,4.25,7.3750124810974835,55448276454.27516,58.1,LIN-BB+,8.6,6.25,33.25,10.0,"{'duration': 42.5, 'spread': 1.48, 'liquidity': 20, 'momentum': 50.09, 'stability': 99.92, 'currency': 49.98}",CALCULATED,2025-09-08T07:37:35.293473+00:00,,Q1 (Lowest)
100000098,US Treasury,Treasury,AAA,2.0,1.7,3.114731711327574,81315494731.80054,54.14,LIN-BB,4.64,6.25,33.25,10.0,"{'duration': 17.0, 'spread': 0.62, 'liquidity': 20, 'momentum': 50.22, 'stability': 99.82, 'currency': 49.93}",CALCULATED,2025-09-08T07:37:35.293530+00:00,,Q1 (Lowest)
100000099,US Treasury,Treasury,AAA,5.0,4.25,9.610703174694551,30618715820.482845,58.17,LIN-BB+,8.66,6.25,33.25,10.0,"{'duration': 42.5, 'spread': 1.92, 'liquidity': 20, 'momentum': 50.36, 'stability': 99.7, 'currency': 50.0}",CALCULATED,2025-09-08T07:37:35.293586+00:00,,Q1 (Lowest)
100000100,US Treasury,Treasury,AAA,5.0,4.25,4.267889053367494,84647098900.70386,57.99,LIN-BB+,8.5,6.25,33.25,9.99,"{'duration': 42.5, 'spread': 0.85, 'liquidity': 20, 'momentum': 50.31, 'stability': 99.74, 'currency': 49.79}",CALCULATED,2025-09-08T07:37:35.293641+00:00,,Q1 (Lowest)
100000101,US Treasury,Treasury,AAA,7.0,5.95,5.648411332626164,24934697112.679527,60.59,LIN-BB+,11.09,6.25,33.25,9.99,"{'duration': 59.5, 'spread': 1.13, 'liquidity': 20, 'momentum': 50.7, 'stability': 99.42, 'currency': 49.73}",CALCULATED,2025-09-08T07:37:35.293708+00:00,,Q1 (Lowest)
100000102,US Treasury,Treasury,AAA,10.0,8.5,1.0298147933131552,49300368955.05483,64.28,LIN-BB+,14.78,6.25,33.25,10.0,"{'duration': 85.0, 'spread': 0.21, 'liquidity': 20, 'momentum': 50.42, 'stability': 99.65, 'currency': 49.98}",CALCULATED,2025-09-08T07:37:35.293764+00:00,,Q3
100000103,US Treasury,Treasury,AAA,10.0,8.5,4.087341710980964,22565506067.373394,64.37,LIN-BB+,14.87,6.25,33.25,10.0,"{'duration': 85.0, 'spread': 0.82, 'liquidity': 20, 'momentum': 50.24, 'stability': 99.8, 'currency': 49.99}",CALCULATED,2025-09-08T07:37:35.293819+00:00,,Q3
100000104,US Treasury,Treasury,AAA,10.0,8.5,0.19710537754364155,28371156407.986534,64.26,LIN-BB+,14.76,6.25,33.25,10.0,"{'duration': 85.0, 'spread': 0.04, 'liquidity': 20, 'momentum': 50.29, 'stability': 99.75, 'currency': 49.95}",CALCULATED,2025-09-08T07:37:35.293877+00:00,,Q3
100000105,US Treasury,Treasury,AAA,10.0,8.5,8.053149673579052,105290981840.41818,64.49,LIN-BB+,14.99,6.25,33.25,10.0,"{'duration': 85.0, 'spread': 1.61, 'liquidity': 20, 'momentum': 50.48, 'stability': 99.6, 'currency': 49.97}",CALCULATED,2025-09-08T07:37:35.293934+00:00,,Q3
100000106,US Treasury,Treasury,AAA,2.0,1.7,0.8550853085446808,34693984314.00736,54.07,LIN-BB,4.58,6.25,33.25,9.99,"{'duration': 17.0, 'spread': 0.17, 'liquidity': 20, 'momentum': 50.07, 'stability': 99.95, 'currency': 49.82}",CALCULATED,2025-09-08T07:37:35.293990+00:00,,Q1 (Lowest)
100000107,US Treasury,Treasury,AAA,10.0,8.5,3.358658571498351,84592321830.77934,64.35,LIN-BB+,14.85,6.25,33.25,10.0,"{'duration': 85.0, 'spread': 0.67, 'liquidity': 20, 'momentum': 50.38, 'stability': 99.68, 'currency': 49.95}",CALCULATED,2025-09-08T07:37:35.294045+00:00,,Q3
100000108,US Treasury,Treasury,AAA,7.0,5.95,2.9446575954191765,100745278069.57101,60.51,LIN-BB+,11.01,6.25,33.25,10.0,"{'duration': 59.5, 'spread': 0.59, 'liquidity': 20, 'momentum': 50.29, 'stability': 99.76, 'currency': 49.96}",CALCULATED,2025-09-08T07:37:35.294101+00:00,,Q1 (Lowest)
100000109,US Treasury,Treasury,AAA,20.0,17.0,7.998552559473152,59838067724.40286,66.74,LIN-BBB-,17.24,6.25,33.25,10.0,"{'duration': 100.0, 'spread': 1.6, 'liquidity': 20, 'momentum': 50.53, 'stability': 99.56, 'currency': 49.94}",CALCULATED,2025-09-08T07:37:35.294156+00:00,,Q4
100000110,US Treasury,Treasury,AAA,2.0,1.7,9.005723012363857,73723487155.90538,54.32,LIN-BB,4.82,6.25,33.25,10.0,"{'duration': 17.0, 'spread': 1.8, 'liquidity': 20, 'momentum': 50.58, 'stability': 99.51, 'currency': 49.95}",CALCULATED,2025-09-08T07:37:35.294225+00:00,,Q1 (Lowest)
100000111,US Treasury,Treasury,AAA,7.0,5.95,2.74055220687206,67644737500.07309,60.51,LIN-BB+,11.01,6.25,33.25,10.0,"{'duration': 59.5, 'spread': 0.55, 'liquidity': 20, 'momentum': 50.49, 'stability': 99.59, 'currency': 49.97}",CALCULATED,2025-09-08T07:37:35.294293+00:00,,Q1 (Lowest)
100000112,US Treasury,Treasury,AAA,7.0,5.95,5.732943781794006,91325648663.39825,60.6,LIN-BB+,11.1,6.25,33.25,10.0,"{'duration': 59.5, 'spread': 1.15, 'liquidity': 20, 'momentum': 50.68, 'stability': 99.43, 'currency': 49.95}",CALCULATED,2025-09-08T07:37:35.294352+00:00,,Q2
100000113,US Treasury,Treasury,AAA,5.0,4.25,7.380336164263705,24714474432.45439,58.09,LIN-BB+,8.6,6.25,33.25,10.0,"{'duration': 42.5, 'spread': 1.48, 'liquidity': 20, 'momentum': 50.51, 'stability': 99.57, 'currency': 49.85}",CALCULATED,2025-09-08T07:37:35.294425+00:00,,Q1 (Lowest)
100000114,US Treasury,Treasury,AAA,10.0,8.5,6.104046670079576,92114250258.20686,64.44,LIN-BB+,14.93,6.25,33.25,10.0,"{'duration': 85.0, 'spread': 1.22, 'liquidity': 20, 'momentum': 50.5, 'stability': 99.58, 'currency': 49.99}",CALCULATED,2025-09-08T07:37:35.294499+00:00,,Q3
100000115,US Treasury,Treasury,AAA,5.0,4.25,5.398427789081934,33350050931.04716,58.04,LIN-BB+,8.54,6.25,33.25,10.0,"{'duration': 42.5, 'spread': 1.08, 'liquidity': 20, 'momentum': 50.44, 'stability': 99.63, 'currency': 49.95}",CALCULATED,2025-09-08T07:37:35.294558+00:00,,Q1 (Lowest)
100000116,US Treasury,Treasury,AAA,7.0,5.95,7.049255496889531,75661921024.5449,60.64,LIN-BB+,11.14,6.25,33.25,10.0,"{'duration': 59.5, 'spread': 1.41, 'liquidity': 20, 'momentum': 50.23, 'stability': 99.8, 'currency': 49.99}",CALCULATED,2025-09-08T07:37:35.294616+00:00,,Q2
100000117,US Treasury,Treasury,AAA,10.0,8.5,2.7214513722996267,64774601532.932434,64.33,LIN-BB+,14.83,6.25,33.25,10.0,"{'duration': 85.0, 'spread': 0.54, 'liquidity': 20, 'momentum': 50.35, 'stability': 99.71, 'currency': 49.99}",CALCULATED,2025-09-08T07:37:35.294673+00:00,,Q3
100000118,US Treasury,Treasury,AAA,30.0,25.5,7.583924139456815,73322935145.18814,66.73,LIN-BBB-,17.23,6.25,33.25,10.0,"{'duration': 100.0, 'spread': 1.52, 'liquidity': 20, 'momentum': 50.55, 'stability': 99.54, 'currency': 49.91}",CALCULATED,2025-09-08T07:37:35.294730+00:00,,Q4
100000119,US Treasury,Treasury,AAA,30.0,25.5,6.4666491911716335,76000822423.89102,66.7,LIN-BBB-,17.19,6.25,33.25,10.0,"{'duration': 100.0, 'spread': 1.29, 'liquidity': 20, 'momentum': 50.32, 'stability': 99.74, 'currency': 49.99}",CALCULATED,2025-09-08T07:37:35.294787+00:00,,Q4
100000120,US Treasury,Treasury,AAA,7.0,5.95,9.154882975880419,22108707769.16111,60.7,LIN-BB+,11.2,6.25,33.25,10.0,"{'duration': 59.5, 'spread': 1.83, 'liquidity': 20, 'momentum': 50.17, 'stability': 99.85, 'currency': 49.89}",CALCULATED,2025-09-08T07:37:35.294845+00:00,,Q2
100000121,US Treasury,Treasury,AAA,7.0,5.95,7.953418379590974,79338978811.234,60.65,LIN-BB+,11.16,6.25,33.25,9.99,"{'duration': 59.5, 'spread': 1.59, 'liquidity': 20, 'momentum': 50.26, 'stability': 99.78, 'currency': 49.78}",CALCULATED,2025-09-08T07:37:35.294903+00:00,,Q2
100000122,US Treasury,Treasury,AAA,7.0,5.95,4.810618838440864,92343773328.8741,60.55,LIN-BB+,11.07,6.25,33.25,9.98,"{'duration': 59.5, 'spread': 0.96, 'liquidity': 20, 'momentum': 49.89, 'stability': 99.91, 'currency': 49.87}",CALCULATED,2025-09-08T07:37:35.294960+00:00,,Q1 (Lowest)
100000123,US Treasury,Treasury,AAA,5.0,4.25,5.394912923753372,87553311246.06749,58.04,LIN-BB+,8.54,6.25,33.25,10.0,"{'duration': 42.5, 'spread': 1.08, 'liquidity': 20, 'momentum': 50.1, 'stability': 99.92, 'currency': 49.97}",CALCULATED,2025-09-08T07:37:35.295017+00:00,,Q1 (Lowest)
100000124,US Treasury,Treasury,AAA,7.0,5.95,9.903413133417772,20909477914.845375,60.72,LIN-BB+,11.22,6.25,33.25,10.0,"{'duration': 59.5, 'spread': 1.98, 'liquidity': 20, 'momentum': 50.3, 'stability': 99.75, 'currency': 49.88}",CALCULATED,2025-09-08T07:37:35.295076+00:00,,Q2
100000125,US Treasury,Treasury,AAA,30.0,25.5,3.5071181545171015,79300578487.06708,66.59,LIN-BBB-,17.11,6.25,33.25,9.99,"{'duration': 100.0, 'spread': 0.7, 'liquidity': 20, 'momentum': 49.9, 'stability': 99.92, 'currency': 49.91}",CALCULATED,2025-09-08T07:37:35.295132+00:00,,Q4
100000126,US Treasury,Treasury,AAA,2.0,1.7,3.3637046382842204,62771392891.980934,54.15,LIN-BB,4.65,6.25,33.25,10.0,"{'duration': 17.0, 'spread': 0.67, 'liquidity': 20, 'momentum': 50.02, 'stability': 99.98, 'currency': 49.97}",CALCULATED,2025-09-08T07:37:35.295187+00:00,,Q1 (Lowest)
100000127,US Treasury,Treasury,AAA,5.0,4.25,0.42093189636361883,21392750069.632774,57.88,LIN-BB+,8.39,6.25,33.25,10.0,"{'duration': 42.5, 'spread': 0.08, 'liquidity': 20, 'momentum': 50.45, 'stability': 99.63, 'currency': 49.84}",CALCULATED,2025-09-08T07:37:35.295246+00:00,,Q1 (Lowest)
100000128,US Treasury,Treasury,AAA,10.0,8.5,2.5898265160181366,63735642306.36347,64.33,LIN-BB+,14.83,6.25,33.25,10.0,"{'duration': 85.0, 'spread': 0.52, 'liquidity': 20, 'momentum': 50.56, 'stability': 99.53, 'currency': 49.98}",CALCULATED,2025-09-08T07:37:35.295305+00:00,,Q3
100000129,US Treasury,Treasury,AAA,30.0,25.5,2.3167170138344337,100986704849.49432,66.57,LIN-BBB-,17.07,6.25,33.25,10.0,"{'duration': 100.0, 'spread': 0.46, 'liquidity': 20, 'momentum': 50.72, 'stability': 99.39, 'currency': 49.84}",CALCULATED,2025-09-08T07:37:35.295362+00:00,,Q4
100000130,US Treasury,Treasury,AAA,2.0,1.7,9.572702629833255,86414853116.37239,54.34,LIN-BB,4.84,6.25,33.25,10.0,"{'duration': 17.0, 'spread': 1.91, 'liquidity': 20, 'momentum': 50.49, 'stability': 99.59, 'currency': 49.88}",CALCULATED,2025-09-08T07:37:35.295418+00:00,,Q1 (Lowest)
100000131,US Treasury,Treasury,AAA,30.0,25.5,9.949078226464353,36320199946.43498,66.8,LIN-BBB-,17.3,6.25,33.25,10.0,"{'duration': 100.0, 'spread': 1.99, 'liquidity': 20, 'momentum': 50.28, 'stability': 99.77, 'currency': 49.92}",CALCULATED,2025-09-08T07:37:35.295474+00:00,,Q4
100000132,US Treasury,Treasury,AAA,10.0,8.5,7.4787160409222855,23326372290.73291,64.46,LIN-BB+,14.97,6.25,33.25,9.99,"{'duration': 85.0, 'spread': 1.5, 'liquidity': 20, 'momentum': 49.94, 'stability': 99.95, 'currency': 49.91}",CALCULATED,2025-09-08T07:37:35.295532+00:00,,Q3
100000133,US Treasury,Treasury,AAA,20.0,17.0,9.556514982297534,91387970829.92014,66.79,LIN-BBB-,17.29,6.25,33.25,10.0,"{'duration': 100.0, 'spread': 1.91, 'liquidity': 20, 'momentum': 50.61, 'stability': 99.49, 'currency': 49.91}",CALCULATED,2025-09-08T07:37:35.295589+00:00,,Q4
100000134,US Treasury,Treasury,AAA,2.0,1.7,6.957142928497502,24027859284.472687,54.26,LIN-BB,4.76,6.25,33.25,10.0,"{'duration': 17.0, 'spread': 1.39, 'liquidity': 20, 'momentum': 50.5, 'stability': 99.58, 'currency': 50.0}",CALCULATED,2025-09-08T07:37:35.295647+00:00,,Q1 (Lowest)
100000135,US Treasury,Treasury,AAA,2.0,1.7,8.512069140487688,67143461845.672844,54.31,LIN-BB,4.81,6.25,33.25,10.0,"{'duration': 17.0, 'spread': 1.7, 'liquidity': 20, 'momentum': 50.29, 'stability': 99.76, 'currency': 49.95}",CALCULATED,2025-09-08T07:37:35.295702+00:00,,Q1 (Lowest)
100000136,FNMA,MBS,AAA,19.005424052541322,6.514519945420632,69.8713010803464,7287662896.112389,66.19,LIN-BBB-,14.19,8.75,33.25,10.0,"{'duration': 65.15, 'spread': 13.97, 'liquidity': 23.19, 'momentum': 50.49, 'stability': 99.59, 'currency': 49.95}",CALCULATED,2025-09-08T07:37:35.295762+00:00,,Q4
100000137,GNMA,MBS,AAA,25.484861070593816,3.7568861591400236,74.08185663851751,10153832527.82324,61.89,LIN-BB+,9.89,8.75,33.25,10.0,"{'duration': 37.57, 'spread': 14.82, 'liquidity': 20.31, 'momentum': 50.31, 'stability': 99.74, 'currency': 49.98}",CALCULATED,2025-09-08T07:37:35.295820+00:00,,Q2
100000138,FHLMC,MBS,AAA,26.349537056774018,4.034753322791632,39.656643229364654,1743490295.845652,62.75,LIN-BB+,10.75,8.75,33.25,9.99,"{'duration': 40.35, 'spread': 7.93, 'liquidity': 35.11, 'momentum': 50.49, 'stability': 99.59, 'currency': 49.81}",CALCULATED,2025-09-08T07:37:35.295876+00:00,,Q2
100000139,FNMA,MBS,AAA,26.697680927267154,3.4279225553078336,68.05139512510141,5843423302.415453,61.65,LIN-BB+,9.65,8.75,33.25,10.0,"{'duration': 34.28, 'spread': 13.61, 'liquidity': 24.63, 'momentum': 50.39, 'stability': 99.68, 'currency': 49.94}",CALCULATED,2025-09-08T07:37:35.295934+00:00,,Q2
100000140,FHLMC,MBS,AAA,29.20946832384507,3.6655103477290893,68.54921462660678,7445980197.793899,61.82,LIN-BB+,9.82,8.75,33.25,10.0,"{'duration': 36.66, 'spread': 13.71, 'liquidity': 22.64, 'momentum': 50.19, 'stability': 99.84, 'currency': 50.0}",CALCULATED,2025-09-08T07:37:35.295990+00:00,,Q2
100000141,FHLMC,MBS,AAA,29.852225591259703,5.704209028747018,52.29791535051608,6246032323.1318,64.46,LIN-BB+,12.46,8.75,33.25,10.0,"{'duration': 57.04, 'spread': 10.46, 'liquidity': 23.31, 'momentum': 50.62, 'stability': 99.48, 'currency': 49.89}",CALCULATED,2025-09-08T07:37:35.296045+00:00,,Q3
100000142,FHLMC,MBS,AAA,17.384074249151347,4.874157667074337,77.21518174789149,1875879595.8694422,65.06,LIN-BBB-,13.06,8.75,33.25,10.0,"{'duration': 48.74, 'spread': 15.44, 'liquidity': 34.34, 'momentum': 50.34, 'stability': 99.72, 'currency': 49.88}",CALCULATED,2025-09-08T07:37:35.296100+00:00,,Q3
100000143,FHLMC,MBS,AAA,26.592341700252067,3.9202147321257357,36.566756320468905,9002327646.393974,61.09,LIN-BB+,9.09,8.75,33.25,10.0,"{'duration': 39.2, 'spread': 7.31, 'liquidity': 21.1, 'momentum': 50.41, 'stability': 99.66, 'currency': 49.97}",CALCULATED,2025-09-08T07:37:35.296155+00:00,,Q2
100000144,FHLMC,MBS,AAA,18.449319088366295,3.852418816100333,31.556704144225566,7396767691.843841,61.05,LIN-BB+,9.05,8.75,33.25,10.0,"{'duration': 38.52, 'spread': 6.31, 'liquidity': 23.27, 'momentum': 50.56, 'stability': 99.53, 'currency': 49.97}",CALCULATED,2025-09-08T07:37:35.296212+00:00,,Q2
100000145,FHLMC,MBS,AAA,18.055518739144112,3.3646579616247667,37.682901908055634,4989149493.936312,60.76,LIN-BB+,8.77,8.75,33.25,10.0,"{'duration': 33.65, 'spread': 7.54, 'liquidity': 25.88, 'momentum': 50.37, 'stability': 99.69, 'currency': 49.94}",CALCULATED,2025-09-08T07:37:35.296267+00:00,,Q2
100000146,GNMA,MBS,AAA,17.781883120149814,4.848389163062643,30.061591758321295,6684151468.005072,62.56,LIN-BB+,10.56,8.75,33.25,10.0,"{'duration': 48.48, 'spread': 6.01, 'liquidity': 23.9, 'momentum': 50.08, 'stability': 99.93, 'currency': 49.94}",CALCULATED,2025-09-08T07:37:35.296323+00:00,,Q2
100000147,GNMA,MBS,AAA,24.77279200203397,4.303701855808299,59.51319694428112,5380035808.700853,62.86,LIN-BB+,10.86,8.75,33.25,10.0,"{'duration': 43.04, 'spread': 11.9, 'liquidity': 26.2, 'momentum': 50.26, 'stability': 99.78, 'currency': 49.97}",CALCULATED,2025-09-08T07:37:35.296408+00:00,,Q2
100000148,FNMA,MBS,AAA,26.355889014168348,6.810594552154868,75.39093264923201,7491394361.700176,66.72,LIN-BBB-,14.73,8.75,33.25,10.0,"{'duration': 68.11, 'spread': 15.08, 'liquidity': 22.48, 'momentum': 50.2, 'stability': 99.83, 'currency': 49.96}",CALCULATED,2025-09-08T07:37:35.296468+00:00,,Q4
100000149,GNMA,MBS,AAA,22.483322301770343,5.472622937272476,65.12324852720519,5772328453.002478,64.6,LIN-BB+,12.6,8.75,33.25,10.0,"{'duration': 54.73, 'spread': 13.02, 'liquidity': 24.38, 'momentum': 50.34, 'stability': 99.71, 'currency': 49.97}",CALCULATED,2025-09-08T07:37:35.296526+00:00,,Q3
100000150,GNMA,MBS,AAA,16.990736310645904,5.270163393046232,64.47324845686329,8169940787.526417,64.01,LIN-BB+,12.01,8.75,33.25,10.0,"{'duration': 52.7, 'spread': 12.89, 'liquidity': 21.72, 'momentum': 50.24, 'stability': 99.8, 'currency': 49.96}",CALCULATED,2025-09-08T07:37:35.296582+00:00,,Q3
100000151,FNMA,MBS,AAA,25.597135897303517,3.126344579302568,76.81061231218449,1600717478.9210052,62.66,LIN-BB+,10.66,8.75,33.25,10.0,"{'duration': 31.26, 'spread': 15.36, 'liquidity': 36.67, 'momentum': 50.39, 'stability': 99.67, 'currency': 49.96}",CALCULATED,2025-09-08T07:37:35.296642+00:00,,Q2
100000152,GNMA,MBS,AAA,27.222376706197686,3.3204593855387006,74.74083280302638,6130322998.248493,61.67,LIN-BB+,9.68,8.75,33.25,10.0,"{'duration': 33.2, 'spread': 14.95, 'liquidity': 24.54, 'momentum': 50.29, 'stability': 99.76, 'currency': 49.87}",CALCULATED,2025-09-08T07:37:35.296707+00:00,,Q2
100000153,FHLMC,MBS,AAA,21.579108247343076,5.899306239496234,59.66393241550894,7664192732.68011,64.97,LIN-BB+,12.97,8.75,33.25,10.0,"{'duration': 58.99, 'spread': 11.93, 'liquidity': 23.28, 'momentum': 50.26, 'stability': 99.79, 'currency': 49.96}",CALCULATED,2025-09-08T07:37:35.296766+00:00,,Q3
100000154,GNMA,MBS,AAA,21.504830009345834,3.1746466308294448,38.08362720734013,1067391830.6932185,61.75,LIN-BB+,9.76,8.75,33.25,9.99,"{'duration': 31.75, 'spread': 7.62, 'liquidity': 38.51, 'momentum': 50.1, 'stability': 99.92, 'currency': 49.88}",CALCULATED,2025-09-08T07:37:35.296823+00:00,,Q2
100000155,GNMA,MBS,AAA,16.2228973432864,4.613045444495327,41.028056246116165,4880513798.261729,62.79,LIN-BB+,10.79,8.75,33.25,10.0,"{'duration': 46.13, 'spread': 8.21, 'liquidity': 26.44, 'momentum': 50.27, 'stability': 99.77, 'currency': 49.89}",CALCULATED,2025-09-08T07:37:35.296925+00:00,,Q2
100000156,FHLMC,MBS,AAA,29.814743456040866,3.16043676564993,73.35157480612243,6122795973.831886,61.36,LIN-BB+,9.36,8.75,33.25,10.0,"{'duration': 31.6, 'spread': 14.67, 'liquidity': 24.14, 'momentum': 50.66, 'stability': 99.44, 'currency': 49.95}",CALCULATED,2025-09-08T07:37:35.296989+00:00,,Q2
100000157,GNMA,MBS,AAA,28.51052796016888,4.686883707493822,43.841389861752575,6798563097.430225,62.74,LIN-BB+,10.74,8.75,33.25,10.0,"{'duration': 46.87, 'spread': 8.77, 'liquidity': 23.97, 'momentum': 50.63, 'stability': 99.47, 'currency': 49.94}",CALCULATED,2025-09-08T07:37:35.297048+00:00,,Q2
100000158,GNMA,MBS,AAA,24.48810799839459,4.491394548755737,55.63076026029026,4810636387.756556,63.06,LIN-BB+,11.06,8.75,33.25,10.0,"{'duration': 44.91, 'spread': 11.13, 'liquidity': 26.53, 'momentum': 50.32, 'stability': 99.73, 'currency': 49.93}",CALCULATED,2025-09-08T07:37:35.297105+00:00,,Q2
100000159,GNMA,MBS,AAA,23.89377599747673,5.3176595973740035,63.13106395041602,1734296795.795381,65.33,LIN-BBB-,13.33,8.75,33.25,10.0,"{'duration': 53.18, 'spread': 12.63, 'liquidity': 34.62, 'momentum': 50.55, 'stability': 99.54, 'currency': 49.9}",CALCULATED,2025-09-08T07:37:35.297162+00:00,,Q3
100000160,FNMA,MBS,AAA,18.55541785662504,3.9386961530462044,74.18548348303763,4904725355.828877,62.73,LIN-BB+,10.74,8.75,33.25,9.99,"{'duration': 39.39, 'spread': 14.84, 'liquidity': 26.06, 'momentum': 50.21, 'stability': 99.83, 'currency': 49.8}",CALCULATED,2025-09-08T07:37:35.297218+00:00,,Q2
100000161,FNMA,MBS,AAA,21.741507528206064,5.351537484441548,77.42916774257168,3060593728.1952744,65.31,LIN-BBB-,13.32,8.75,33.25,9.99,"{'duration': 53.52, 'spread': 15.49, 'liquidity': 29.7, 'momentum': 50.02, 'stability': 99.98, 'currency': 49.84}",CALCULATED,2025-09-08T07:37:35.297275+00:00,,Q3
100000162,FNMA,MBS,AAA,25.580783911683053,4.785474586050342,73.21080888370844,6386372038.957205,63.82,LIN-BB+,11.81,8.75,33.25,10.0,"{'duration': 47.85, 'spread': 14.64, 'liquidity': 24.4, 'momentum': 50.22, 'stability': 99.81, 'currency': 50.0}",CALCULATED,2025-09-08T07:37:35.297335+00:00,,Q3
100000163,GNMA,MBS,AAA,18.4669636864147,3.206787348966108,62.00014834184569,3051164252.0900617,61.71,LIN-BB+,9.71,8.75,33.25,10.0,"{'duration': 32.07, 'spread': 12.4, 'liquidity': 30.39, 'momentum': 50.16, 'stability': 99.87, 'currency': 49.91}",CALCULATED,2025-09-08T07:37:35.297392+00:00,,Q2
100000164,GNMA,MBS,AAA,15.260696852782194,4.292522628281114,78.65488740351732,6723654773.136386,63.21,LIN-BB+,11.21,8.75,33.25,9.99,"{'duration': 42.93, 'spread': 15.73, 'liquidity': 24.12, 'momentum': 50.35, 'stability': 99.71, 'currency': 49.83}",CALCULATED,2025-09-08T07:37:35.297450+00:00,,Q3
100000165,GNMA,MBS,AAA,15.449603848090169,4.231719766364764,65.23403813683234,2855631423.9271836,63.4,LIN-BB+,11.41,8.75,33.25,10.0,"{'duration': 42.32, 'spread': 13.05, 'liquidity': 31.01, 'momentum': 50.2, 'stability': 99.83, 'currency': 49.89}",CALCULATED,2025-09-08T07:37:35.297507+00:00,,Q3
100000166,FNMA,MBS,AAA,27.571729344721653,6.778456877896093,64.16240141448229,5429692086.865535,66.62,LIN-BBB-,14.62,8.75,33.25,10.0,"{'duration': 67.78, 'spread': 12.83, 'liquidity': 25.23, 'momentum': 50.53, 'stability': 99.56, 'currency': 49.97}",CALCULATED,2025-09-08T07:37:35.297561+00:00,,Q4
100000167,GNMA,MBS,AAA,28.964230432604666,5.758107004126245,63.82566928886233,2780847545.7779317,65.62,LIN-BBB-,13.61,8.75,33.25,10.0,"{'duration': 57.58, 'spread': 12.77, 'liquidity': 30.63, 'momentum': 50.66, 'stability': 99.44, 'currency': 49.92}",CALCULATED,2025-09-08T07:37:35.297616+00:00,,Q4
100000168,FHLMC,MBS,AAA,19.771673304271793,6.465754670110582,79.66684686793143,7887117401.830024,66.31,LIN-BBB-,14.31,8.75,33.25,10.0,"{'duration': 64.66, 'spread': 15.93, 'liquidity': 22.19, 'momentum': 50.27, 'stability': 99.78, 'currency': 49.95}",CALCULATED,2025-09-08T07:37:35.297671+00:00,,Q4
100000169,FNMA,MBS,AAA,26.477862968336773,6.702699323522847,51.90861732059938,8946443259.560553,65.69,LIN-BBB-,13.69,8.75,33.25,10.0,"{'duration': 67.03, 'spread': 10.38, 'liquidity': 20.81, 'momentum': 50.5, 'stability': 99.58, 'currency': 49.97}",CALCULATED,2025-09-08T07:37:35.297726+00:00,,Q4
100000170,FNMA,MBS,AAA,19.925718418276215,5.520834993316576,60.49159027493472,6358767067.442705,64.52,LIN-BB+,12.53,8.75,33.25,9.99,"{'duration': 55.21, 'spread': 12.1, 'liquidity': 24.33, 'momentum': 50.51, 'stability': 99.57, 'currency': 49.78}",CALCULATED,2025-09-08T07:37:35.297781+00:00,,Q3
100000171,GNMA,MBS,AAA,18.409044408947274,3.2927836950737746,60.17242966906889,6772583779.146247,61.05,LIN-BB+,9.05,8.75,33.25,10.0,"{'duration': 32.93, 'spread': 12.03, 'liquidity': 23.08, 'momentum': 50.79, 'stability': 99.34, 'currency': 49.9}",CALCULATED,2025-09-08T07:37:35.297839+00:00,,Q2
100000172,FNMA,MBS,AAA,27.206494324793795,3.4356733673869257,37.449592798509734,5646393834.7502575,60.75,LIN-BB+,8.76,8.75,33.25,9.99,"{'duration': 34.36, 'spread': 7.49, 'liquidity': 24.82, 'momentum': 50.33, 'stability': 99.72, 'currency': 49.84}",CALCULATED,2025-09-08T07:37:35.297895+00:00,,Q2
100000173,FHLMC,MBS,AAA,26.20313574203734,5.861963628397097,56.06170662426672,8786595340.792149,64.62,LIN-BB+,12.63,8.75,33.25,10.0,"{'duration': 58.62, 'spread': 11.21, 'liquidity': 21.51, 'momentum': 50.31, 'stability': 99.74, 'currency': 49.88}",CALCULATED,2025-09-08T07:37:35.297952+00:00,,Q3
100000174,FHLMC,MBS,AAA,17.918374847779514,3.6653264309725686,60.867587870648705,6144615370.24458,61.81,LIN-BB+,9.81,8.75,33.25,10.0,"{'duration': 36.65, 'spread': 12.17, 'liquidity': 24.87, 'momentum': 50.44, 'stability': 99.63, 'currency': 49.98}",CALCULATED,2025-09-08T07:37:35.298012+00:00,,Q2
100000175,FHLMC,MBS,AAA,25.742260113347903,4.090496002934135,50.67745507626758,2154647110.6506066,63.01,LIN-BB+,11.01,8.75,33.25,10.0,"{'duration': 40.9, 'spread': 10.14, 'liquidity': 33.57, 'momentum': 50.16, 'stability': 99.87, 'currency': 49.99}",CALCULATED,2025-09-08T07:37:35.298067+00:00,,Q2
100000176,FHLMC,MBS,AAA,17.778426698211145,6.671009956685509,51.226371259818094,1664398900.7285917,67.04,LIN-BBB-,15.04,8.75,33.25,10.0,"{'duration': 66.71, 'spread': 10.25, 'liquidity': 34.98, 'momentum': 50.26, 'stability': 99.79, 'currency': 49.88}",CALCULATED,2025-09-08T07:37:35.298123+00:00,,Q4
100000177,GNMA,MBS,AAA,15.038760222674735,5.55194082317319,55.758758516686584,6525535598.834607,64.4,LIN-BB+,12.4,8.75,33.25,10.0,"{'duration': 55.52, 'spread': 11.15, 'liquidity': 23.96, 'momentum': 50.58, 'stability': 99.52, 'currency': 49.95}",CALCULATED,2025-09-08T07:37:35.298179+00:00,,Q3
100000178,FHLMC,MBS,AAA,18.834674967139083,4.20824200733918,66.59790337928172,8192282917.311597,62.44,LIN-BB+,10.44,8.75,33.25,10.0,"{'duration': 42.08, 'spread': 13.32, 'liquidity': 21.25, 'momentum': 50.54, 'stability': 99.55, 'currency': 49.94}",CALCULATED,2025-09-08T07:37:35.298235+00:00,,Q2
100000179,FNMA,MBS,AAA,21.35917219369953,3.6119352033142507,41.761779240099244,9912159382.065903,60.77,LIN-BB+,8.78,8.75,33.25,10.0,"{'duration': 36.12, 'spread': 8.35, 'liquidity': 21.09, 'momentum': 49.98, 'stability': 99.98, 'currency': 49.95}",CALCULATED,2025-09-08T07:37:35.298320+00:00,,Q2
100000180,GNMA,MBS,AAA,18.47920644173963,4.563623983622058,59.72381675930865,5214376663.971167,63.15,LIN-BB+,11.16,8.75,33.25,9.99,"{'duration': 45.64, 'spread': 11.94, 'liquidity': 25.24, 'momentum': 50.18, 'stability': 99.85, 'currency': 49.84}",CALCULATED,2025-09-08T07:37:35.298384+00:00,,Q2
100000181,FNMA,MBS,AAA,25.386542269865544,6.965023974808753,36.41971447270626,1992092481.4125366,66.97,LIN-BBB-,14.97,8.75,33.25,10.0,"{'duration': 69.65, 'spread': 7.28, 'liquidity': 34.26, 'momentum': 50.69, 'stability': 99.42, 'currency': 49.96}",CALCULATED,2025-09-08T07:37:35.298442+00:00,,Q4
100000182,GNMA,MBS,AAA,21.01781871058474,4.467824316819202,47.1780237387852,6487684674.075379,62.49,LIN-BB+,10.48,8.75,33.25,10.0,"{'duration': 44.68, 'spread': 9.44, 'liquidity': 23.67, 'momentum': 50.6, 'stability': 99.5, 'currency': 49.98}",CALCULATED,2025-09-08T07:37:35.298499+00:00,,Q2
100000183,GNMA,MBS,AAA,24.60252335742249,4.08458974600074,59.640599582671136,7033415650.40807,62.2,LIN-BB+,10.21,8.75,33.25,9.99,"{'duration': 40.85, 'spread': 11.93, 'liquidity': 22.95, 'momentum': 50.03, 'stability': 99.97, 'currency': 49.85}",CALCULATED,2025-09-08T07:37:35.298556+00:00,,Q2
100000184,FHLMC,MBS,AAA,20.003543242083005,5.3219000268666985,34.438369705388425,9013106876.318945,63.05,LIN-BB+,11.05,8.75,33.25,10.0,"{'duration': 53.22, 'spread': 6.89, 'liquidity': 20.3, 'momentum': 50.63, 'stability': 99.47, 'currency': 49.93}",CALCULATED,2025-09-08T07:37:35.298617+00:00,,Q2
100000185,FHLMC,MBS,AAA,21.340336700942842,6.287225775604347,30.061833987970473,3703966793.5699625,65.19,LIN-BBB-,13.19,8.75,33.25,10.0,"{'duration': 62.87, 'spread': 6.01, 'liquidity': 28.62, 'momentum': 50.45, 'stability': 99.63, 'currency': 49.91}",CALCULATED,2025-09-08T07:37:35.298676+00:00,,Q3
100000186,FNMA,MBS,AAA,26.057703375108645,6.074399219154033,42.18283580319333,6944641625.855463,64.68,LIN-BB+,12.68,8.75,33.25,10.0,"{'duration': 60.74, 'spread': 8.44, 'liquidity': 23.04, 'momentum': 50.31, 'stability': 99.74, 'currency': 49.96}",CALCULATED,2025-09-08T07:37:35.298732+00:00,,Q3
100000187,FNMA,MBS,AAA,27.391014453787925,6.128112350681544,65.43723488714882,1254492813.414864,66.91,LIN-BBB-,14.91,8.75,33.25,10.0,"{'duration': 61.28, 'spread': 13.09, 'liquidity': 37.55, 'momentum': 50.16, 'stability': 99.87, 'currency': 49.93}",CALCULATED,2025-09-08T07:37:35.298788+00:00,,Q4
100000188,FNMA,MBS,AAA,19.582864659870353,4.587926068297134,52.36012702524178,6328843272.269295,62.84,LIN-BB+,10.84,8.75,33.25,10.0,"{'duration': 45.88, 'spread': 10.47, 'liquidity': 23.87, 'momentum': 50.51, 'stability': 99.57, 'currency': 50.0}",CALCULATED,2025-09-08T07:37:35.298857+00:00,,Q2
100000189,FNMA,MBS,AAA,20.865641445872615,5.004611996728039,49.85893887146055,6289926767.080549,63.46,LIN-BB+,11.47,8.75,33.25,10.0,"{'duration': 50.05, 'spread': 9.97, 'liquidity': 24.65, 'momentum': 50.57, 'stability': 99.53, 'currency': 49.82}",CALCULATED,2025-09-08T07:37:35.298923+00:00,,Q3
100000190,FHLMC,MBS,AAA,16.213789245768783,4.611920715060646,38.67622574932543,7348965402.976697,62.36,LIN-BB+,10.36,8.75,33.25,10.0,"{'duration': 46.12, 'spread': 7.74, 'liquidity': 22.79, 'momentum': 50.37, 'stability': 99.69, 'currency': 50.0}",CALCULATED,2025-09-08T07:37:35.298981+00:00,,Q2
100000191,FHLMC,MBS,AAA,16.987870091127725,6.44805792909049,76.13785952566971,5757770367.192713,66.5,LIN-BBB-,14.49,8.75,33.25,10.0,"{'duration': 64.48, 'spread': 15.23, 'liquidity': 25.38, 'momentum': 50.44, 'stability': 99.64, 'currency': 50.0}",CALCULATED,2025-09-08T07:37:35.299042+00:00,,Q4
100000192,FNMA,MBS,AAA,20.51301633437297,3.2726892375419743,31.290595347474348,2071112574.7983704,61.16,LIN-BB+,9.16,8.75,33.25,10.0,"{'duration': 32.73, 'spread': 6.26, 'liquidity': 33.09, 'momentum': 50.38, 'stability': 99.68, 'currency': 49.95}",CALCULATED,2025-09-08T07:37:35.299101+00:00,,Q2
100000193,FNMA,MBS,AAA,29.046737608254908,6.50442077039217,43.88763118746306,7945550716.8925295,65.2,LIN-BBB-,13.2,8.75,33.25,10.0,"{'duration': 65.04, 'spread': 8.78, 'liquidity': 21.25, 'momentum': 50.61, 'stability': 99.49, 'currency': 49.89}",CALCULATED,2025-09-08T07:37:35.299158+00:00,,Q3
100000194,FHLMC,MBS,AAA,22.26902380528297,6.017014177375453,60.97488757037938,3305708561.8266,65.72,LIN-BBB-,13.72,8.75,33.25,10.0,"{'duration': 60.17, 'spread': 12.19, 'liquidity': 28.69, 'momentum': 50.09, 'stability': 99.92, 'currency': 49.97}",CALCULATED,2025-09-08T07:37:35.299216+00:00,,Q4
100000195,FHLMC,MBS,AAA,18.98081113782292,3.711065551404993,64.58090277846597,6144315049.454138,61.87,LIN-BB+,9.87,8.75,33.25,10.0,"{'duration': 37.11, 'spread': 12.92, 'liquidity': 23.66, 'momentum': 50.46, 'stability': 99.61, 'currency': 49.93}",CALCULATED,2025-09-08T07:37:35.299273+00:00,,Q2
100000196,FHLMC,MBS,AAA,21.39125075835557,3.522841506960798,74.33021076202334,4870957679.753613,62.1,LIN-BB+,10.11,8.75,33.25,10.0,"{'duration': 35.23, 'spread': 14.87, 'liquidity': 25.94, 'momentum': 50.22, 'stability': 99.81, 'currency': 49.88}",CALCULATED,2025-09-08T07:37:35.299329+00:00,,Q2
100000197,GNMA,MBS,AAA,26.00421570842103,6.077219574565359,30.55156322143236,4652479676.436078,64.68,LIN-BB+,12.68,8.75,33.25,10.0,"{'duration': 60.77, 'spread': 6.11, 'liquidity': 26.47, 'momentum': 50.37, 'stability': 99.69, 'currency': 49.91}",CALCULATED,2025-09-08T07:37:35.299388+00:00,,Q3
100000198,FNMA,MBS,AAA,18.22802808025856,3.048483098575573,42.06007287997707,9393290503.614172,59.85,LIN-BB+,7.85,8.75,33.25,10.0,"{'duration': 30.48, 'spread': 8.41, 'liquidity': 20.19, 'momentum': 50.16, 'stability': 99.87, 'currency': 50.0}",CALCULATED,2025-09-08T07:37:35.299444+00:00,,Q1 (Lowest)
100000199,FNMA,MBS,AAA,27.665356241094237,3.3923303231369784,54.412056851088906,2487729147.490412,61.97,LIN-BB+,9.98,8.75,33.25,9.99,"{'duration': 33.92, 'spread': 10.88, 'liquidity': 32.58, 'momentum': 50.17, 'stability': 99.86, 'currency': 49.77}",CALCULATED,2025-09-08T07:37:35.299499+00:00,,Q2
100000200,FHLMC,MBS,AAA,26.775248157555854,6.568338755760937,77.76673432519641,7902324991.887506,66.37,LIN-BBB-,14.37,8.75,33.25,10.0,"{'duration': 65.68, 'spread': 15.55, 'liquidity': 21.85, 'momentum': 50.55, 'stability': 99.54, 'currency': 49.89}",CALCULATED,2025-09-08T07:37:35.299554+00:00,,Q4
100000201,FNMA,MBS,AAA,27.61307369138884,3.1537053958493,75.08809960677118,5516750987.856613,61.56,LIN-BB+,9.56,8.75,33.25,10.0,"{'duration': 31.54, 'spread': 15.02, 'liquidity': 25.76, 'momentum': 50.57, 'stability': 99.52, 'currency': 49.97}",CALCULATED,2025-09-08T07:37:35.299616+00:00,,Q2
100000202,GNMA,MBS,AAA,22.776120329178063,3.6006760032681666,66.87168843607428,5834256719.482465,61.91,LIN-BB+,9.91,8.75,33.25,10.0,"{'duration': 36.01, 'spread': 13.37, 'liquidity': 25.02, 'momentum': 50.29, 'stability': 99.76, 'currency': 49.99}",CALCULATED,2025-09-08T07:37:35.299672+00:00,,Q2
100000203,FNMA,MBS,AAA,16.0812650399801,3.2850269110610344,30.605423761744373,9222974508.385786,59.88,LIN-BB+,7.88,8.75,33.25,10.0,"{'duration': 32.85, 'spread': 6.12, 'liquidity': 20.35, 'momentum': 50.63, 'stability': 99.47, 'currency': 49.9}",CALCULATED,2025-09-08T07:37:35.299728+00:00,,Q1 (Lowest)
100000204,GNMA,MBS,AAA,17.77793351801202,3.6964373413363374,34.91978248566986,6481756012.303631,60.91,LIN-BB+,8.91,8.75,33.25,10.0,"{'duration': 36.96, 'spread': 6.98, 'liquidity': 23.17, 'momentum': 50.21, 'stability': 99.83, 'currency': 49.91}",CALCULATED,2025-09-08T07:37:35.299788+00:00,,Q2
100000205,FNMA,MBS,AAA,19.431671662161303,6.076892591352534,61.23317844271319,4365862865.317178,65.65,LIN-BBB-,13.66,8.75,33.25,10.0,"{'duration': 60.77, 'spread': 12.25, 'liquidity': 27.06, 'momentum': 50.29, 'stability': 99.76, 'currency': 49.87}",CALCULATED,2025-09-08T07:37:35.299844+00:00,,Q4
100000206,GNMA,MBS,AAA,15.629268351474543,6.873955110377535,69.93570958272872,3736504212.6808195,67.29,LIN-BBB-,15.29,8.75,33.25,10.0,"{'duration': 68.74, 'spread': 13.99, 'liquidity': 28.79, 'momentum': 50.34, 'stability': 99.71, 'currency': 49.97}",CALCULATED,2025-09-08T07:37:35.299900+00:00,,Q4
100000207,FHLMC,MBS,AAA,16.921436195493,4.353070023977994,76.40418201630249,2863693841.524813,63.84,LIN-BB+,11.86,8.75,33.25,9.98,"{'duration': 43.53, 'spread': 15.28, 'liquidity': 30.4, 'momentum': 49.93, 'stability': 99.94, 'currency': 49.79}",CALCULATED,2025-09-08T07:37:35.299977+00:00,,Q3
100000208,FNMA,MBS,AAA,25.13973413379533,4.984191354719546,30.635744499344675,9383899748.678188,62.4,LIN-BB+,10.4,8.75,33.25,10.0,"{'duration': 49.84, 'spread': 6.13, 'liquidity': 20.06, 'momentum': 50.13, 'stability': 99.89, 'currency': 49.89}",CALCULATED,2025-09-08T07:37:35.300043+00:00,,Q2
100000209,FNMA,MBS,AAA,23.160248687741273,5.5442830549193,41.053168572686424,9988202249.66541,63.56,LIN-BB+,11.57,8.75,33.25,10.0,"{'duration': 55.44, 'spread': 8.21, 'liquidity': 20.17, 'momentum': 50.68, 'stability': 99.43, 'currency': 49.89}",CALCULATED,2025-09-08T07:37:35.300102+00:00,,Q3
100000210,FNMA,MBS,AAA,25.919207650961148,3.4317748585858574,64.26490080579367,1753819816.0491347,62.55,LIN-BB+,10.55,8.75,33.25,10.0,"{'duration': 34.32, 'spread': 12.85, 'liquidity': 34.77, 'momentum': 50.33, 'stability': 99.72, 'currency': 49.95}",CALCULATED,2025-09-08T07:37:35.300161+00:00,,Q2
100000211,FNMA,MBS,AAA,21.20124673942892,6.032740044306149,67.17118930383046,6560393010.611254,65.44,LIN-BBB-,13.44,8.75,33.25,10.0,"{'duration': 60.33, 'spread': 13.43, 'liquidity': 23.73, 'momentum': 50.16, 'stability': 99.87, 'currency': 49.98}",CALCULATED,2025-09-08T07:37:35.300218+00:00,,Q3
100000212,FNMA,MBS,AAA,26.125680922693952,6.525803118700086,43.89510486244339,2885272049.3858953,66.23,LIN-BBB-,14.23,8.75,33.25,10.0,"{'duration': 65.26, 'spread': 8.78, 'liquidity': 31.23, 'momentum': 50.42, 'stability': 99.65, 'currency': 49.92}",CALCULATED,2025-09-08T07:37:35.300273+00:00,,Q4
100000213,FHLMC,MBS,AAA,24.239781753902683,3.7520989384616645,47.76922843428697,8000156502.636719,61.25,LIN-BB+,9.25,8.75,33.25,10.0,"{'duration': 37.52, 'spread': 9.55, 'liquidity': 21.88, 'momentum': 50.36, 'stability': 99.7, 'currency': 49.92}",CALCULATED,2025-09-08T07:37:35.300329+00:00,,Q2
100000214,GNMA,MBS,AAA,26.343969868371786,6.367881485986835,53.51595270508928,5697327141.683478,65.67,LIN-BBB-,13.67,8.75,33.25,10.0,"{'duration': 63.68, 'spread': 10.7, 'liquidity': 25.16, 'momentum': 50.29, 'stability': 99.76, 'currency': 49.91}",CALCULATED,2025-09-08T07:37:35.300387+00:00,,Q4
100000215,FHLMC,MBS,AAA,23.895665012801764,4.566102792711318,50.63109204243119,7684053313.914361,62.65,LIN-BB+,10.65,8.75,33.25,10.0,"{'duration': 45.66, 'spread': 10.13, 'liquidity': 22.78, 'momentum': 50.23, 'stability': 99.8, 'currency': 49.98}",CALCULATED,2025-09-08T07:37:35.300442+00:00,,Q2
100000216,GNMA,MBS,AAA,15.972803917244525,5.319935149712525,58.07422939797618,5793292428.1058655,64.16,LIN-BB+,12.16,8.75,33.25,10.0,"{'duration': 53.2, 'spread': 11.61, 'liquidity': 24.37, 'momentum': 50.67, 'stability': 99.44, 'currency': 49.9}",CALCULATED,2025-09-08T07:37:35.300498+00:00,,Q3
100000217,GNMA,MBS,AAA,22.473835233951803,3.3082331165373247,32.92754646219896,4147705956.956921,60.75,LIN-BB+,8.74,8.75,33.25,10.0,"{'duration': 33.08, 'spread': 6.59, 'liquidity': 27.94, 'momentum': 50.56, 'stability': 99.53, 'currency': 49.99}",CALCULATED,2025-09-08T07:37:35.300553+00:00,,Q2
100000218,FHLMC,MBS,AAA,19.922891304139675,4.7360774646955015,34.43002148398086,3206066436.8206844,63.19,LIN-BB+,11.19,8.75,33.25,10.0,"{'duration': 47.36, 'spread': 6.89, 'liquidity': 30.5, 'momentum': 50.67, 'stability': 99.44, 'currency': 49.94}",CALCULATED,2025-09-08T07:37:35.300608+00:00,,Q3
100000219,FHLMC,MBS,AAA,24.638477993027873,4.6849922131762884,61.80886823541164,7979468438.35073,63.07,LIN-BB+,11.07,8.75,33.25,10.0,"{'duration': 46.85, 'spread': 12.36, 'liquidity': 21.86, 'momentum': 50.15, 'stability': 99.88, 'currency': 49.96}",CALCULATED,2025-09-08T07:37:35.300662+00:00,,Q2
100000220,FNMA,MBS,AAA,23.483249473821605,6.918586860135534,38.26470554850873,7699784325.416567,65.8,LIN-BBB-,13.8,8.75,33.25,10.0,"{'duration': 69.19, 'spread': 7.65, 'liquidity': 22.73, 'momentum': 50.7, 'stability': 99.41, 'currency': 49.83}",CALCULATED,2025-09-08T07:37:35.300730+00:00,,Q4
100000221,FNMA,MBS,AAA,26.73872909777007,3.22454441366484,72.63640099378557,2925141813.1138062,62.03,LIN-BB+,10.05,8.75,33.25,9.98,"{'duration': 32.25, 'spread': 14.53, 'liquidity': 30.37, 'momentum': 49.88, 'stability': 99.9, 'currency': 49.73}",CALCULATED,2025-09-08T07:37:35.300788+00:00,,Q2
100000222,FHLMC,MBS,AAA,24.467559689350594,3.1993681111317662,75.19566651301874,8817361637.199722,61.13,LIN-BB+,9.13,8.75,33.25,10.0,"{'duration': 31.99, 'spread': 15.04, 'liquidity': 20.74, 'momentum': 50.27, 'stability': 99.77, 'currency': 49.9}",CALCULATED,2025-09-08T07:37:35.300888+00:00,,Q2
100000223,FNMA,MBS,AAA,16.034370245346317,3.2282188846050173,44.109353734660004,3414912403.723422,61.11,LIN-BB+,9.11,8.75,33.25,10.0,"{'duration': 32.28, 'spread': 8.82, 'liquidity': 29.49, 'momentum': 50.31, 'stability': 99.74, 'currency': 49.92}",CALCULATED,2025-09-08T07:37:35.300964+00:00,,Q2
100000224,FNMA,MBS,AAA,26.650658354327717,3.261464630257541,54.378559683669216,1242422051.8976586,62.29,LIN-BB+,10.29,8.75,33.25,10.0,"{'duration': 32.61, 'spread': 10.88, 'liquidity': 37.7, 'momentum': 50.37, 'stability': 99.69, 'currency': 49.89}",CALCULATED,2025-09-08T07:37:35.301027+00:00,,Q2
100000225,FHLMC,MBS,AAA,28.497500185309086,3.087293587101958,63.189484308779456,10010182797.053333,60.56,LIN-BB+,8.56,8.75,33.25,10.0,"{'duration': 30.87, 'spread': 12.64, 'liquidity': 20.29, 'momentum': 50.36, 'stability': 99.7, 'currency': 49.99}",CALCULATED,2025-09-08T07:37:35.301086+00:00,,Q1 (Lowest)
100000226,FNMA,MBS,AAA,29.7194563574587,4.026120249776991,62.70873007370373,2698834050.272183,63.02,LIN-BB+,11.03,8.75,33.25,9.99,"{'duration': 40.26, 'spread': 12.54, 'liquidity': 31.11, 'momentum': 50.07, 'stability': 99.94, 'currency': 49.76}",CALCULATED,2025-09-08T07:37:35.301143+00:00,,Q2
100000227,FNMA,MBS,AAA,17.745231663520908,3.0881406411900167,66.00040198315565,4824741473.347479,61.26,LIN-BB+,9.26,8.75,33.25,10.0,"{'duration': 30.88, 'spread': 13.2, 'liquidity': 26.44, 'momentum': 50.22, 'stability': 99.82, 'currency': 49.96}",CALCULATED,2025-09-08T07:37:35.301201+00:00,,Q2
100000228,FHLMC,MBS,AAA,23.138187050931343,6.166799953813406,57.441932836002934,6527552805.809335,65.35,LIN-BBB-,13.35,8.75,33.25,10.0,"{'duration': 61.67, 'spread': 11.49, 'liquidity': 23.72, 'momentum': 50.45, 'stability': 99.62, 'currency': 49.96}",CALCULATED,2025-09-08T07:37:35.301259+00:00,,Q3
100000229,FHLMC,MBS,AAA,24.96281871758126,3.86436181274123,34.87812551196499,9472811086.068115,60.96,LIN-BB+,8.96,8.75,33.25,10.0,"{'duration': 38.64, 'spread': 6.98, 'liquidity': 21.15, 'momentum': 50.31, 'stability': 99.74, 'currency': 49.91}",CALCULATED,2025-09-08T07:37:35.301319+00:00,,Q2
100000230,FHLMC,MBS,AAA,29.670927269602927,6.175958865472024,54.86279651573441,3918152760.6837683,65.69,LIN-BBB-,13.69,8.75,33.25,10.0,"{'duration': 61.76, 'spread': 10.97, 'liquidity': 27.83, 'momentum': 50.37, 'stability': 99.69, 'currency': 49.89}",CALCULATED,2025-09-08T07:37:35.301377+00:00,,Q4
100000231,FHLMC,MBS,AAA,15.269185178527378,3.505015131170454,62.98146831973711,2648808341.966405,62.36,LIN-BB+,10.37,8.75,33.25,9.99,"{'duration': 35.05, 'spread': 12.6, 'liquidity': 32.2, 'momentum': 50.41, 'stability': 99.65, 'currency': 49.82}",CALCULATED,2025-09-08T07:37:35.301434+00:00,,Q2
100000232,FNMA,MBS,AAA,20.8609254842042,6.193376752897313,48.59663339584324,5576601935.379369,65.34,LIN-BBB-,13.34,8.75,33.25,10.0,"{'duration': 61.93, 'spread': 9.72, 'liquidity': 25.91, 'momentum': 50.19, 'stability': 99.84, 'currency': 49.98}",CALCULATED,2025-09-08T07:37:35.301492+00:00,,Q3
100000233,FHLMC,MBS,AAA,16.410541566513995,4.426683896567059,67.87409423947088,3671033603.0986195,63.58,LIN-BB+,11.59,8.75,33.25,9.99,"{'duration': 44.27, 'spread': 13.57, 'liquidity': 29.15, 'momentum': 50.06, 'stability': 99.95, 'currency': 49.72}",CALCULATED,2025-09-08T07:37:35.301549+00:00,,Q3
100000234,GNMA,MBS,AAA,24.202097079587645,4.452402946536042,74.85931704823095,2653656495.0591083,64.13,LIN-BB+,12.12,8.75,33.25,10.01,"{'duration': 44.52, 'spread': 14.97, 'liquidity': 31.97, 'momentum': 50.83, 'stability': 99.3, 'currency': 49.98}",CALCULATED,2025-09-08T07:37:35.301608+00:00,,Q3
100000235,GNMA,MBS,AAA,19.697429922259236,6.194373089531005,78.38779385516943,8860018409.01318,65.76,LIN-BBB-,13.76,8.75,33.25,10.0,"{'duration': 61.94, 'spread': 15.68, 'liquidity': 21.2, 'momentum': 50.21, 'stability': 99.82, 'currency': 49.89}",CALCULATED,2025-09-08T07:37:35.301664+00:00,,Q4
100000236,FHLMC,MBS,AAA,29.696736867817826,5.624536072082323,36.49132244758588,7167020856.179363,63.82,LIN-BB+,11.82,8.75,33.25,10.0,"{'duration': 56.25, 'spread': 7.3, 'liquidity': 22.88, 'momentum': 50.26, 'stability': 99.78, 'currency': 49.94}",CALCULATED,2025-09-08T07:37:35.301719+00:00,,Q3
100000237,FNMA,MBS,AAA,20.05260752791655,4.185959125133261,75.91039998113877,2024361753.45405,63.95,LIN-BB+,11.96,8.75,33.25,10.0,"{'duration': 41.86, 'spread': 15.18, 'liquidity': 33.99, 'momentum': 50.47, 'stability': 99.61, 'currency': 49.89}",CALCULATED,2025-09-08T07:37:35.301775+00:00,,Q3
100000238,FHLMC,MBS,AAA,17.60642389703616,5.848056081323123,71.2989106354041,1825712991.4523966,66.35,LIN-BBB-,14.35,8.75,33.25,10.0,"{'duration': 58.48, 'spread': 14.26, 'liquidity': 34.4, 'momentum': 50.22, 'stability': 99.82, 'currency': 49.96}",CALCULATED,2025-09-08T07:37:35.301831+00:00,,Q4
100000239,FHLMC,MBS,AAA,26.232395054449597,5.6045903395266965,61.04642837392156,4149887101.625674,65.0,LIN-BBB-,13.0,8.75,33.25,10.0,"{'duration': 56.05, 'spread': 12.21, 'liquidity': 27.59, 'momentum': 50.58, 'stability': 99.51, 'currency': 50.0}",CALCULATED,2025-09-08T07:37:35.301914+00:00,,Q3
100000240,FHLMC,MBS,AAA,19.723793829194513,3.0152685364973886,64.08347412008101,2521159560.9981065,61.65,LIN-BB+,9.65,8.75,33.25,10.0,"{'duration': 30.15, 'spread': 12.82, 'liquidity': 32.03, 'momentum': 50.51, 'stability': 99.57, 'currency': 49.96}",CALCULATED,2025-09-08T07:37:35.301974+00:00,,Q2
100000241,GNMA,MBS,AAA,16.027581099404692,6.052621165035557,50.41531713797255,7755400083.159345,64.81,LIN-BB+,12.8,8.75,33.25,10.0,"{'duration': 60.53, 'spread': 10.08, 'liquidity': 22.12, 'momentum': 50.41, 'stability': 99.66, 'currency': 49.97}",CALCULATED,2025-09-08T07:37:35.302031+00:00,,Q3
100000242,GNMA,MBS,AAA,17.53621605533989,4.559037549705968,48.97514516873593,3154071986.461781,63.34,LIN-BB+,11.34,8.75,33.25,10.0,"{'duration': 45.59, 'spread': 9.8, 'liquidity': 30.34, 'momentum': 50.16, 'stability': 99.87, 'currency': 49.97}",CALCULATED,2025-09-08T07:37:35.302088+00:00,,Q3
100000243,FHLMC,MBS,AAA,22.186050946550267,3.07200035578086,51.07220207896237,1278232764.3624525,61.95,LIN-BB+,9.95,8.75,33.25,10.0,"{'duration': 30.72, 'spread': 10.21, 'liquidity': 38.1, 'momentum': 50.53, 'stability': 99.56, 'currency': 49.9}",CALCULATED,2025-09-08T07:37:35.302150+00:00,,Q2
100000244,GNMA,MBS,AAA,28.09130759349192,3.450321561647748,65.18429887303978,6469590488.935577,61.59,LIN-BB+,9.59,8.75,33.25,10.0,"{'duration': 34.5, 'spread': 13.04, 'liquidity': 24.63, 'momentum': 50.29, 'stability': 99.76, 'currency': 49.97}",CALCULATED,2025-09-08T07:37:35.302209+00:00,,Q2
100000245,FNMA,MBS,AAA,27.368022121305483,3.2969634919535458,41.317574717074294,7323984331.770809,60.42,LIN-BB+,8.43,8.75,33.25,10.0,"{'duration': 32.97, 'spread': 8.26, 'liquidity': 22.42, 'momentum': 50.39, 'stability': 99.68, 'currency': 49.88}",CALCULATED,2025-09-08T07:37:35.302267+00:00,,Q1 (Lowest)
100000246,GNMA,MBS,AAA,22.969747808520886,6.352608734207697,44.26451691786582,4553097246.897947,65.48,LIN-BBB-,13.48,8.75,33.25,10.0,"{'duration': 63.53, 'spread': 8.85, 'liquidity': 26.26, 'momentum': 50.53, 'stability': 99.56, 'currency': 49.93}",CALCULATED,2025-09-08T07:37:35.302325+00:00,,Q3
100000247,FNMA,MBS,AAA,18.784608747591097,3.8809012055092604,54.41873144914693,7442055829.133035,61.69,LIN-BB+,9.69,8.75,33.25,10.0,"{'duration': 38.81, 'spread': 10.88, 'liquidity': 22.34, 'momentum': 50.35, 'stability': 99.71, 'currency': 49.95}",CALCULATED,2025-09-08T07:37:35.302383+00:00,,Q2
100000248,GNMA,MBS,AAA,17.062856622255232,4.363262799159386,38.2412337673381,2565792957.370585,62.88,LIN-BB+,10.88,8.75,33.25,10.0,"{'duration': 43.63, 'spread': 7.65, 'liquidity': 31.92, 'momentum': 50.35, 'stability': 99.71, 'currency': 49.94}",CALCULATED,2025-09-08T07:37:35.302440+00:00,,Q2
100000249,GNMA,MBS,AAA,22.68545666318686,3.4168992112333907,49.22556638224063,5503313615.60606,61.13,LIN-BB+,9.14,8.75,33.25,10.0,"{'duration': 34.17, 'spread': 9.85, 'liquidity': 25.37, 'momentum': 50.38, 'stability': 99.68, 'currency': 49.85}",CALCULATED,2025-09-08T07:37:35.302499+00:00,,Q2
100000250,FHLMC,MBS,AAA,16.0639832420066,4.017566323367388,48.09265466025693,5412939969.890435,62.02,LIN-BB+,10.03,8.75,33.25,9.99,"{'duration': 40.18, 'spread': 9.62, 'liquidity': 25.59, 'momentum': 50.31, 'stability': 99.74, 'currency': 49.79}",CALCULATED,2025-09-08T07:37:35.302555+00:00,,Q2
100000251,FNMA,MBS,AAA,22.114326306468907,5.363469765084166,56.85037441756792,8476573114.998782,63.87,LIN-BB+,11.87,8.75,33.25,9.99,"{'duration': 53.63, 'spread': 11.37, 'liquidity': 21.22, 'momentum': 50.5, 'stability': 99.58, 'currency': 49.76}",CALCULATED,2025-09-08T07:37:35.302611+00:00,,Q3
100000252,GNMA,MBS,AAA,15.665816582562817,4.111288291126938,70.8341087725359,3304462677.9198527,63.19,LIN-BB+,11.19,8.75,33.25,10.0,"{'duration': 41.11, 'spread': 14.17, 'liquidity': 28.97, 'momentum': 50.36, 'stability': 99.7, 'currency': 49.87}",CALCULATED,2025-09-08T07:37:35.302668+00:00,,Q3
100000253,FNMA,MBS,AAA,15.445023345971098,5.701680830188357,32.24267840117843,5429614372.128274,64.11,LIN-BB+,12.11,8.75,33.25,10.0,"{'duration': 57.02, 'spread': 6.45, 'liquidity': 25.92, 'momentum': 50.23, 'stability': 99.81, 'currency': 49.97}",CALCULATED,2025-09-08T07:37:35.302725+00:00,,Q3
100000254,FNMA,MBS,AAA,27.35685576331942,6.820242045939956,71.05991412751132,1053072347.2491814,68.35,LIN-BBB,16.35,8.75,33.25,10.0,"{'duration': 68.2, 'spread': 14.21, 'liquidity': 39.88, 'momentum': 50.23, 'stability': 99.81, 'currency': 49.99}",CALCULATED,2025-09-08T07:37:35.302783+00:00,,Q4
100000255,FNMA,MBS,AAA,24.056931794240818,5.746359653970427,35.72438190329525,3975281488.2639985,64.39,LIN-BB+,12.39,8.75,33.25,10.0,"{'duration': 57.46, 'spread': 7.14, 'liquidity': 27.02, 'momentum': 50.22, 'stability': 99.82, 'currency': 49.98}",CALCULATED,2025-09-08T07:37:35.302841+00:00,,Q3
100000256,FHLMC,MBS,AAA,19.816216456305753,5.999403057745865,50.63376630416983,6478490786.246948,64.85,LIN-BB+,12.85,8.75,33.25,10.0,"{'duration': 59.99, 'spread': 10.13, 'liquidity': 23.33, 'momentum': 50.51, 'stability': 99.57, 'currency': 49.97}",CALCULATED,2025-09-08T07:37:35.302897+00:00,,Q3
100000257,FHLMC,MBS,AAA,17.083069895947755,3.4629504267148215,37.71607826415397,2716175947.250475,61.51,LIN-BB+,9.51,8.75,33.25,10.0,"{'duration': 34.63, 'spread': 7.54, 'liquidity': 31.88, 'momentum': 50.51, 'stability': 99.57, 'currency': 49.87}",CALCULATED,2025-09-08T07:37:35.302952+00:00,,Q2
100000258,FNMA,MBS,AAA,25.42323560513939,5.129970797748586,52.44265358373541,1769813192.4427783,64.78,LIN-BB+,12.78,8.75,33.25,10.0,"{'duration': 51.3, 'spread': 10.49, 'liquidity': 35.09, 'momentum': 50.51, 'stability': 99.58, 'currency': 49.98}",CALCULATED,2025-09-08T07:37:35.303009+00:00,,Q3
100000259,GNMA,MBS,AAA,21.999116770458237,6.266892810234179,33.36922773927613,4420137773.2484,65.1,LIN-BBB-,13.1,8.75,33.25,10.0,"{'duration': 62.67, 'spread': 6.67, 'liquidity': 26.96, 'momentum': 50.58, 'stability': 99.51, 'currency': 49.99}",CALCULATED,2025-09-08T07:37:35.303066+00:00,,Q3
100000260,FHLMC,MBS,AAA,20.76359430206072,4.800493444727729,58.96331769102634,7518837980.882593,63.18,LIN-BB+,11.18,8.75,33.25,10.0,"{'duration': 48.0, 'spread': 11.79, 'liquidity': 22.12, 'momentum': 50.33, 'stability': 99.73, 'currency': 49.97}",CALCULATED,2025-09-08T07:37:35.303145+00:00,,Q3
100000261,Johnson Inc,Corporate,A+,4.209018163626042,3.1567636227195317,89.55306565262609,1971805888.7652133,61.58,LIN-BB+,10.73,12.5,28.35,10.0,"{'duration': 31.57, 'spread': 17.91, 'liquidity': 33.13, 'momentum': 50.4, 'stability': 99.67, 'currency': 49.87}",CALCULATED,2025-09-08T07:37:35.303207+00:00,,Q2
100000262,Walmart Inc,Corporate,BBB+,21.5834043660664,16.1875532745498,149.0805998416571,588144159.9182805,71.59,LIN-BBB,23.88,12.5,25.2,10.0,"{'duration': 100.0, 'spread': 29.82, 'liquidity': 44.1, 'momentum': 50.36, 'stability': 99.7, 'currency': 50.0}",CALCULATED,2025-09-08T07:37:35.303266+00:00,,Q5 (Highest)
100000263,JPMorgan Inc,Corporate,A-,23.417767576654775,17.563325682491083,83.92437156443643,4469608072.432941,70.83,LIN-BBB,20.2,14.37,26.25,10.0,"{'duration': 100.0, 'spread': 16.78, 'liquidity': 26.84, 'momentum': 50.46, 'stability': 99.62, 'currency': 49.97}",CALCULATED,2025-09-08T07:37:35.303328+00:00,,Q5 (Highest)
100000264,Berkshire Inc,Corporate,BBB+,29.2100381492857,21.907528611964274,202.65848873859704,1143987385.8109064,74.46,LIN-BBB+,24.88,14.37,25.2,10.0,"{'duration': 100.0, 'spread': 40.53, 'liquidity': 38.01, 'momentum': 50.33, 'stability': 99.73, 'currency': 49.95}",CALCULATED,2025-09-08T07:37:35.303387+00:00,,Q5 (Highest)
100000265,Johnson Inc,Corporate,AA,18.058138308751186,13.54360373156339,79.22843370735086,1023618052.0392923,72.35,LIN-BBB+,21.27,10.62,30.45,10.0,"{'duration': 100.0, 'spread': 15.85, 'liquidity': 38.97, 'momentum': 50.74, 'stability': 99.38, 'currency': 49.91}",CALCULATED,2025-09-08T07:37:35.303449+00:00,,Q5 (Highest)
100000266,Walmart Inc,Corporate,A-,19.75783295526377,14.818374716447828,111.04171040626031,634344754.7535625,71.42,LIN-BBB,22.67,12.5,26.25,10.0,"{'duration': 100.0, 'spread': 22.21, 'liquidity': 43.38, 'momentum': 50.82, 'stability': 99.31, 'currency': 49.85}",CALCULATED,2025-09-08T07:37:35.303508+00:00,,Q5 (Highest)
100000267,Walmart Inc,Corporate,A-,24.343764445421893,18.25782333406642,125.38253882490214,1711079957.9109428,72.9,LIN-BBB+,22.28,14.37,26.25,10.0,"{'duration': 100.0, 'spread': 25.08, 'liquidity': 35.18, 'momentum': 50.25, 'stability': 99.79, 'currency': 49.88}",CALCULATED,2025-09-08T07:37:35.303566+00:00,,Q5 (Highest)
100000268,Walmart Inc,Corporate,A-,18.193215873603158,13.644911905202369,161.6469748819117,4366137438.306823,71.27,LIN-BBB,22.52,12.5,26.25,10.0,"{'duration': 100.0, 'spread': 32.33, 'liquidity': 26.68, 'momentum': 50.51, 'stability': 99.57, 'currency': 49.92}",CALCULATED,2025-09-08T07:37:35.303623+00:00,,Q5 (Highest)
100000269,Berkshire Inc,Corporate,BBB,15.865051362013903,11.898788521510427,159.53544467713402,1827934538.7606747,69.53,LIN-BBB,23.23,12.5,23.8,10.0,"{'duration': 100.0, 'spread': 31.91, 'liquidity': 34.41, 'momentum': 50.42, 'stability': 99.65, 'currency': 49.92}",CALCULATED,2025-09-08T07:37:35.303683+00:00,,Q5 (Highest)
100000270,Johnson Inc,Corporate,A+,24.719804607346635,18.539853455509977,67.11300174649195,4644074572.353993,70.5,LIN-BBB,19.65,12.5,28.35,10.0,"{'duration': 100.0, 'spread': 13.42, 'liquidity': 26.36, 'momentum': 50.52, 'stability': 99.56, 'currency': 49.95}",CALCULATED,2025-09-08T07:37:35.303740+00:00,,Q5 (Highest)
100000271,Johnson Inc,Corporate,BBB+,28.301457768387458,21.226093326290595,159.3345093518421,4588762585.831907,72.05,LIN-BBB+,22.48,14.37,25.2,10.0,"{'duration': 100.0, 'spread': 31.87, 'liquidity': 26.97, 'momentum': 50.12, 'stability': 99.9, 'currency': 49.97}",CALCULATED,2025-09-08T07:37:35.303818+00:00,,Q5 (Highest)
100000272,Walmart Inc,Corporate,A-,17.82651907948366,13.369889309612745,141.93506853599882,3982133341.6495886,72.76,LIN-BBB+,22.14,14.37,26.25,10.0,"{'duration': 100.0, 'spread': 28.39, 'liquidity': 28.78, 'momentum': 50.34, 'stability': 99.72, 'currency': 49.92}",CALCULATED,2025-09-08T07:37:35.303882+00:00,,Q5 (Highest)
100000273,Microsoft Inc,Corporate,AA,21.005069367385232,15.753802025538924,68.52991637839378,2266787268.809631,73.28,LIN-BBB+,20.33,12.5,30.45,10.0,"{'duration': 100.0, 'spread': 13.71, 'liquidity': 32.74, 'momentum': 50.17, 'stability': 99.86, 'currency': 49.95}",CALCULATED,2025-09-08T07:37:35.303940+00:00,,Q5 (Highest)
100000274,Goldman Inc,Corporate,A,3.9090678117745634,2.931800858830923,91.87075557541277,3647330403.6516123,61.64,LIN-BB+,9.97,14.37,27.3,10.0,"{'duration': 29.32, 'spread': 18.37, 'liquidity': 28.14, 'momentum': 50.43, 'stability': 99.64, 'currency': 49.92}",CALCULATED,2025-09-08T07:37:35.304006+00:00,,Q2
100000275,Microsoft Inc,Corporate,AA-,22.276721077677923,16.707540808258443,79.52715538712438,3061727476.5001273,74.21,LIN-BBB+,20.44,14.37,29.4,10.0,"{'duration': 100.0, 'spread': 15.91, 'liquidity': 30.5, 'momentum': 50.09, 'stability': 99.93, 'currency': 49.99}",CALCULATED,2025-09-08T07:37:35.304063+00:00,,Q5 (Highest)
100000276,Wells Fargo Inc,Corporate,BBB-,4.4669649402184035,3.3502237051638026,203.551601352356,528665859.0757537,60.98,LIN-BB+,15.73,12.5,22.75,10.0,"{'duration': 33.5, 'spread': 40.71, 'liquidity': 46.01, 'momentum': 50.07, 'stability': 99.94, 'currency': 50.0}",CALCULATED,2025-09-08T07:37:35.304120+00:00,,Q2
100000277,Walmart Inc,Corporate,BBB+,23.00440951610593,17.253307137079446,136.83767021849488,2088841689.925229,72.03,LIN-BBB+,22.45,14.37,25.2,10.0,"{'duration': 100.0, 'spread': 27.37, 'liquidity': 33.47, 'momentum': 50.41, 'stability': 99.66, 'currency': 49.95}",CALCULATED,2025-09-08T07:37:35.304178+00:00,,Q5 (Highest)
100000278,Walmart Inc,Corporate,A-,29.03011724523292,21.77258793392469,125.30724698799257,2642844973.9674425,70.64,LIN-BBB,21.89,12.5,26.25,10.0,"{'duration': 100.0, 'spread': 25.06, 'liquidity': 31.3, 'momentum': 50.59, 'stability': 99.51, 'currency': 49.87}",CALCULATED,2025-09-08T07:37:35.304330+00:00,,Q5 (Highest)
100000279,Johnson Inc,Corporate,BBB-,23.548020336771142,17.661015252578355,221.77315181922876,1859400167.6007197,68.5,LIN-BBB,25.12,10.62,22.75,10.0,"{'duration': 100.0, 'spread': 44.35, 'liquidity': 34.7, 'momentum': 50.22, 'stability': 99.82, 'currency': 49.97}",CALCULATED,2025-09-08T07:37:35.304407+00:00,,Q5 (Highest)
100000280,Goldman Inc,Corporate,A-,5.996393163798999,4.497294872849249,145.41399170184383,529144975.04749095,64.44,LIN-BB+,15.69,12.5,26.25,10.0,"{'duration': 44.97, 'spread': 29.08, 'liquidity': 45.8, 'momentum': 50.2, 'stability': 99.84, 'currency': 49.97}",CALCULATED,2025-09-08T07:37:35.304468+00:00,,Q3
100000281,Walmart Inc,Corporate,BBB,8.82499833776426,6.618748753323195,199.41882662753721,1975371222.3307605,65.68,LIN-BBB-,19.39,12.5,23.8,10.0,"{'duration': 66.19, 'spread': 39.88, 'liquidity': 34.76, 'momentum': 50.28, 'stability': 99.77, 'currency': 49.91}",CALCULATED,2025-09-08T07:37:35.304528+00:00,,Q4
100000282,Walmart Inc,Corporate,BBB,27.035805071176707,20.27685380338253,162.4303432690386,707637574.3029515,72.28,LIN-BBB+,24.11,14.37,23.8,10.0,"{'duration': 100.0, 'spread': 32.49, 'liquidity': 42.37, 'momentum': 50.25, 'stability': 99.79, 'currency': 49.9}",CALCULATED,2025-09-08T07:37:35.304586+00:00,,Q5 (Highest)
100000283,Microsoft Inc,Corporate,BBB-,6.357946773013776,4.768460079760332,215.63928243603561,2013293925.2749968,64.02,LIN-BB+,16.89,14.37,22.75,10.0,"{'duration': 47.68, 'spread': 43.13, 'liquidity': 32.69, 'momentum': 50.67, 'stability': 99.44, 'currency': 49.92}",CALCULATED,2025-09-08T07:37:35.304645+00:00,,Q3
100000284,Apple Inc,Corporate,A-,23.897767210124588,17.923325407593442,122.41513612378935,5270602663.31158,71.92,LIN-BBB,21.29,14.37,26.25,10.0,"{'duration': 100.0, 'spread': 24.48, 'liquidity': 26.21, 'momentum': 50.41, 'stability': 99.66, 'currency': 49.94}",CALCULATED,2025-09-08T07:37:35.304715+00:00,,Q5 (Highest)
100000285,Bank of America Inc,Corporate,BBB,13.036960962470918,9.77772072185319,183.29521682473035,4322744534.207878,71.07,LIN-BBB,22.9,14.37,23.8,10.0,"{'duration': 97.78, 'spread': 36.66, 'liquidity': 27.31, 'momentum': 50.35, 'stability': 99.71, 'currency': 49.93}",CALCULATED,2025-09-08T07:37:35.304775+00:00,,Q5 (Highest)
100000286,Microsoft Inc,Corporate,BBB,15.78182380036264,11.83636785027198,183.45188207829733,3050875651.853503,69.82,LIN-BBB,23.52,12.5,23.8,10.0,"{'duration': 100.0, 'spread': 36.69, 'liquidity': 30.12, 'momentum': 50.64, 'stability': 99.46, 'currency': 49.96}",CALCULATED,2025-09-08T07:37:35.304836+00:00,,Q5 (Highest)
100000287,Bank of America Inc,Corporate,A,19.805168322281908,14.853876241711431,107.86538446940443,1243380008.0698054,73.78,LIN-BBB+,22.11,14.37,27.3,10.0,"{'duration': 100.0, 'spread': 21.57, 'liquidity': 38.7, 'momentum': 50.39, 'stability': 99.67, 'currency': 49.89}",CALCULATED,2025-09-08T07:37:35.304938+00:00,,Q5 (Highest)
100000288,Walmart Inc,Corporate,BBB-,15.689683240264287,11.767262430198215,226.60130001625242,804088995.0694385,73.13,LIN-BBB+,26.01,14.37,22.75,9.99,"{'duration': 100.0, 'spread': 45.32, 'liquidity': 42.16, 'momentum': 50.01, 'stability': 99.99, 'currency': 49.79}",CALCULATED,2025-09-08T07:37:35.305003+00:00,,Q5 (Highest)
100000289,Morgan Stanley Inc,Corporate,A-,5.058458885286241,3.7938441639646805,136.83056684079517,2489172184.8741612,61.7,LIN-BB+,12.98,12.5,26.25,9.98,"{'duration': 37.94, 'spread': 27.37, 'liquidity': 31.81, 'momentum': 49.82, 'stability': 99.85, 'currency': 49.85}",CALCULATED,2025-09-08T07:37:35.305061+00:00,,Q2
100000290,Apple Inc,Corporate,BBB-,29.86449697177751,22.39837272883313,172.48667977814767,3569688913.8944926,70.22,LIN-BBB,23.09,14.37,22.75,10.0,"{'duration': 100.0, 'spread': 34.5, 'liquidity': 29.2, 'momentum': 50.28, 'stability': 99.76, 'currency': 49.92}",CALCULATED,2025-09-08T07:37:35.305121+00:00,,Q5 (Highest)
100000291,Johnson Inc,Corporate,BBB+,19.02614525522722,14.269608941420415,153.79412335220792,4752608206.718635,69.93,LIN-BBB,22.23,12.5,25.2,10.0,"{'duration': 100.0, 'spread': 30.76, 'liquidity': 26.17, 'momentum': 50.36, 'stability': 99.7, 'currency': 49.94}",CALCULATED,2025-09-08T07:37:35.305179+00:00,,Q5 (Highest)
100000292,Microsoft Inc,Corporate,BBB-,7.365128778397971,5.523846583798479,256.0869621957349,1597634730.4618921,64.8,LIN-BB+,19.55,12.5,22.75,10.0,"{'duration': 55.24, 'spread': 51.22, 'liquidity': 35.85, 'momentum': 50.42, 'stability': 99.65, 'currency': 49.88}",CALCULATED,2025-09-08T07:37:35.305236+00:00,,Q3
100000293,Johnson Inc,Corporate,BBB+,12.639792287190328,9.479844215392745,124.99184532060565,2006380085.351851,70.97,LIN-BBB,21.39,14.37,25.2,10.0,"{'duration': 94.8, 'spread': 25.0, 'liquidity': 34.21, 'momentum': 50.37, 'stability': 99.69, 'currency': 49.93}",CALCULATED,2025-09-08T07:37:35.305295+00:00,,Q5 (Highest)
100000294,Morgan Stanley Inc,Corporate,BBB-,7.15278966532341,5.364592248992557,289.91755579200196,2471828893.167548,63.26,LIN-BB+,19.89,10.62,22.75,10.0,"{'duration': 53.65, 'spread': 57.98, 'liquidity': 31.48, 'momentum': 49.96, 'stability': 99.97, 'currency': 49.98}",CALCULATED,2025-09-08T07:37:35.305357+00:00,,Q3
100000295,Microsoft Inc,Corporate,A-,13.430725673064579,10.073044254798434,83.19341927531656,4659933654.311177,67.1,LIN-BBB-,20.23,10.62,26.25,10.0,"{'duration': 100.0, 'spread': 16.64, 'liquidity': 27.3, 'momentum': 50.41, 'stability': 99.65, 'currency': 49.93}",CALCULATED,2025-09-08T07:37:35.305415+00:00,,Q4
100000296,Berkshire Inc,Corporate,A,14.788583123756684,11.091437342817514,110.98461593003296,4430075348.1144905,70.94,LIN-BBB,21.14,12.5,27.3,9.99,"{'duration': 100.0, 'spread': 22.2, 'liquidity': 28.15, 'momentum': 50.11, 'stability': 99.91, 'currency': 49.87}",CALCULATED,2025-09-08T07:37:35.305472+00:00,,Q5 (Highest)
100000297,Morgan Stanley Inc,Corporate,BBB,17.701655764329153,13.276241823246865,166.87381217539468,1758069693.7207944,69.78,LIN-BBB,23.48,12.5,23.8,10.0,"{'duration': 100.0, 'spread': 33.37, 'liquidity': 34.75, 'momentum': 50.15, 'stability': 99.88, 'currency': 49.99}",CALCULATED,2025-09-08T07:37:35.305528+00:00,,Q5 (Highest)
100000298,JPMorgan Inc,Corporate,BBB+,25.32216273670867,18.991622052531504,136.94084017484377,4467055893.074535,71.4,LIN-BBB,21.86,14.37,25.2,9.96,"{'duration': 100.0, 'spread': 27.39, 'liquidity': 27.51, 'momentum': 49.68, 'stability': 99.73, 'currency': 49.88}",CALCULATED,2025-09-08T07:37:35.305583+00:00,,Q5 (Highest)
100000299,Goldman Inc,Corporate,A+,14.247277369021889,10.685458026766417,71.48583841676776,4887182962.438518,72.49,LIN-BBB+,19.77,14.37,28.35,10.0,"{'duration': 100.0, 'spread': 14.3, 'liquidity': 26.23, 'momentum': 50.18, 'stability': 99.85, 'currency': 49.9}",CALCULATED,2025-09-08T07:37:35.305639+00:00,,Q5 (Highest)
100000300,Walmart Inc,Corporate,A,20.297161005669835,15.222870754252376,129.6542958834483,3165325307.6407666,71.66,LIN-BBB,21.87,12.5,27.3,10.0,"{'duration': 100.0, 'spread': 25.93, 'liquidity': 29.78, 'momentum': 50.1, 'stability': 99.92, 'currency': 49.91}",CALCULATED,2025-09-08T07:37:35.305711+00:00,,Q5 (Highest)
100000301,Wells Fargo Inc,Corporate,BBB-,17.646717093491716,13.235037820118787,212.93009107596626,2242344315.258032,69.88,LIN-BBB,24.64,12.5,22.75,9.99,"{'duration': 100.0, 'spread': 42.59, 'liquidity': 32.52, 'momentum': 50.21, 'stability': 99.82, 'currency': 49.83}",CALCULATED,2025-09-08T07:37:35.305787+00:00,,Q5 (Highest)
100000302,Berkshire Inc,Corporate,BBB+,6.508417051234413,4.881312788425809,179.13419900123588,3745705349.022817,63.26,LIN-BB+,15.56,12.5,25.2,10.0,"{'duration': 48.81, 'spread': 35.83, 'liquidity': 28.66, 'momentum': 49.98, 'stability': 99.98, 'currency': 49.98}",CALCULATED,2025-09-08T07:37:35.305849+00:00,,Q3
100000303,Bank of America Inc,Corporate,BBB,12.30431028008411,9.228232710063082,172.63549449517816,3412862272.860167,68.23,LIN-BBB,21.93,12.5,23.8,10.0,"{'duration': 92.28, 'spread': 34.53, 'liquidity': 29.14, 'momentum': 50.37, 'stability': 99.69, 'currency': 49.89}",CALCULATED,2025-09-08T07:37:35.305908+00:00,,Q4
100000304,Berkshire Inc,Corporate,A+,3.6802221768991927,2.7601666326743945,54.64252506638381,3606370420.162857,59.5,LIN-BB+,8.65,12.5,28.35,10.0,"{'duration': 27.6, 'spread': 10.93, 'liquidity': 28.7, 'momentum': 50.38, 'stability': 99.68, 'currency': 49.87}",CALCULATED,2025-09-08T07:37:35.305968+00:00,,Q1 (Lowest)
100000305,Wells Fargo Inc,Corporate,BBB+,24.600094007619397,18.45007050571455,106.93314160257512,1152661534.0762239,71.7,LIN-BBB,22.13,14.37,25.2,10.0,"{'duration': 100.0, 'spread': 21.39, 'liquidity': 39.23, 'momentum': 50.07, 'stability': 99.94, 'currency': 49.9}",CALCULATED,2025-09-08T07:37:35.306026+00:00,,Q5 (Highest)
100000306,Bank of America Inc,Corporate,A-,25.48642017328332,19.11481512996249,112.61445721507593,2991156205.155573,70.18,LIN-BBB,21.43,12.5,26.25,10.0,"{'duration': 100.0, 'spread': 22.52, 'liquidity': 30.55, 'momentum': 50.09, 'stability': 99.93, 'currency': 49.89}",CALCULATED,2025-09-08T07:37:35.306083+00:00,,Q5 (Highest)
100000307,Johnson Inc,Corporate,BBB-,24.161515747070894,18.12113681030317,209.28397073895405,3278496460.14571,71.29,LIN-BBB,24.17,14.37,22.75,10.0,"{'duration': 100.0, 'spread': 41.86, 'liquidity': 28.91, 'momentum': 50.1, 'stability': 99.91, 'currency': 49.98}",CALCULATED,2025-09-08T07:37:35.306140+00:00,,Q5 (Highest)
100000308,Bank of America Inc,Corporate,BBB,14.295014330761564,10.721260748071174,171.7306967775345,1773116428.8643978,71.83,LIN-BBB,23.67,14.37,23.8,9.99,"{'duration': 100.0, 'spread': 34.35, 'liquidity': 35.14, 'momentum': 50.13, 'stability': 99.89, 'currency': 49.83}",CALCULATED,2025-09-08T07:37:35.306198+00:00,,Q5 (Highest)
100000309,Morgan Stanley Inc,Corporate,A+,13.897227063762964,10.422920297822223,102.80396822249574,2526626745.916241,74.04,LIN-BBB+,21.32,14.37,28.35,9.99,"{'duration': 100.0, 'spread': 20.56, 'liquidity': 32.39, 'momentum': 50.08, 'stability': 99.94, 'currency': 49.83}",CALCULATED,2025-09-08T07:37:35.306255+00:00,,Q5 (Highest)
100000310,Wells Fargo Inc,Corporate,BBB+,29.15050795589709,21.862880966922816,135.56524893325494,847553855.2640392,70.92,LIN-BBB,23.22,12.5,25.2,10.0,"{'duration': 100.0, 'spread': 27.11, 'liquidity': 41.51, 'momentum': 50.25, 'stability': 99.79, 'currency': 49.98}",CALCULATED,2025-09-08T07:37:35.306313+00:00,,Q5 (Highest)
100000311,Johnson Inc,Corporate,BBB+,29.05541497527074,21.791561231453056,166.22793108983183,3468563476.113881,72.42,LIN-BBB+,22.86,14.37,25.2,9.99,"{'duration': 100.0, 'spread': 33.25, 'liquidity': 28.68, 'momentum': 49.92, 'stability': 99.93, 'currency': 49.91}",CALCULATED,2025-09-08T07:37:35.306371+00:00,,Q5 (Highest)
100000312,Goldman Inc,Corporate,A+,28.50787898714315,21.38090924035736,96.02952550479047,1435889844.2864547,74.31,LIN-BBB+,21.58,14.37,28.35,10.0,"{'duration': 100.0, 'spread': 19.21, 'liquidity': 37.0, 'momentum': 50.64, 'stability': 99.47, 'currency': 49.93}",CALCULATED,2025-09-08T07:37:35.306428+00:00,,Q5 (Highest)
100000313,Goldman Inc,Corporate,BBB-,28.854687407263068,21.6410155554473,242.48706719741006,1325908692.3105338,71.26,LIN-BBB,26.01,12.5,22.75,10.0,"{'duration': 100.0, 'spread': 48.5, 'liquidity': 37.4, 'momentum': 49.98, 'stability': 99.99, 'currency': 49.99}",CALCULATED,2025-09-08T07:37:35.306487+00:00,,Q5 (Highest)
100000314,Goldman Inc,Corporate,BBB,29.899081736171674,22.424311302128757,185.2770340214787,3249892167.763529,69.76,LIN-BBB,23.47,12.5,23.8,10.0,"{'duration': 100.0, 'spread': 37.06, 'liquidity': 29.07, 'momentum': 50.02, 'stability': 99.98, 'currency': 49.94}",CALCULATED,2025-09-08T07:37:35.306544+00:00,,Q5 (Highest)
100000315,Apple Inc,Corporate,AA+,10.31177085699826,7.7338281427486955,84.1002829441406,3181708623.1280694,72.98,LIN-BBB+,17.11,14.37,31.5,10.0,"{'duration': 77.34, 'spread': 16.82, 'liquidity': 29.82, 'momentum': 50.2, 'stability': 99.83, 'currency': 49.98}",CALCULATED,2025-09-08T07:37:35.306602+00:00,,Q5 (Highest)
100000316,Wells Fargo Inc,Corporate,BBB+,19.65315741201861,14.739868059013958,167.38312128778546,2972805191.4627447,72.69,LIN-BBB+,23.11,14.37,25.2,10.0,"{'duration': 100.0, 'spread': 33.48, 'liquidity': 30.91, 'momentum': 50.2, 'stability': 99.84, 'currency': 49.94}",CALCULATED,2025-09-08T07:37:35.306658+00:00,,Q5 (Highest)
100000317,Apple Inc,Corporate,BBB-,20.994502283224563,15.745876712418422,215.38267252310462,3578524539.881432,69.66,LIN-BBB,24.41,12.5,22.75,10.0,"{'duration': 100.0, 'spread': 43.08, 'liquidity': 29.54, 'momentum': 50.35, 'stability': 99.71, 'currency': 49.9}",CALCULATED,2025-09-08T07:37:35.306714+00:00,,Q5 (Highest)
100000318,Microsoft Inc,Corporate,BBB,10.894343981129214,8.170757985846912,172.2573870042097,1850496124.2702622,67.19,LIN-BBB-,20.89,12.5,23.8,10.0,"{'duration': 81.71, 'spread': 34.45, 'liquidity': 34.63, 'momentum': 50.09, 'stability': 99.93, 'currency': 50.0}",CALCULATED,2025-09-08T07:37:35.306770+00:00,,Q4
100000319,Walmart Inc,Corporate,BBB,10.026388145601192,7.519791109200894,174.42074139336384,805782562.4988419,66.99,LIN-BBB-,20.69,12.5,23.8,10.0,"{'duration': 75.2, 'spread': 34.88, 'liquidity': 41.75, 'momentum': 50.33, 'stability': 99.72, 'currency': 49.9}",CALCULATED,2025-09-08T07:37:35.306826+00:00,,Q4
100000320,Apple Inc,Corporate,BBB,9.748837552735774,7.311628164551831,238.9818885061745,2237050832.1264496,69.67,LIN-BBB,21.49,14.37,23.8,10.0,"{'duration': 73.12, 'spread': 47.8, 'liquidity': 33.53, 'momentum': 50.37, 'stability': 99.69, 'currency': 49.95}",CALCULATED,2025-09-08T07:37:35.306882+00:00,,Q5 (Highest)
100000321,Morgan Stanley Inc,Corporate,A-,10.330466362910432,7.747849772182824,105.22929148997628,4316698229.8506,66.2,LIN-BBB-,17.46,12.5,26.25,9.99,"{'duration': 77.48, 'spread': 21.05, 'liquidity': 26.81, 'momentum': 50.36, 'stability': 99.7, 'currency': 49.78}",CALCULATED,2025-09-08T07:37:35.306938+00:00,,Q4
100000322,Goldman Inc,Corporate,BBB,10.990457999183729,8.242843499387796,133.56739186600169,3548933081.801001,67.39,LIN-BBB-,19.22,14.37,23.8,9.99,"{'duration': 82.43, 'spread': 26.71, 'liquidity': 28.52, 'momentum': 50.22, 'stability': 99.81, 'currency': 49.76}",CALCULATED,2025-09-08T07:37:35.306995+00:00,,Q4
100000323,Microsoft Inc,Corporate,BBB,17.616979474246257,13.212734605684693,160.2346228364638,3457517297.102863,70.82,LIN-BBB,22.65,14.37,23.8,9.99,"{'duration': 100.0, 'spread': 32.05, 'liquidity': 28.41, 'momentum': 50.46, 'stability': 99.61, 'currency': 49.82}",CALCULATED,2025-09-08T07:37:35.307051+00:00,,Q5 (Highest)
100000324,Walmart Inc,Corporate,AA,12.06319349205461,9.047395119040958,68.97379536677813,5322307190.510353,73.08,LIN-BBB+,18.25,14.37,30.45,10.0,"{'duration': 90.47, 'spread': 13.79, 'liquidity': 26.13, 'momentum': 50.63, 'stability': 99.47, 'currency': 49.95}",CALCULATED,2025-09-08T07:37:35.307111+00:00,,Q5 (Highest)
100000325,Microsoft Inc,Corporate,A,26.504228089273372,19.87817106695503,110.97757687637913,1132374807.361904,72.11,LIN-BBB+,22.31,12.5,27.3,10.0,"{'duration': 100.0, 'spread': 22.2, 'liquidity': 39.83, 'momentum': 50.1, 'stability': 99.91, 'currency': 49.97}",CALCULATED,2025-09-08T07:37:35.307168+00:00,,Q5 (Highest)
100000326,Morgan Stanley Inc,Corporate,A+,8.516542351772198,6.387406763829149,31.30423905765015,589106041.1663865,65.84,LIN-BBB-,14.99,12.5,28.35,10.0,"{'duration': 63.87, 'spread': 6.26, 'liquidity': 44.71, 'momentum': 50.89, 'stability': 99.25, 'currency': 49.89}",CALCULATED,2025-09-08T07:37:35.307226+00:00,,Q4
100000327,Goldman Inc,Corporate,BBB,25.575177986595715,19.181383489946786,187.2288407389465,2728313922.883717,70.06,LIN-BBB,23.76,12.5,23.8,10.0,"{'duration': 100.0, 'spread': 37.45, 'liquidity': 31.43, 'momentum': 50.43, 'stability': 99.64, 'currency': 49.94}",CALCULATED,2025-09-08T07:37:35.307350+00:00,,Q5 (Highest)
100000328,Johnson Inc,Corporate,BBB+,20.489904289659236,15.367428217244427,123.23681862753755,3827107928.2323747,69.22,LIN-BBB,21.53,12.5,25.2,10.0,"{'duration': 100.0, 'spread': 24.65, 'liquidity': 28.3, 'momentum': 50.31, 'stability': 99.74, 'currency': 49.88}",CALCULATED,2025-09-08T07:37:35.307440+00:00,,Q5 (Highest)
100000329,Morgan Stanley Inc,Corporate,A-,8.943005799428335,6.707254349571251,94.91402274128497,749697732.0100178,67.71,LIN-BBB-,17.09,14.37,26.25,9.99,"{'duration': 67.07, 'spread': 18.98, 'liquidity': 41.84, 'momentum': 50.18, 'stability': 99.85, 'currency': 49.78}",CALCULATED,2025-09-08T07:37:35.307500+00:00,,Q4
100000330,Microsoft Inc,Corporate,A-,16.067712940853173,12.050784705639881,125.37067972929617,859536113.8868362,71.7,LIN-BBB,22.96,12.5,26.25,10.0,"{'duration': 100.0, 'spread': 25.07, 'liquidity': 41.95, 'momentum': 50.37, 'stability': 99.69, 'currency': 49.85}",CALCULATED,2025-09-08T07:37:35.307561+00:00,,Q5 (Highest)
100000331,JPMorgan Inc,Corporate,BBB,19.752792196403206,14.814594147302405,165.587206563361,1413808704.573145,69.99,LIN-BBB,23.69,12.5,23.8,10.0,"{'duration': 100.0, 'spread': 33.12, 'liquidity': 37.22, 'momentum': 50.29, 'stability': 99.75, 'currency': 49.95}",CALCULATED,2025-09-08T07:37:35.307632+00:00,,Q5 (Highest)
100000332,Morgan Stanley Inc,Corporate,BBB,20.07456575686646,15.055924317649843,178.15203122793304,3497172146.99367,69.5,LIN-BBB,23.2,12.5,23.8,10.0,"{'duration': 100.0, 'spread': 35.63, 'liquidity': 28.58, 'momentum': 50.05, 'stability': 99.96, 'currency': 49.93}",CALCULATED,2025-09-08T07:37:35.307698+00:00,,Q5 (Highest)
100000333,Morgan Stanley Inc,Corporate,BBB-,8.073850282013723,6.055387711510292,224.44532264896483,2169325867.80834,64.37,LIN-BB+,19.12,12.5,22.75,10.0,"{'duration': 60.55, 'spread': 44.89, 'liquidity': 33.06, 'momentum': 50.28, 'stability': 99.77, 'currency': 49.9}",CALCULATED,2025-09-08T07:37:35.307756+00:00,,Q3
100000334,JPMorgan Inc,Corporate,BBB+,11.761818604734236,8.821363953550676,133.651982061853,3515373193.5458617,67.82,LIN-BBB-,20.12,12.5,25.2,10.0,"{'duration': 88.21, 'spread': 26.73, 'liquidity': 28.81, 'momentum': 50.36, 'stability': 99.7, 'currency': 49.86}",CALCULATED,2025-09-08T07:37:35.307817+00:00,,Q4
100000335,Bank of America Inc,Corporate,BBB+,5.386393568582005,4.039795176436503,131.0115134654847,2620994400.5346932,62.78,LIN-BB+,13.21,14.37,25.2,9.99,"{'duration': 40.4, 'spread': 26.2, 'liquidity': 32.23, 'momentum': 50.34, 'stability': 99.72, 'currency': 49.84}",CALCULATED,2025-09-08T07:37:35.307875+00:00,,Q2
100000336,Wells Fargo Inc,Corporate,A,27.325944183642633,20.494458137731975,90.6170193994838,3194922198.6229954,72.41,LIN-BBB+,20.74,14.37,27.3,10.0,"{'duration': 100.0, 'spread': 18.12, 'liquidity': 30.19, 'momentum': 50.46, 'stability': 99.61, 'currency': 49.94}",CALCULATED,2025-09-08T07:37:35.307932+00:00,,Q5 (Highest)
100000337,Apple Inc,Corporate,A-,27.07619336047414,20.307145020355605,114.0816315796623,592516383.7730254,69.8,LIN-BBB,22.92,10.62,26.25,10.0,"{'duration': 100.0, 'spread': 22.82, 'liquidity': 45.01, 'momentum': 50.24, 'stability': 99.8, 'currency': 49.95}",CALCULATED,2025-09-08T07:37:35.307989+00:00,,Q5 (Highest)
100000338,Bank of America Inc,Corporate,A-,19.72720740098019,14.795405550735143,160.2454089140153,4614651277.088377,71.27,LIN-BBB,22.52,12.5,26.25,10.0,"{'duration': 100.0, 'spread': 32.05, 'liquidity': 27.15, 'momentum': 50.57, 'stability': 99.53, 'currency': 49.82}",CALCULATED,2025-09-08T07:37:35.308045+00:00,,Q5 (Highest)
100000339,Goldman Inc,Corporate,A+,19.115000675969505,14.336250506977128,92.35298585982844,1299861656.5554247,74.17,LIN-BBB+,21.45,14.37,28.35,10.0,"{'duration': 100.0, 'spread': 18.47, 'liquidity': 36.76, 'momentum': 50.53, 'stability': 99.56, 'currency': 49.95}",CALCULATED,2025-09-08T07:37:35.308102+00:00,,Q5 (Highest)
100000340,Bank of America Inc,Corporate,BBB,5.971708673430111,4.478781505072583,184.04109232051292,769051966.1423888,62.8,LIN-BB+,16.5,12.5,23.8,10.0,"{'duration': 44.79, 'spread': 36.81, 'liquidity': 42.56, 'momentum': 50.25, 'stability': 99.79, 'currency': 49.99}",CALCULATED,2025-09-08T07:37:35.308158+00:00,,Q2
100000341,Wells Fargo Inc,Corporate,BBB+,15.289643776808724,11.467232832606543,169.05196789297813,1293710075.152638,71.57,LIN-BBB,23.87,12.5,25.2,10.0,"{'duration': 100.0, 'spread': 33.81, 'liquidity': 37.97, 'momentum': 50.54, 'stability': 99.55, 'currency': 49.91}",CALCULATED,2025-09-08T07:37:35.308214+00:00,,Q5 (Highest)
100000342,Morgan Stanley Inc,Corporate,BBB+,7.149658156793523,5.3622436175951425,116.90543447180005,4771043486.956765,61.91,LIN-BB+,14.22,12.5,25.2,10.0,"{'duration': 53.62, 'spread': 23.38, 'liquidity': 26.66, 'momentum': 50.63, 'stability': 99.47, 'currency': 49.84}",CALCULATED,2025-09-08T07:37:35.308271+00:00,,Q2
100000343,Berkshire Inc,Corporate,AA-,26.8387000460055,20.129025034504124,47.38769330124947,4519968029.654878,71.04,LIN-BBB,19.14,12.5,29.4,10.0,"{'duration': 100.0, 'spread': 9.48, 'liquidity': 27.16, 'momentum': 50.32, 'stability': 99.73, 'currency': 49.98}",CALCULATED,2025-09-08T07:37:35.308328+00:00,,Q5 (Highest)
100000344,Johnson Inc,Corporate,A,19.811024407163767,14.858268305372825,99.32774870592574,4411316151.48393,70.51,LIN-BBB,20.71,12.5,27.3,10.0,"{'duration': 100.0, 'spread': 19.87, 'liquidity': 27.3, 'momentum': 50.26, 'stability': 99.78, 'currency': 49.95}",CALCULATED,2025-09-08T07:37:35.308387+00:00,,Q5 (Highest)
100000345,JPMorgan Inc,Corporate,BBB-,24.31405439166681,18.235540793750108,196.12578024678345,2597542605.3336215,69.29,LIN-BBB,24.04,12.5,22.75,10.0,"{'duration': 100.0, 'spread': 39.23, 'liquidity': 31.58, 'momentum': 50.18, 'stability': 99.85, 'currency': 49.92}",CALCULATED,2025-09-08T07:37:35.308445+00:00,,Q5 (Highest)
100000346,Wells Fargo Inc,Corporate,A-,8.596370434827026,6.44727782612027,94.86477310208721,609684252.9683034,67.59,LIN-BBB-,16.97,14.37,26.25,10.0,"{'duration': 64.47, 'spread': 18.97, 'liquidity': 44.55, 'momentum': 50.22, 'stability': 99.82, 'currency': 49.89}",CALCULATED,2025-09-08T07:37:35.308503+00:00,,Q4
100000347,Microsoft Inc,Corporate,BBB,26.34579089016978,19.759343167627335,141.63800798992415,3012556790.490943,70.46,LIN-BBB,22.28,14.37,23.8,10.0,"{'duration': 100.0, 'spread': 28.33, 'liquidity': 30.36, 'momentum': 50.19, 'stability': 99.84, 'currency': 49.97}",CALCULATED,2025-09-08T07:37:35.308566+00:00,,Q5 (Highest)
100000348,Bank of America Inc,Corporate,AAA,15.408769544767823,11.556577158575868,58.307805511203235,735620540.9352154,78.61,LIN-A,20.99,14.37,33.25,9.99,"{'duration': 100.0, 'spread': 11.66, 'liquidity': 42.42, 'momentum': 50.1, 'stability': 99.91, 'currency': 49.77}",CALCULATED,2025-09-08T07:37:35.308623+00:00,,Q5 (Highest)
100000349,Morgan Stanley Inc,Corporate,BBB,17.526613044825382,13.144959783619036,174.42233211698488,1436491247.7540507,72.13,LIN-BBB+,23.95,14.37,23.8,10.0,"{'duration': 100.0, 'spread': 34.88, 'liquidity': 37.21, 'momentum': 50.57, 'stability': 99.53, 'currency': 49.99}",CALCULATED,2025-09-08T07:37:35.308685+00:00,,Q5 (Highest)
100000350,Microsoft Inc,Corporate,A+,21.860326880646703,16.395245160485025,93.67761701800464,3965297975.904712,73.22,LIN-BBB+,20.49,14.37,28.35,10.0,"{'duration': 100.0, 'spread': 18.74, 'liquidity': 26.81, 'momentum': 50.65, 'stability': 99.45, 'currency': 49.99}",CALCULATED,2025-09-08T07:37:35.308746+00:00,,Q5 (Highest)
100000351,Goldman Inc,Corporate,BBB+,10.544228872753944,7.908171654565458,154.65189816455631,2678683450.7569103,67.34,LIN-BBB-,19.64,12.5,25.2,10.0,"{'duration': 79.08, 'spread': 30.93, 'liquidity': 31.35, 'momentum': 50.41, 'stability': 99.65, 'currency': 49.98}",CALCULATED,2025-09-08T07:37:35.308804+00:00,,Q4
100000352,JPMorgan Inc,Corporate,A+,27.13760053626794,20.353200402200954,109.76475881292863,2944469248.4402533,70.29,LIN-BBB,21.32,10.62,28.35,9.99,"{'duration': 100.0, 'spread': 21.95, 'liquidity': 30.23, 'momentum': 50.79, 'stability': 99.34, 'currency': 49.77}",CALCULATED,2025-09-08T07:37:35.308894+00:00,,Q5 (Highest)
100000353,Berkshire Inc,Corporate,BBB,9.265504971931211,6.949128728948408,187.71320000938476,1281389343.5630925,66.06,LIN-BBB-,19.76,12.5,23.8,10.0,"{'duration': 69.49, 'spread': 37.54, 'liquidity': 37.09, 'momentum': 50.01, 'stability': 99.99, 'currency': 49.92}",CALCULATED,2025-09-08T07:37:35.308961+00:00,,Q4
100000354,Bank of America Inc,Corporate,BBB-,23.857939724143908,17.89345479310793,237.2905981708159,4219756180.833038,72.06,LIN-BBB+,24.93,14.37,22.75,10.0,"{'duration': 100.0, 'spread': 47.46, 'liquidity': 28.13, 'momentum': 50.54, 'stability': 99.55, 'currency': 49.99}",CALCULATED,2025-09-08T07:37:35.309024+00:00,,Q5 (Highest)
100000355,Johnson Inc,Corporate,A+,4.227217511766491,3.1704131338248684,60.63784056901356,3630004172.5000396,60.34,LIN-BB+,9.48,12.5,28.35,10.0,"{'duration': 31.7, 'spread': 12.13, 'liquidity': 29.08, 'momentum': 50.65, 'stability': 99.46, 'currency': 49.98}",CALCULATED,2025-09-08T07:37:35.309081+00:00,,Q1 (Lowest)
100000356,Walmart Inc,Corporate,A-,24.492199865536648,18.369149899152486,104.45219848282191,2081781330.4916787,68.41,LIN-BBB,21.53,10.62,26.25,10.0,"{'duration': 100.0, 'spread': 20.89, 'liquidity': 33.93, 'momentum': 50.6, 'stability': 99.5, 'currency': 49.98}",CALCULATED,2025-09-08T07:37:35.309139+00:00,,Q4
100000357,Wells Fargo Inc,Corporate,A-,4.499175885847065,3.3743819143852987,158.24818819833598,1511103604.888674,64.12,LIN-BB+,13.49,14.37,26.25,10.0,"{'duration': 33.74, 'spread': 31.65, 'liquidity': 36.78, 'momentum': 50.47, 'stability': 99.61, 'currency': 49.98}",CALCULATED,2025-09-08T07:37:35.309195+00:00,,Q3
100000358,JPMorgan Inc,Corporate,AA+,23.93158939954363,17.948692049657723,35.945439681747224,597190258.0362117,74.47,LIN-BBB+,20.47,12.5,31.5,10.0,"{'duration': 100.0, 'spread': 7.19, 'liquidity': 43.94, 'momentum': 50.38, 'stability': 99.68, 'currency': 49.97}",CALCULATED,2025-09-08T07:37:35.309254+00:00,,Q5 (Highest)
100000359,Microsoft Inc,Corporate,A,19.189944348417878,14.392458261313408,56.11503512908936,4629584797.974928,69.15,LIN-BBB,19.36,12.5,27.3,9.99,"{'duration': 100.0, 'spread': 11.22, 'liquidity': 26.73, 'momentum': 50.23, 'stability': 99.81, 'currency': 49.8}",CALCULATED,2025-09-08T07:37:35.309313+00:00,,Q5 (Highest)
100000360,Morgan Stanley Inc,Corporate,BBB-,6.8408914739740165,5.130668605480512,237.0041073426247,879992664.6663185,66.02,LIN-BBB-,18.9,14.37,22.75,10.0,"{'duration': 51.31, 'spread': 47.4, 'liquidity': 40.91, 'momentum': 50.17, 'stability': 99.86, 'currency': 49.98}",CALCULATED,2025-09-08T07:37:35.309370+00:00,,Q4
100000361,Goldman Inc,Corporate,AA-,22.173581295242506,16.630185971431878,52.39559618355346,2360736234.118715,73.54,LIN-BBB+,19.77,14.37,29.4,10.0,"{'duration': 100.0, 'spread': 10.48, 'liquidity': 31.97, 'momentum': 50.4, 'stability': 99.67, 'currency': 49.93}",CALCULATED,2025-09-08T07:37:35.309427+00:00,,Q5 (Highest)
100000362,Apple Inc,Corporate,BBB-,8.73607648427777,6.552057363208328,201.02166958350324,2512720971.6196504,66.25,LIN-BBB-,19.13,14.37,22.75,10.0,"{'duration': 65.52, 'spread': 40.2, 'liquidity': 32.72, 'momentum': 50.14, 'stability': 99.88, 'currency': 49.94}",CALCULATED,2025-09-08T07:37:35.309482+00:00,,Q4
100000363,Johnson Inc,Corporate,BBB-,25.435627618486848,19.076720713865136,227.0500993671376,2809087221.480127,70.13,LIN-BBB,24.89,12.5,22.75,9.99,"{'duration': 100.0, 'spread': 45.41, 'liquidity': 30.78, 'momentum': 50.16, 'stability': 99.87, 'currency': 49.81}",CALCULATED,2025-09-08T07:37:35.309555+00:00,,Q5 (Highest)
100000364,Morgan Stanley Inc,Corporate,BBB+,27.365151898724793,20.523863924043596,175.27413355309338,3317395181.3967385,70.88,LIN-BBB,23.18,12.5,25.2,10.0,"{'duration': 100.0, 'spread': 35.05, 'liquidity': 29.21, 'momentum': 50.61, 'stability': 99.49, 'currency': 49.92}",CALCULATED,2025-09-08T07:37:35.309622+00:00,,Q5 (Highest)
100000365,Johnson Inc,Corporate,AA-,5.042849805410993,3.782137354058245,55.36914860760685,3093949530.647023,64.12,LIN-BB+,10.34,14.37,29.4,10.0,"{'duration': 37.82, 'spread': 11.07, 'liquidity': 30.08, 'momentum': 50.41, 'stability': 99.66, 'currency': 49.98}",CALCULATED,2025-09-08T07:37:35.309682+00:00,,Q3
100000366,Bank of America Inc,Corporate,BBB+,18.335306027534173,13.75147952065063,156.68352834489795,4151848269.873153,72.03,LIN-BBB+,22.46,14.37,25.2,10.0,"{'duration': 100.0, 'spread': 31.34, 'liquidity': 27.57, 'momentum': 50.23, 'stability': 99.81, 'currency': 49.95}",CALCULATED,2025-09-08T07:37:35.309740+00:00,,Q5 (Highest)
100000367,Walmart Inc,Corporate,BBB+,19.57719827078128,14.68289870308596,159.72072578835275,1952700608.1083772,72.72,LIN-BBB+,23.14,14.37,25.2,10.0,"{'duration': 100.0, 'spread': 31.94, 'liquidity': 33.49, 'momentum': 50.33, 'stability': 99.73, 'currency': 49.96}",CALCULATED,2025-09-08T07:37:35.309798+00:00,,Q5 (Highest)
100000368,Morgan Stanley Inc,Corporate,A-,25.533955720072345,19.15046679005426,133.94130548028775,3009176556.8475623,72.68,LIN-BBB+,22.05,14.37,26.25,10.0,"{'duration': 100.0, 'spread': 26.79, 'liquidity': 30.33, 'momentum': 50.21, 'stability': 99.83, 'currency': 49.97}",CALCULATED,2025-09-08T07:37:35.309855+00:00,,Q5 (Highest)
100000369,JPMorgan Inc,Corporate,A-,21.338377082431574,16.00378281182368,117.15984773940946,3085866181.522552,72.13,LIN-BBB+,21.5,14.37,26.25,10.0,"{'duration': 100.0, 'spread': 23.43, 'liquidity': 29.88, 'momentum': 50.25, 'stability': 99.79, 'currency': 49.96}",CALCULATED,2025-09-08T07:37:35.309911+00:00,,Q5 (Highest)
100000370,Bank of America Inc,Corporate,BBB+,6.141679099441388,4.606259324581041,162.20432339178444,3505297392.4346204,62.39,LIN-BB+,14.69,12.5,25.2,10.0,"{'duration': 46.06, 'spread': 32.44, 'liquidity': 29.17, 'momentum': 50.19, 'stability': 99.84, 'currency': 49.94}",CALCULATED,2025-09-08T07:37:35.309967+00:00,,Q2
100000371,Apple Inc,Corporate,BBB+,28.98105905844723,21.735794293835422,181.9209698279111,2840881745.1630206,71.22,LIN-BBB,23.54,12.5,25.2,9.99,"{'duration': 100.0, 'spread': 36.38, 'liquidity': 30.77, 'momentum': 49.87, 'stability': 99.89, 'currency': 49.97}",CALCULATED,2025-09-08T07:37:35.310027+00:00,,Q5 (Highest)
100000372,Berkshire Inc,Corporate,BBB-,7.541498705695991,5.656124029271993,223.06203985868652,1619672716.062885,64.05,LIN-BB+,18.8,12.5,22.75,10.0,"{'duration': 56.56, 'spread': 44.61, 'liquidity': 36.24, 'momentum': 50.53, 'stability': 99.56, 'currency': 50.0}",CALCULATED,2025-09-08T07:37:35.310085+00:00,,Q3
100000373,Morgan Stanley Inc,Corporate,BBB-,10.713889039208642,8.035416779406482,214.56359393440692,672929673.5774184,69.93,LIN-BBB,22.81,14.37,22.75,9.99,"{'duration': 80.35, 'spread': 42.91, 'liquidity': 43.18, 'momentum': 50.09, 'stability': 99.93, 'currency': 49.87}",CALCULATED,2025-09-08T07:37:35.310143+00:00,,Q5 (Highest)
100000374,Morgan Stanley Inc,Corporate,BBB+,5.905582988516189,4.429187241387142,150.05621031372246,2645523851.766971,63.94,LIN-BB+,14.37,14.37,25.2,9.99,"{'duration': 44.29, 'spread': 30.01, 'liquidity': 32.21, 'momentum': 50.31, 'stability': 99.74, 'currency': 49.84}",CALCULATED,2025-09-08T07:37:35.310202+00:00,,Q3
100000375,JPMorgan Inc,Corporate,AA,22.246841888245786,16.68513141618434,38.68930620206112,1645158239.1582315,72.73,LIN-BBB+,19.78,12.5,30.45,10.0,"{'duration': 100.0, 'spread': 7.74, 'liquidity': 36.18, 'momentum': 50.45, 'stability': 99.62, 'currency': 49.96}",CALCULATED,2025-09-08T07:37:35.310258+00:00,,Q5 (Highest)
100000376,FHLBanks,Agency,AA+,5.635225235839623,5.071702712255661,38.40567805448985,19777016618.805073,60.38,LIN-BB+,10.76,8.12,31.5,10.0,"{'duration': 50.72, 'spread': 7.68, 'liquidity': 20, 'momentum': 50.09, 'stability': 99.93, 'currency': 49.9}",CALCULATED,2025-09-08T07:37:35.310318+00:00,,Q1 (Lowest)
100000377,FHLBanks,Agency,AAA,5.975164148000391,5.377647733200352,42.508261446027475,15258189751.665087,62.71,LIN-BB+,11.34,8.12,33.25,10.0,"{'duration': 53.78, 'spread': 8.5, 'liquidity': 20, 'momentum': 50.39, 'stability': 99.67, 'currency': 49.89}",CALCULATED,2025-09-08T07:37:35.310377+00:00,,Q2
100000378,FHLB,Agency,AA+,7.523245775288576,6.770921197759718,25.216345064396904,15822427506.072935,62.54,LIN-BB+,12.91,8.12,31.5,10.0,"{'duration': 67.71, 'spread': 5.04, 'liquidity': 20, 'momentum': 50.33, 'stability': 99.72, 'currency': 49.89}",CALCULATED,2025-09-08T07:37:35.310434+00:00,,Q2
100000379,FFCB,Agency,AA+,9.415330770648865,8.473797693583979,21.410944247109853,8578247072.061372,65.07,LIN-BBB-,15.45,8.12,31.5,10.0,"{'duration': 84.74, 'spread': 4.28, 'liquidity': 20.93, 'momentum': 50.24, 'stability': 99.8, 'currency': 49.9}",CALCULATED,2025-09-08T07:37:35.310491+00:00,,Q3
100000380,FHLBanks,Agency,AAA,2.050059768211762,1.8450537913905858,16.856571050414257,12045791122.619455,56.65,LIN-BB+,5.27,8.12,33.25,10.0,"{'duration': 18.45, 'spread': 3.37, 'liquidity': 20, 'momentum': 50.47, 'stability': 99.61, 'currency': 50.0}",CALCULATED,2025-09-08T07:37:35.310547+00:00,,Q1 (Lowest)
100000381,FFCB,Agency,AAA,3.306693184712458,2.976023866241212,21.65345934576956,6644843919.919795,58.8,LIN-BB+,7.42,8.12,33.25,10.0,"{'duration': 29.76, 'spread': 4.33, 'liquidity': 23.06, 'momentum': 50.3, 'stability': 99.75, 'currency': 49.98}",CALCULATED,2025-09-08T07:37:35.310606+00:00,,Q1 (Lowest)
100000382,FHLB,Agency,AAA,7.011656157415417,6.310490541673875,23.61980149526706,6698180042.587786,63.95,LIN-BB+,12.57,8.12,33.25,10.0,"{'duration': 63.1, 'spread': 4.72, 'liquidity': 23.99, 'momentum': 50.13, 'stability': 99.89, 'currency': 49.96}",CALCULATED,2025-09-08T07:37:35.310663+00:00,,Q3
100000383,FFCB,Agency,AAA,6.422098944268665,5.779889049841799,21.487515845595865,5092109058.417503,63.3,LIN-BB+,11.92,8.12,33.25,10.0,"{'duration': 57.8, 'spread': 4.3, 'liquidity': 26.08, 'momentum': 50.48, 'stability': 99.6, 'currency': 49.97}",CALCULATED,2025-09-08T07:37:35.310723+00:00,,Q3
100000384,TVA,Agency,AAA,5.261726165321802,4.735553548789622,18.76696735911754,4321351689.346195,61.78,LIN-BB+,10.41,8.12,33.25,10.0,"{'duration': 47.36, 'spread': 3.75, 'liquidity': 27.42, 'momentum': 50.62, 'stability': 99.48, 'currency': 49.89}",CALCULATED,2025-09-08T07:37:35.310782+00:00,,Q2
100000385,FFCB,Agency,AAA,4.698487633209821,4.228638869888838,24.357357166101156,3224017792.447349,61.41,LIN-BB+,10.03,8.12,33.25,10.0,"{'duration': 42.29, 'spread': 4.87, 'liquidity': 29.58, 'momentum': 50.44, 'stability': 99.63, 'currency': 49.92}",CALCULATED,2025-09-08T07:37:35.310838+00:00,,Q2
100000386,FHLB,Agency,AA+,6.3646569743365315,5.728191276902878,18.1677463792992,1904120107.4628932,62.23,LIN-BB+,12.6,8.12,31.5,10.01,"{'duration': 57.28, 'spread': 3.63, 'liquidity': 34.61, 'momentum': 50.8, 'stability': 99.33, 'currency': 49.99}",CALCULATED,2025-09-08T07:37:35.310896+00:00,,Q2
100000387,FFCB,Agency,AA+,4.81444005128282,4.3329960461545385,37.85027628640988,10386875273.687706,59.25,LIN-BB+,9.64,8.12,31.5,9.99,"{'duration': 43.33, 'spread': 7.57, 'liquidity': 20, 'momentum': 50.29, 'stability': 99.76, 'currency': 49.85}",CALCULATED,2025-09-08T07:37:35.310952+00:00,,Q1 (Lowest)
100000388,TVA,Agency,AAA,3.6122270240505028,3.2510043216454525,43.03299116260324,14249298249.432957,59.54,LIN-BB+,8.17,8.12,33.25,10.0,"{'duration': 32.51, 'spread': 8.61, 'liquidity': 20, 'momentum': 50.61, 'stability': 99.49, 'currency': 49.9}",CALCULATED,2025-09-08T07:37:35.311008+00:00,,Q1 (Lowest)
100000389,TVA,Agency,AAA,2.8227407372598137,2.540466663533832,18.778655891380748,18940292989.502403,57.75,LIN-BB+,6.37,8.12,33.25,10.0,"{'duration': 25.4, 'spread': 3.76, 'liquidity': 20, 'momentum': 50.56, 'stability': 99.53, 'currency': 49.95}",CALCULATED,2025-09-08T07:37:35.311065+00:00,,Q1 (Lowest)
100000390,FFCB,Agency,AA+,6.825200960983576,6.142680864885219,35.47597378613165,10943497438.060823,61.9,LIN-BB+,12.28,8.12,31.5,10.0,"{'duration': 61.43, 'spread': 7.1, 'liquidity': 20, 'momentum': 50.26, 'stability': 99.78, 'currency': 49.93}",CALCULATED,2025-09-08T07:37:35.311124+00:00,,Q2
100000391,FFCB,Agency,AAA,3.7497111112523136,3.3747400001270824,16.79829902583925,3307575982.096333,59.86,LIN-BB+,8.48,8.12,33.25,10.0,"{'duration': 33.75, 'spread': 3.36, 'liquidity': 29.15, 'momentum': 50.6, 'stability': 99.5, 'currency': 49.97}",CALCULATED,2025-09-08T07:37:35.311181+00:00,,Q1 (Lowest)
100000392,TVA,Agency,AA+,5.82822695935618,5.245404263420562,42.86578649536697,7191721195.262279,61.05,LIN-BB+,11.43,8.12,31.5,10.0,"{'duration': 52.45, 'spread': 8.57, 'liquidity': 22.72, 'momentum': 50.35, 'stability': 99.71, 'currency': 49.89}",CALCULATED,2025-09-08T07:37:35.311238+00:00,,Q2
100000393,FHLBanks,Agency,AAA,8.444207308608455,7.59978657774761,26.936525266710692,17872705353.043762,65.58,LIN-BBB-,14.21,8.12,33.25,10.0,"{'duration': 76.0, 'spread': 5.39, 'liquidity': 20, 'momentum': 50.14, 'stability': 99.88, 'currency': 49.97}",CALCULATED,2025-09-08T07:37:35.311297+00:00,,Q4
100000394,FFCB,Agency,AAA,8.718562817627907,7.846706535865117,18.824570404207385,16917803075.63722,65.71,LIN-BBB-,14.33,8.12,33.25,10.0,"{'duration': 78.47, 'spread': 3.76, 'liquidity': 20, 'momentum': 50.52, 'stability': 99.56, 'currency': 49.91}",CALCULATED,2025-09-08T07:37:35.311357+00:00,,Q4
100000395,TVA,Agency,AAA,8.050674156663092,7.2456067409967835,17.450018275802886,18099957224.38956,64.77,LIN-BB+,13.39,8.12,33.25,10.0,"{'duration': 72.46, 'spread': 3.49, 'liquidity': 20, 'momentum': 50.22, 'stability': 99.81, 'currency': 49.96}",CALCULATED,2025-09-08T07:37:35.311418+00:00,,Q3
100000396,TVA,Agency,AA+,9.22164408356285,8.299479675206566,40.11789021415527,3454611626.395436,66.21,LIN-BBB-,16.58,8.12,31.5,10.0,"{'duration': 82.99, 'spread': 8.02, 'liquidity': 29.32, 'momentum': 50.31, 'stability': 99.74, 'currency': 49.99}",CALCULATED,2025-09-08T07:37:35.311501+00:00,,Q4
100000397,TVA,Agency,AAA,4.306012617338948,3.875411355605053,23.963486131627548,15074481885.064472,59.91,LIN-BB+,8.53,8.12,33.25,10.0,"{'duration': 38.75, 'spread': 4.79, 'liquidity': 20, 'momentum': 50.15, 'stability': 99.88, 'currency': 49.98}",CALCULATED,2025-09-08T07:37:35.311564+00:00,,Q1 (Lowest)
100000398,FHLBanks,Agency,AA+,9.190303117898782,8.271272806108904,31.593359131751146,17713620124.776066,64.98,LIN-BB+,15.35,8.12,31.5,10.0,"{'duration': 82.71, 'spread': 6.32, 'liquidity': 20, 'momentum': 50.15, 'stability': 99.87, 'currency': 49.95}",CALCULATED,2025-09-08T07:37:35.311631+00:00,,Q3
100000399,FHLBanks,Agency,AAA,8.637782930572996,7.774004637515697,44.30383118482759,8105027361.378625,66.48,LIN-BBB-,15.11,8.12,33.25,10.0,"{'duration': 77.74, 'spread': 8.86, 'liquidity': 21.22, 'momentum': 50.34, 'stability': 99.72, 'currency': 49.9}",CALCULATED,2025-09-08T07:37:35.311701+00:00,,Q4
100000400,FHLB,Agency,AAA,5.91228620246096,5.3210575822148645,40.786691907538106,11649479816.235552,62.58,LIN-BB+,11.21,8.12,33.25,10.0,"{'duration': 53.21, 'spread': 8.16, 'liquidity': 20, 'momentum': 50.64, 'stability': 99.46, 'currency': 49.92}",CALCULATED,2025-09-08T07:37:35.311760+00:00,,Q2
100000401,FHLB,Agency,AA+,8.432765357068742,7.5894888213618685,27.778131254008184,21099386517.408405,63.84,LIN-BB+,14.22,8.12,31.5,10.0,"{'duration': 75.89, 'spread': 5.56, 'liquidity': 20, 'momentum': 50.4, 'stability': 99.67, 'currency': 49.98}",CALCULATED,2025-09-08T07:37:35.311823+00:00,,Q3
100000402,FHLB,Agency,AAA,8.372068157789666,7.5348613420107,21.97623994862565,5622636552.660828,65.89,LIN-BBB-,14.51,8.12,33.25,10.0,"{'duration': 75.35, 'spread': 4.4, 'liquidity': 25.52, 'momentum': 50.91, 'stability': 99.23, 'currency': 49.9}",CALCULATED,2025-09-08T07:37:35.311881+00:00,,Q4
100000403,FHLBanks,Agency,AAA,8.659337467282022,7.79340372055382,44.26419084942066,9479378832.778307,66.4,LIN-BBB-,15.02,8.12,33.25,10.0,"{'duration': 77.93, 'spread': 8.85, 'liquidity': 20, 'momentum': 50.43, 'stability': 99.64, 'currency': 49.98}",CALCULATED,2025-09-08T07:37:35.311938+00:00,,Q4
100000404,FFCB,Agency,AAA,6.7887608592373665,6.10988477331363,34.588489744135266,3932043317.5755033,64.39,LIN-BB+,13.01,8.12,33.25,10.0,"{'duration': 61.1, 'spread': 6.92, 'liquidity': 28.12, 'momentum': 50.45, 'stability': 99.63, 'currency': 49.93}",CALCULATED,2025-09-08T07:37:35.311997+00:00,,Q3
100000405,TVA,Agency,AAA,9.392861727290235,8.453575554561212,44.25539927926525,17809142732.97951,67.39,LIN-BBB-,16.01,8.12,33.25,10.0,"{'duration': 84.54, 'spread': 8.85, 'liquidity': 20, 'momentum': 50.48, 'stability': 99.6, 'currency': 49.98}",CALCULATED,2025-09-08T07:37:35.312056+00:00,,Q4
100000406,FFCB,Agency,AAA,6.403774216823524,5.763396795141172,38.70044524679646,6398437217.833236,63.49,LIN-BB+,12.11,8.12,33.25,10.0,"{'duration': 57.63, 'spread': 7.74, 'liquidity': 23.05, 'momentum': 50.55, 'stability': 99.54, 'currency': 49.99}",CALCULATED,2025-09-08T07:37:35.312114+00:00,,Q3
100000407,FFCB,Agency,AAA,5.994423568114602,5.394981211303142,18.190118920446814,3381004366.2716584,63.01,LIN-BB+,11.64,8.12,33.25,10.0,"{'duration': 53.95, 'spread': 3.64, 'liquidity': 29.98, 'momentum': 50.44, 'stability': 99.63, 'currency': 50.0}",CALCULATED,2025-09-08T07:37:35.312172+00:00,,Q2
100000408,TVA,Agency,AAA,5.659544446959106,5.093590002263195,26.908439188028787,10415629606.252747,61.85,LIN-BB+,10.48,8.12,33.25,10.0,"{'duration': 50.94, 'spread': 5.38, 'liquidity': 20.31, 'momentum': 50.26, 'stability': 99.79, 'currency': 49.97}",CALCULATED,2025-09-08T07:37:35.312230+00:00,,Q2
100000409,FHLB,Agency,AAA,2.88966997870575,2.600702980835175,41.045078859795126,6530867670.958978,58.86,LIN-BB+,7.49,8.12,33.25,10.0,"{'duration': 26.01, 'spread': 8.21, 'liquidity': 23.54, 'momentum': 50.46, 'stability': 99.62, 'currency': 49.91}",CALCULATED,2025-09-08T07:37:35.312288+00:00,,Q1 (Lowest)
100000410,FFCB,Agency,AAA,3.7193322510937534,3.347399025984378,16.25892220330903,7570916555.617956,59.08,LIN-BB+,7.71,8.12,33.25,9.99,"{'duration': 33.47, 'spread': 3.25, 'liquidity': 22.04, 'momentum': 50.18, 'stability': 99.85, 'currency': 49.8}",CALCULATED,2025-09-08T07:37:35.312346+00:00,,Q1 (Lowest)
100000411,TVA,Agency,AAA,9.030153998343316,8.127138598508985,31.75056945192341,17821654088.82792,66.52,LIN-BBB-,15.14,8.12,33.25,10.0,"{'duration': 81.27, 'spread': 6.35, 'liquidity': 20, 'momentum': 50.64, 'stability': 99.46, 'currency': 49.85}",CALCULATED,2025-09-08T07:37:35.312403+00:00,,Q4
100000412,FHLBanks,Agency,AA+,6.019927014615456,5.417934313153911,21.023129242700357,6499046134.691064,60.69,LIN-BB+,11.07,8.12,31.5,10.0,"{'duration': 54.18, 'spread': 4.2, 'liquidity': 23.12, 'momentum': 50.18, 'stability': 99.85, 'currency': 49.88}",CALCULATED,2025-09-08T07:37:35.312712+00:00,,Q2
100000413,FFCB,Agency,AAA,6.826673569696278,6.144006212726651,39.05052879573915,10505306123.771973,63.77,LIN-BB+,12.39,8.12,33.25,10.0,"{'duration': 61.44, 'spread': 7.81, 'liquidity': 20.07, 'momentum': 50.44, 'stability': 99.63, 'currency': 49.95}",CALCULATED,2025-09-08T07:37:35.312773+00:00,,Q3
100000414,FHLB,Agency,AA+,2.103257823847936,1.8929320414631423,21.80071956224771,12471271314.86026,55.12,LIN-BB+,5.49,8.12,31.5,10.0,"{'duration': 18.93, 'spread': 4.36, 'liquidity': 20, 'momentum': 50.06, 'stability': 99.95, 'currency': 49.98}",CALCULATED,2025-09-08T07:37:35.312838+00:00,,Q1 (Lowest)
100000415,FHLBanks,Agency,AAA,3.5751029742054685,3.2175926767849217,28.23451656691897,4464250994.279986,59.68,LIN-BB+,8.31,8.12,33.25,9.99,"{'duration': 32.18, 'spread': 5.65, 'liquidity': 26.4, 'momentum': 50.38, 'stability': 99.68, 'currency': 49.83}",CALCULATED,2025-09-08T07:37:35.312941+00:00,,Q1 (Lowest)
100000416,FFCB,Agency,AA+,5.728930341267912,5.156037307141121,28.361595779336167,1312675307.2468417,62.0,LIN-BB+,12.37,8.12,31.5,10.0,"{'duration': 51.56, 'spread': 5.67, 'liquidity': 37.88, 'momentum': 50.29, 'stability': 99.75, 'currency': 49.98}",CALCULATED,2025-09-08T07:37:35.313001+00:00,,Q2
100000417,TVA,Agency,AAA,8.59883013989683,7.7389471259071465,38.632265649071094,6370895876.458884,66.53,LIN-BBB-,15.16,8.12,33.25,10.0,"{'duration': 77.39, 'spread': 7.73, 'liquidity': 23.9, 'momentum': 50.39, 'stability': 99.67, 'currency': 49.88}",CALCULATED,2025-09-08T07:37:35.313058+00:00,,Q4
100000418,FHLBanks,Agency,AAA,3.1436870208060173,2.8293183187254156,37.26880614510789,5169648273.544347,59.24,LIN-BB+,7.86,8.12,33.25,10.0,"{'duration': 28.29, 'spread': 7.45, 'liquidity': 24.98, 'momentum': 50.65, 'stability': 99.46, 'currency': 49.97}",CALCULATED,2025-09-08T07:37:35.313115+00:00,,Q1 (Lowest)
100000419,FHLB,Agency,AAA,2.206475142905454,1.9858276286149086,31.59871918869,11201602151.368835,57.3,LIN-BB+,5.93,8.12,33.25,10.0,"{'duration': 19.86, 'spread': 6.32, 'liquidity': 20, 'momentum': 50.27, 'stability': 99.78, 'currency': 49.97}",CALCULATED,2025-09-08T07:37:35.313176+00:00,,Q1 (Lowest)
100000420,FHLB,Agency,AAA,9.22211030371607,8.299899273344463,30.746999601775148,10009072094.279673,66.78,LIN-BBB-,15.41,8.12,33.25,9.99,"{'duration': 83.0, 'spread': 6.15, 'liquidity': 20.38, 'momentum': 50.02, 'stability': 99.98, 'currency': 49.79}",CALCULATED,2025-09-08T07:37:35.313232+00:00,,Q4
100000421,FFCB,Agency,AAA,8.054064721975426,7.2486582497778835,35.41674485337305,3750428247.5387373,66.07,LIN-BBB-,14.7,8.12,33.25,10.0,"{'duration': 72.49, 'spread': 7.08, 'liquidity': 27.63, 'momentum': 50.4, 'stability': 99.67, 'currency': 49.96}",CALCULATED,2025-09-08T07:37:35.313289+00:00,,Q4
100000422,FHLB,Agency,AAA,2.7291251155574203,2.4562126040016783,23.577016013136074,14565797397.012272,57.76,LIN-BB+,6.39,8.12,33.25,9.99,"{'duration': 24.56, 'spread': 4.72, 'liquidity': 20, 'momentum': 50.23, 'stability': 99.81, 'currency': 49.82}",CALCULATED,2025-09-08T07:37:35.313348+00:00,,Q1 (Lowest)
100000423,FFCB,Agency,AAA,2.331424710555102,2.098282239499592,44.034082129454546,10872011405.673395,57.84,LIN-BB+,6.47,8.12,33.25,10.0,"{'duration': 20.98, 'spread': 8.81, 'liquidity': 20, 'momentum': 50.1, 'stability': 99.92, 'currency': 50.0}",CALCULATED,2025-09-08T07:37:35.313430+00:00,,Q1 (Lowest)
100000424,FFCB,Agency,AA+,6.701576146300368,6.031418531670331,18.37093445846957,7189565452.343382,61.5,LIN-BB+,11.87,8.12,31.5,10.0,"{'duration': 60.31, 'spread': 3.67, 'liquidity': 22.72, 'momentum': 50.67, 'stability': 99.44, 'currency': 49.9}",CALCULATED,2025-09-08T07:37:35.313494+00:00,,Q2
100000425,FFCB,Agency,AA+,7.841946674862944,7.05775200737665,29.696114301532337,13259375330.84443,63.1,LIN-BB+,13.48,8.12,31.5,10.0,"{'duration': 70.58, 'spread': 5.94, 'liquidity': 20, 'momentum': 50.51, 'stability': 99.58, 'currency': 49.86}",CALCULATED,2025-09-08T07:37:35.313555+00:00,,Q2
100000426,TVA,Agency,AA+,7.852496956489071,7.067247260840165,26.16360645725096,10615280087.835098,63.01,LIN-BB+,13.39,8.12,31.5,10.0,"{'duration': 70.67, 'spread': 5.23, 'liquidity': 20, 'momentum': 50.79, 'stability': 99.34, 'currency': 49.89}",CALCULATED,2025-09-08T07:37:35.313613+00:00,,Q2
100000427,TVA,Agency,AAA,9.952653237164604,8.957387913448144,15.332356577829291,16338507429.920603,67.26,LIN-BBB-,15.9,8.12,33.25,9.99,"{'duration': 89.57, 'spread': 3.07, 'liquidity': 20, 'momentum': 50.04, 'stability': 99.97, 'currency': 49.81}",CALCULATED,2025-09-08T07:37:35.313671+00:00,,Q4
100000428,FHLBanks,Agency,AAA,4.4226391118299375,3.980375200646944,36.926388699666234,14780501514.374512,60.45,LIN-BB+,9.08,8.12,33.25,10.0,"{'duration': 39.8, 'spread': 7.39, 'liquidity': 20, 'momentum': 50.39, 'stability': 99.67, 'currency': 49.88}",CALCULATED,2025-09-08T07:37:35.313729+00:00,,Q1 (Lowest)
100000429,FHLB,Agency,AAA,3.7968195205990787,3.4171375685391707,17.074607031555036,16112155090.29051,59.01,LIN-BB+,7.64,8.12,33.25,9.99,"{'duration': 34.17, 'spread': 3.41, 'liquidity': 20, 'momentum': 50.35, 'stability': 99.71, 'currency': 49.83}",CALCULATED,2025-09-08T07:37:35.313787+00:00,,Q1 (Lowest)
100000430,FHLB,Agency,AAA,7.95789382263368,7.162104440370312,27.372091814035983,4460242306.351527,65.59,LIN-BBB-,14.22,8.12,33.25,9.99,"{'duration': 71.62, 'spread': 5.47, 'liquidity': 26.52, 'momentum': 50.38, 'stability': 99.68, 'currency': 49.81}",CALCULATED,2025-09-08T07:37:35.313843+00:00,,Q4
100000431,FHLB,Agency,AAA,3.4620093278994872,3.1158083951095388,24.571352229967196,8625546876.30281,58.89,LIN-BB+,7.51,8.12,33.25,10.0,"{'duration': 31.16, 'spread': 4.91, 'liquidity': 21.02, 'momentum': 50.34, 'stability': 99.72, 'currency': 49.97}",CALCULATED,2025-09-08T07:37:35.313905+00:00,,Q1 (Lowest)
100000432,TVA,Agency,AAA,3.02877188768442,2.7258946989159782,32.2155179392508,2061203600.6178617,59.76,LIN-BB+,8.39,8.12,33.25,10.0,"{'duration': 27.26, 'spread': 6.44, 'liquidity': 33.32, 'momentum': 50.3, 'stability': 99.75, 'currency': 49.92}",CALCULATED,2025-09-08T07:37:35.313961+00:00,,Q1 (Lowest)
100000433,FHLBanks,Agency,AA+,6.704749100843576,6.034274190759218,24.482330515297924,12072240033.182648,61.41,LIN-BB+,11.79,8.12,31.5,10.0,"{'duration': 60.34, 'spread': 4.9, 'liquidity': 20, 'momentum': 50.46, 'stability': 99.61, 'currency': 49.88}",CALCULATED,2025-09-08T07:37:35.314017+00:00,,Q2
100000434,FFCB,Agency,AAA,3.4493748068001606,3.1044373261201446,38.720733057005035,9145824502.604813,59.35,LIN-BB+,7.98,8.12,33.25,10.0,"{'duration': 31.04, 'spread': 7.74, 'liquidity': 21.61, 'momentum': 50.09, 'stability': 99.93, 'currency': 49.93}",CALCULATED,2025-09-08T07:37:35.314076+00:00,,Q1 (Lowest)
100000435,FFCB,Agency,AAA,8.181367905025333,7.3632311145228,36.44698602273941,12086228392.201195,65.51,LIN-BBB-,14.14,8.12,33.25,9.99,"{'duration': 73.63, 'spread': 7.29, 'liquidity': 20, 'momentum': 50.05, 'stability': 99.96, 'currency': 49.85}",CALCULATED,2025-09-08T07:37:35.314135+00:00,,Q3
100000436,TVA,Agency,AA+,4.127981544741264,3.7151833902671374,24.983426068823867,12164110355.906263,57.95,LIN-BB+,8.32,8.12,31.5,10.0,"{'duration': 37.15, 'spread': 5.0, 'liquidity': 20, 'momentum': 50.63, 'stability': 99.47, 'currency': 49.99}",CALCULATED,2025-09-08T07:37:35.314192+00:00,,Q1 (Lowest)
100000437,FHLBanks,Agency,AA+,3.063424341663861,2.7570819074974753,34.15466354397407,7101565859.582814,57.08,LIN-BB+,7.46,8.12,31.5,9.99,"{'duration': 27.57, 'spread': 6.83, 'liquidity': 23.01, 'momentum': 50.0, 'stability': 100.0, 'currency': 49.89}",CALCULATED,2025-09-08T07:37:35.314250+00:00,,Q1 (Lowest)
100000438,TVA,Agency,AAA,9.45358378944935,8.508225410504416,33.61113756371163,16106452047.358871,67.14,LIN-BBB-,15.77,8.12,33.25,10.0,"{'duration': 85.08, 'spread': 6.72, 'liquidity': 20, 'momentum': 50.22, 'stability': 99.82, 'currency': 49.91}",CALCULATED,2025-09-08T07:37:35.314307+00:00,,Q4
100000439,TVA,Agency,AA+,2.4357283789347006,2.1921555410412306,20.473741219574702,19065746411.96687,55.53,LIN-BB+,5.9,8.12,31.5,10.0,"{'duration': 21.92, 'spread': 4.09, 'liquidity': 20, 'momentum': 50.76, 'stability': 99.36, 'currency': 49.9}",CALCULATED,2025-09-08T07:37:35.314363+00:00,,Q1 (Lowest)
100000440,FFCB,Agency,AAA,4.506131812644883,4.055518631380394,34.08205261056677,8571889213.407992,60.62,LIN-BB+,9.24,8.12,33.25,10.0,"{'duration': 40.56, 'spread': 6.82, 'liquidity': 21.34, 'momentum': 50.32, 'stability': 99.73, 'currency': 49.95}",CALCULATED,2025-09-08T07:37:35.314419+00:00,,Q2
100000441,ABS Trust 2020-3,ABS,AA,9.69404317059353,6.7858302194154705,87.66764404294625,1384078853.1696613,68.25,LIN-BBB,16.55,11.25,30.45,10.0,"{'duration': 67.86, 'spread': 17.53, 'liquidity': 37.41, 'momentum': 50.31, 'stability': 99.74, 'currency': 49.93}",CALCULATED,2025-09-08T07:37:35.314476+00:00,,Q4
100000442,ABS Trust 2022-1,ABS,AAA,5.117264222230288,3.5820849555612013,135.86981212445738,2568412798.9998,67.11,LIN-BBB-,12.61,11.25,33.25,10.0,"{'duration': 35.82, 'spread': 27.17, 'liquidity': 31.56, 'momentum': 50.35, 'stability': 99.71, 'currency': 49.97}",CALCULATED,2025-09-08T07:37:35.314532+00:00,,Q4
100000443,ABS Trust 2021-8,ABS,AAA,4.618959498211688,3.2332716487481816,74.35711258646319,1274085441.971334,65.38,LIN-BBB-,10.88,11.25,33.25,10.0,"{'duration': 32.33, 'spread': 14.87, 'liquidity': 37.96, 'momentum': 50.32, 'stability': 99.73, 'currency': 49.99}",CALCULATED,2025-09-08T07:37:35.314591+00:00,,Q3
100000444,ABS Trust 2021-8,ABS,AA,9.098761391790568,6.369132974253397,78.94408949682082,2364611899.6413383,66.84,LIN-BBB-,15.14,11.25,30.45,10.0,"{'duration': 63.69, 'spread': 15.79, 'liquidity': 32.19, 'momentum': 50.36, 'stability': 99.7, 'currency': 49.85}",CALCULATED,2025-09-08T07:37:35.314652+00:00,,Q4
100000445,ABS Trust 2022-6,ABS,AA,3.6170651069565114,2.5319455748695576,69.45350331684841,2721249725.0346265,60.77,LIN-BB+,9.07,11.25,30.45,10.0,"{'duration': 25.32, 'spread': 13.89, 'liquidity': 31.86, 'momentum': 50.55, 'stability': 99.54, 'currency': 49.86}",CALCULATED,2025-09-08T07:37:35.314708+00:00,,Q2
100000446,ABS Trust 2022-5,ABS,AA,9.868691182188236,6.908083827531765,143.24889235898019,2726199232.2435193,69.43,LIN-BBB,17.75,11.25,30.45,9.98,"{'duration': 69.08, 'spread': 28.65, 'liquidity': 30.95, 'momentum': 49.78, 'stability': 99.81, 'currency': 49.92}",CALCULATED,2025-09-08T07:37:35.314764+00:00,,Q5 (Highest)
100000447,ABS Trust 2022-6,ABS,AA,5.448572432653144,3.8140007028572005,136.24965074015853,1059741326.2057784,65.44,LIN-BBB-,13.74,11.25,30.45,10.0,"{'duration': 38.14, 'spread': 27.25, 'liquidity': 39.31, 'momentum': 50.46, 'stability': 99.62, 'currency': 49.85}",CALCULATED,2025-09-08T07:37:35.314821+00:00,,Q3
100000448,ABS Trust 2021-4,ABS,AAA,6.809801359106755,4.766860951374729,147.57788185489326,1325499062.536303,69.76,LIN-BBB,15.27,11.25,33.25,9.99,"{'duration': 47.67, 'spread': 29.52, 'liquidity': 36.94, 'momentum': 50.0, 'stability': 100.0, 'currency': 49.73}",CALCULATED,2025-09-08T07:37:35.314877+00:00,,Q5 (Highest)
100000449,ABS Trust 2020-6,ABS,AAA,3.441909364455765,2.4093365551190353,89.67550564555293,1764425838.610794,64.35,LIN-BB+,9.85,11.25,33.25,10.0,"{'duration': 24.09, 'spread': 17.94, 'liquidity': 35.47, 'momentum': 50.53, 'stability': 99.56, 'currency': 49.99}",CALCULATED,2025-09-08T07:37:35.314934+00:00,,Q3
100000450,ABS Trust 2020-6,ABS,AAA,4.369988480697543,3.05899193648828,132.02533189448897,1994587807.8941648,66.37,LIN-BBB-,11.9,11.25,33.25,9.98,"{'duration': 30.59, 'spread': 26.41, 'liquidity': 33.47, 'momentum': 49.8, 'stability': 99.84, 'currency': 49.91}",CALCULATED,2025-09-08T07:37:35.314991+00:00,,Q4
100000451,ABS Trust 2020-7,ABS,AA,8.919574655941396,6.243702259158977,75.96032837084785,483234316.7677195,67.93,LIN-BBB-,16.24,11.25,30.45,9.99,"{'duration': 62.44, 'spread': 15.19, 'liquidity': 45.95, 'momentum': 50.55, 'stability': 99.54, 'currency': 49.81}",CALCULATED,2025-09-08T07:37:35.315047+00:00,,Q4
100000452,ABS Trust 2023-6,ABS,AAA,8.907155878616503,6.235009115031552,124.22922314869471,934326246.9431218,71.65,LIN-BBB,17.15,11.25,33.25,10.0,"{'duration': 62.35, 'spread': 24.85, 'liquidity': 40.73, 'momentum': 50.31, 'stability': 99.74, 'currency': 49.9}",CALCULATED,2025-09-08T07:37:35.315102+00:00,,Q5 (Highest)
100000453,ABS Trust 2022-1,ABS,AAA,8.031026792835416,5.621718754984791,61.06035988731608,583630530.5337352,69.22,LIN-BBB,14.72,11.25,33.25,10.0,"{'duration': 56.22, 'spread': 12.21, 'liquidity': 44.6, 'momentum': 50.32, 'stability': 99.73, 'currency': 49.95}",CALCULATED,2025-09-08T07:37:35.315159+00:00,,Q5 (Highest)
100000454,ABS Trust 2022-7,ABS,AA,8.705504704730647,6.093853293311453,137.7452126603169,2421413564.724953,68.2,LIN-BBB,16.5,11.25,30.45,10.0,"{'duration': 60.94, 'spread': 27.55, 'liquidity': 32.28, 'momentum': 50.27, 'stability': 99.78, 'currency': 49.94}",CALCULATED,2025-09-08T07:37:35.315222+00:00,,Q4
100000455,ABS Trust 2021-1,ABS,AAA,9.002714254263466,6.3018999779844265,59.73668937912211,2055342687.1670444,69.03,LIN-BBB,14.53,11.25,33.25,10.0,"{'duration': 63.02, 'spread': 11.95, 'liquidity': 32.9, 'momentum': 50.06, 'stability': 99.95, 'currency': 49.95}",CALCULATED,2025-09-08T07:37:35.315298+00:00,,Q5 (Highest)
100000456,ABS Trust 2021-8,ABS,AA,5.154734050182834,3.6083138351279835,74.1165214307762,987933712.8172766,63.26,LIN-BB+,11.57,11.25,30.45,10.0,"{'duration': 36.08, 'spread': 14.82, 'liquidity': 39.3, 'momentum': 50.42, 'stability': 99.65, 'currency': 49.91}",CALCULATED,2025-09-08T07:37:35.315368+00:00,,Q3
100000457,ABS Trust 2021-2,ABS,AA,8.879984324230403,6.215989026961282,83.93228356557111,2238009197.834455,66.83,LIN-BBB-,15.13,11.25,30.45,10.0,"{'duration': 62.16, 'spread': 16.79, 'liquidity': 32.87, 'momentum': 50.5, 'stability': 99.58, 'currency': 49.95}",CALCULATED,2025-09-08T07:37:35.315426+00:00,,Q4
100000458,ABS Trust 2023-2,ABS,AAA,9.366006525801136,6.556204568060795,69.01287663187057,2450397249.6542277,69.59,LIN-BBB,15.09,11.25,33.25,10.0,"{'duration': 65.56, 'spread': 13.8, 'liquidity': 31.86, 'momentum': 50.35, 'stability': 99.71, 'currency': 49.98}",CALCULATED,2025-09-08T07:37:35.315483+00:00,,Q5 (Highest)
100000459,ABS Trust 2020-4,ABS,AAA,9.543568622449484,6.680498035714638,140.92021362064872,2577146699.516315,71.94,LIN-BBB,17.44,11.25,33.25,10.0,"{'duration': 66.8, 'spread': 28.18, 'liquidity': 31.87, 'momentum': 50.23, 'stability': 99.81, 'currency': 49.98}",CALCULATED,2025-09-08T07:37:35.315540+00:00,,Q5 (Highest)
100000460,ABS Trust 2020-4,ABS,AA,8.281758411317224,5.797230887922057,94.54529297342879,1888047022.271031,66.64,LIN-BBB-,14.94,11.25,30.45,10.0,"{'duration': 57.97, 'spread': 18.91, 'liquidity': 34.06, 'momentum': 50.43, 'stability': 99.64, 'currency': 49.95}",CALCULATED,2025-09-08T07:37:35.315597+00:00,,Q4
100000461,ABS Trust 2020-6,ABS,AAA,8.551899765741394,5.986329836018975,72.0508787136648,1014056549.6684299,69.67,LIN-BBB,15.17,11.25,33.25,10.0,"{'duration': 59.86, 'spread': 14.41, 'liquidity': 40.31, 'momentum': 50.51, 'stability': 99.57, 'currency': 49.89}",CALCULATED,2025-09-08T07:37:35.315653+00:00,,Q5 (Highest)
100000462,ABS Trust 2020-2,ABS,A,8.344610905677484,5.841227633974238,60.868253937469206,3147280647.4265738,62.19,LIN-BB+,13.65,11.25,27.3,10.0,"{'duration': 58.41, 'spread': 12.17, 'liquidity': 30.59, 'momentum': 50.23, 'stability': 99.81, 'currency': 49.88}",CALCULATED,2025-09-08T07:37:35.315708+00:00,,Q2
100000463,ABS Trust 2022-3,ABS,AAA,8.781586433783428,6.147110503648399,119.65614021440462,2878689142.1628027,70.41,LIN-BBB,15.91,11.25,33.25,10.0,"{'duration': 61.47, 'spread': 23.93, 'liquidity': 31.03, 'momentum': 50.33, 'stability': 99.72, 'currency': 49.87}",CALCULATED,2025-09-08T07:37:35.315764+00:00,,Q5 (Highest)
100000464,ABS Trust 2022-2,ABS,AAA,7.82167352512991,5.475171467590936,105.19363610604665,1130025513.9090278,69.78,LIN-BBB,15.28,11.25,33.25,10.0,"{'duration': 54.75, 'spread': 21.04, 'liquidity': 39.14, 'momentum': 50.28, 'stability': 99.77, 'currency': 49.92}",CALCULATED,2025-09-08T07:37:35.315825+00:00,,Q5 (Highest)
100000465,ABS Trust 2021-1,ABS,AAA,4.352120058859029,3.04648404120132,97.13082745741212,1842790468.683668,65.52,LIN-BBB-,11.03,11.25,33.25,9.99,"{'duration': 30.46, 'spread': 19.43, 'liquidity': 35.49, 'momentum': 50.37, 'stability': 99.69, 'currency': 49.77}",CALCULATED,2025-09-08T07:37:35.315891+00:00,,Q3
100000466,ABS Trust 2021-1,ABS,AA,8.975581842587783,6.2829072898114475,122.52870843545553,1300894715.204334,68.51,LIN-BBB,16.81,11.25,30.45,10.0,"{'duration': 62.83, 'spread': 24.51, 'liquidity': 37.07, 'momentum': 50.32, 'stability': 99.73, 'currency': 49.94}",CALCULATED,2025-09-08T07:37:35.315962+00:00,,Q5 (Highest)
100000467,ABS Trust 2020-4,ABS,AAA,9.482416918727859,6.637691843109501,66.16945532739868,2851164816.5134616,69.51,LIN-BBB,15.01,11.25,33.25,10.0,"{'duration': 66.38, 'spread': 13.23, 'liquidity': 30.71, 'momentum': 50.47, 'stability': 99.61, 'currency': 49.92}",CALCULATED,2025-09-08T07:37:35.316020+00:00,,Q5 (Highest)
100000468,ABS Trust 2021-1,ABS,AAA,4.368206002578799,3.0577442018051593,66.62293620516587,2638072899.9251523,64.19,LIN-BB+,9.69,11.25,33.25,10.0,"{'duration': 30.58, 'spread': 13.32, 'liquidity': 31.08, 'momentum': 50.04, 'stability': 99.97, 'currency': 49.93}",CALCULATED,2025-09-08T07:37:35.316078+00:00,,Q3
100000469,ABS Trust 2022-9,ABS,AAA,5.1983066484290275,3.6388146539003188,99.91989468413318,1103513020.8280592,66.93,LIN-BBB-,12.42,11.25,33.25,10.0,"{'duration': 36.39, 'spread': 19.98, 'liquidity': 39.65, 'momentum': 50.69, 'stability': 99.42, 'currency': 49.99}",CALCULATED,2025-09-08T07:37:35.316136+00:00,,Q4
100000470,ABS Trust 2020-3,ABS,AAA,5.4615491063933375,3.823084374475336,140.95484730121382,1988985788.0212262,67.89,LIN-BBB-,13.4,11.25,33.25,10.0,"{'duration': 38.23, 'spread': 28.19, 'liquidity': 34.32, 'momentum': 50.38, 'stability': 99.69, 'currency': 49.92}",CALCULATED,2025-09-08T07:37:35.316192+00:00,,Q4
100000471,ABS Trust 2023-5,ABS,A,7.209688494819943,5.04678194637396,83.92202983917838,1683902408.3478239,62.1,LIN-BB+,13.55,11.25,27.3,10.0,"{'duration': 50.47, 'spread': 16.78, 'liquidity': 34.6, 'momentum': 50.24, 'stability': 99.8, 'currency': 50.0}",CALCULATED,2025-09-08T07:37:35.316248+00:00,,Q2
100000472,ABS Trust 2021-4,ABS,AAA,4.304938633977822,3.0134570437844754,124.93694366449569,1803241815.1312187,66.23,LIN-BBB-,11.73,11.25,33.25,10.0,"{'duration': 30.13, 'spread': 24.99, 'liquidity': 34.59, 'momentum': 50.09, 'stability': 99.93, 'currency': 49.99}",CALCULATED,2025-09-08T07:37:35.316305+00:00,,Q4
100000473,ABS Trust 2021-2,ABS,AAA,5.989735317522403,4.192814722265681,97.51003406917205,2973372772.003662,66.84,LIN-BBB-,12.34,11.25,33.25,10.0,"{'duration': 41.93, 'spread': 19.5, 'liquidity': 31.23, 'momentum': 50.67, 'stability': 99.44, 'currency': 49.98}",CALCULATED,2025-09-08T07:37:35.316361+00:00,,Q4
100000474,ABS Trust 2020-4,ABS,AA,3.3764737492416455,2.3635316244691515,52.208584530117975,1320330729.4112604,60.52,LIN-BB+,8.82,11.25,30.45,10.0,"{'duration': 23.64, 'spread': 10.44, 'liquidity': 37.11, 'momentum': 50.03, 'stability': 99.97, 'currency': 49.93}",CALCULATED,2025-09-08T07:37:35.316420+00:00,,Q1 (Lowest)
100000475,ABS Trust 2021-4,ABS,AA,5.928037777654401,4.149626444358081,80.94127948704444,2903477251.018185,63.43,LIN-BB+,11.75,11.25,30.45,9.98,"{'duration': 41.5, 'spread': 16.19, 'liquidity': 30.93, 'momentum': 50.19, 'stability': 99.84, 'currency': 49.63}",CALCULATED,2025-09-08T07:37:35.316478+00:00,,Q3
100000476,ABS Trust 2021-5,ABS,AA,5.7554486419420945,4.0288140493594655,97.34356593750215,2748865153.8771796,63.82,LIN-BB+,12.12,11.25,30.45,10.0,"{'duration': 40.29, 'spread': 19.47, 'liquidity': 31.58, 'momentum': 50.23, 'stability': 99.81, 'currency': 49.95}",CALCULATED,2025-09-08T07:37:35.316535+00:00,,Q3
100000477,ABS Trust 2022-5,ABS,AAA,6.747434376431597,4.723204063502117,113.5323346708321,1012438700.726375,68.99,LIN-BBB,14.5,11.25,33.25,9.99,"{'duration': 47.23, 'spread': 22.71, 'liquidity': 40.08, 'momentum': 50.41, 'stability': 99.66, 'currency': 49.81}",CALCULATED,2025-09-08T07:37:35.316592+00:00,,Q5 (Highest)
100000478,ABS Trust 2021-7,ABS,AAA,8.034716404030823,5.624301482821576,143.016520286255,1763652646.7001467,70.71,LIN-BBB,16.21,11.25,33.25,10.0,"{'duration': 56.24, 'spread': 28.6, 'liquidity': 34.8, 'momentum': 50.33, 'stability': 99.72, 'currency': 49.97}",CALCULATED,2025-09-08T07:37:35.316650+00:00,,Q5 (Highest)
100000479,ABS Trust 2021-5,ABS,AAA,7.320359589818767,5.124251712873137,146.9818864633785,2099965653.914151,69.87,LIN-BBB,15.37,11.25,33.25,10.0,"{'duration': 51.24, 'spread': 29.4, 'liquidity': 32.69, 'momentum': 50.27, 'stability': 99.78, 'currency': 49.99}",CALCULATED,2025-09-08T07:37:35.316714+00:00,,Q5 (Highest)
100000480,ABS Trust 2022-9,ABS,AA,7.217284193200865,5.052098935240606,98.97858679882407,1843763707.8322089,65.71,LIN-BBB-,14.03,11.25,30.45,9.99,"{'duration': 50.52, 'spread': 19.8, 'liquidity': 34.79, 'momentum': 49.88, 'stability': 99.9, 'currency': 49.95}",CALCULATED,2025-09-08T07:37:35.316773+00:00,,Q4
100000481,CMBS Trust 2023-6,CMBS,AAA,8.249675772616854,5.774773040831797,130.51168513161775,863455319.1204855,71.22,LIN-BBB,16.73,11.25,33.25,9.99,"{'duration': 57.75, 'spread': 26.1, 'liquidity': 41.49, 'momentum': 49.97, 'stability': 99.97, 'currency': 49.92}",CALCULATED,2025-09-08T07:37:35.316830+00:00,,Q5 (Highest)
100000482,CMBS Trust 2023-6,CMBS,AAA,5.354263759892335,3.7479846319246346,142.05358851025545,573557711.1797513,68.93,LIN-BBB,14.44,11.25,33.25,10.0,"{'duration': 37.48, 'spread': 28.41, 'liquidity': 45.51, 'momentum': 50.33, 'stability': 99.72, 'currency': 49.91}",CALCULATED,2025-09-08T07:37:35.316930+00:00,,Q5 (Highest)
100000483,CMBS Trust 2021-7,CMBS,AA,6.384486595747626,4.469140617023338,92.91494919583218,686167391.3342957,65.52,LIN-BBB-,13.82,11.25,30.45,10.0,"{'duration': 44.69, 'spread': 18.58, 'liquidity': 43.26, 'momentum': 50.16, 'stability': 99.86, 'currency': 49.94}",CALCULATED,2025-09-08T07:37:35.316996+00:00,,Q3
100000484,CMBS Trust 2022-7,CMBS,AAA,3.255227355779329,2.2786591490455304,55.27439521622174,2737632081.791965,62.75,LIN-BB+,8.25,11.25,33.25,10.0,"{'duration': 22.79, 'spread': 11.05, 'liquidity': 31.75, 'momentum': 50.3, 'stability': 99.75, 'currency': 49.95}",CALCULATED,2025-09-08T07:37:35.317058+00:00,,Q2
100000485,CMBS Trust 2020-6,CMBS,AA,7.576507257871231,5.303555080509861,85.01986810232191,1881571392.018674,65.59,LIN-BBB-,13.89,11.25,30.45,10.0,"{'duration': 53.04, 'spread': 17.0, 'liquidity': 33.79, 'momentum': 50.26, 'stability': 99.79, 'currency': 49.96}",CALCULATED,2025-09-08T07:37:35.317116+00:00,,Q4
100000486,CMBS Trust 2023-1,CMBS,A,7.205545045377334,5.043881531764133,120.086569724388,1168821209.25538,63.55,LIN-BB+,15.0,11.25,27.3,10.0,"{'duration': 50.44, 'spread': 24.02, 'liquidity': 38.32, 'momentum': 50.71, 'stability': 99.41, 'currency': 49.92}",CALCULATED,2025-09-08T07:37:35.317176+00:00,,Q3
100000487,CMBS Trust 2023-2,CMBS,AAA,9.389605602855031,6.572723921998522,111.0363007818157,1955278938.8102732,71.14,LIN-BBB,16.65,11.25,33.25,9.99,"{'duration': 65.73, 'spread': 22.21, 'liquidity': 34.58, 'momentum': 50.13, 'stability': 99.89, 'currency': 49.88}",CALCULATED,2025-09-08T07:37:35.317258+00:00,,Q5 (Highest)
100000488,CMBS Trust 2022-2,CMBS,AAA,3.112197095185862,2.178537966630103,146.3685188687049,1389234327.2245178,65.84,LIN-BBB-,11.34,11.25,33.25,10.0,"{'duration': 21.79, 'spread': 29.27, 'liquidity': 36.82, 'momentum': 50.29, 'stability': 99.76, 'currency': 49.95}",CALCULATED,2025-09-08T07:37:35.317317+00:00,,Q4
100000489,CMBS Trust 2023-9,CMBS,AAA,5.84491575601813,4.091441029212691,137.98377479414677,2142377304.990851,68.12,LIN-BBB,13.62,11.25,33.25,10.0,"{'duration': 40.91, 'spread': 27.6, 'liquidity': 33.47, 'momentum': 50.31, 'stability': 99.74, 'currency': 49.92}",CALCULATED,2025-09-08T07:37:35.317384+00:00,,Q4
100000490,CMBS Trust 2023-7,CMBS,AA,8.322800471012378,5.825960329708664,117.6398368910006,1288235284.0848503,67.77,LIN-BBB-,16.07,11.25,30.45,10.0,"{'duration': 58.26, 'spread': 23.53, 'liquidity': 38.05, 'momentum': 50.14, 'stability': 99.88, 'currency': 49.94}",CALCULATED,2025-09-08T07:37:35.317442+00:00,,Q4
100000491,CMBS Trust 2020-1,CMBS,AAA,9.892581343135877,6.924806940195113,70.90973645896142,771205796.5212562,71.18,LIN-BBB,16.68,11.25,33.25,10.0,"{'duration': 69.25, 'spread': 14.18, 'liquidity': 41.66, 'momentum': 50.46, 'stability': 99.62, 'currency': 49.93}",CALCULATED,2025-09-08T07:37:35.317500+00:00,,Q5 (Highest)
100000492,CMBS Trust 2020-5,CMBS,AAA,5.112665587638856,3.5788659113471986,53.73969904087973,1913696018.9075086,64.98,LIN-BB+,10.49,11.25,33.25,10.0,"{'duration': 35.79, 'spread': 10.75, 'liquidity': 35.07, 'momentum': 50.1, 'stability': 99.92, 'currency': 49.91}",CALCULATED,2025-09-08T07:37:35.317557+00:00,,Q3
100000493,CMBS Trust 2021-6,CMBS,AA,4.9289674341642495,3.4502772039149745,83.21725220617326,2284736634.34703,62.67,LIN-BB+,10.97,11.25,30.45,10.0,"{'duration': 34.5, 'spread': 16.64, 'liquidity': 32.95, 'momentum': 50.44, 'stability': 99.64, 'currency': 49.94}",CALCULATED,2025-09-08T07:37:35.317615+00:00,,Q2
100000494,CMBS Trust 2021-6,CMBS,AAA,9.880628156882906,6.916439709818034,114.27774134799279,2287005038.6528163,71.58,LIN-BBB,17.08,11.25,33.25,10.0,"{'duration': 69.16, 'spread': 22.86, 'liquidity': 32.79, 'momentum': 50.33, 'stability': 99.72, 'currency': 49.97}",CALCULATED,2025-09-08T07:37:35.317673+00:00,,Q5 (Highest)
100000495,CMBS Trust 2021-9,CMBS,AA,5.28354354886652,3.6984804842065637,125.61922341067805,1585072648.9507132,64.66,LIN-BB+,12.97,11.25,30.45,9.99,"{'duration': 36.98, 'spread': 25.12, 'liquidity': 36.57, 'momentum': 50.06, 'stability': 99.95, 'currency': 49.79}",CALCULATED,2025-09-08T07:37:35.317730+00:00,,Q3
100000496,CMBS Trust 2021-1,CMBS,AAA,4.1761403653487505,2.9232982557441254,85.47972896563887,1508927192.7265244,65.09,LIN-BBB-,10.6,11.25,33.25,9.99,"{'duration': 29.23, 'spread': 17.1, 'liquidity': 36.48, 'momentum': 50.19, 'stability': 99.84, 'currency': 49.83}",CALCULATED,2025-09-08T07:37:35.317787+00:00,,Q3
100000497,CMBS Trust 2023-7,CMBS,AAA,4.794891193892592,3.3564238357248146,143.39779741445193,869029804.4823744,68.0,LIN-BBB-,13.5,11.25,33.25,9.99,"{'duration': 33.56, 'spread': 28.68, 'liquidity': 41.64, 'momentum': 50.26, 'stability': 99.78, 'currency': 49.86}",CALCULATED,2025-09-08T07:37:35.317844+00:00,,Q4
100000498,CMBS Trust 2022-8,CMBS,AAA,6.2681466938617305,4.387702685703211,85.97198619102696,1799009624.7368166,67.14,LIN-BBB-,12.63,11.25,33.25,10.0,"{'duration': 43.88, 'spread': 17.19, 'liquidity': 34.7, 'momentum': 50.66, 'stability': 99.45, 'currency': 49.98}",CALCULATED,2025-09-08T07:37:35.317901+00:00,,Q4
100000499,CMBS Trust 2021-2,CMBS,AA,9.04071736319113,6.3285021542337905,98.05599408362681,682716085.4120512,68.46,LIN-BBB,16.78,11.25,30.45,9.98,"{'duration': 63.29, 'spread': 19.61, 'liquidity': 43.45, 'momentum': 49.86, 'stability': 99.89, 'currency': 49.87}",CALCULATED,2025-09-08T07:37:35.317958+00:00,,Q4
100000500,CMBS Trust 2023-7,CMBS,AAA,9.802917109278393,6.862041976494875,101.26152441031999,1297521182.9543848,71.65,LIN-BBB,17.15,11.25,33.25,10.0,"{'duration': 68.62, 'spread': 20.25, 'liquidity': 38.22, 'momentum': 50.28, 'stability': 99.77, 'currency': 49.9}",CALCULATED,2025-09-08T07:37:35.318014+00:00,,Q5 (Highest)
