final_score,linvest21_rating,quantitative_score,sector_score,agency_score,alpha_score,components,validation_status,calculation_timestamp,cusip,sector,bloomberg_rating,outstanding,maturity,spread,rating_bucket,quintile
62.7,LIN-BB+,7.08,12.5,33.25,9.87,"{'duration': 28.1, 'spread': 5.77, 'liquidity': 20, 'momentum': 49.82, 'stability': 97.96, 'currency': 49.65}",CALCULATED,2025-09-08T20:12:58.769045+00:00,TRE000000,Treasury,AAA,35418922589.13307,26.603244572703183,28.83552096647451,BB,Q1 (Worst)
71.06,LIN-BBB,17.14,12.5,31.5,9.92,"{'duration': 100.0, 'spread': 0.92, 'liquidity': 20, 'momentum': 50.58, 'stability': 97.96, 'currency': 49.87}",CALCULATED,2025-09-08T20:12:58.769186+00:00,TRE000001,Treasury,AA+,34070812566.584297,16.85958523433601,4.610007807070765,BBB,Q4
63.04,LIN-BB+,7.37,12.5,33.25,9.92,"{'duration': 34.97, 'spread': 0.86, 'liquidity': 20, 'momentum': 50.7, 'stability': 97.96, 'currency': 49.73}",CALCULATED,2025-09-08T20:12:58.769272+00:00,TRE000002,Treasury,AAA,43163527181.523026,19.688955052822198,4.294057062880591,BB,Q1 (Worst)
61.62,LIN-BB+,7.68,12.5,31.5,9.94,"{'duration': 33.99, 'spread': 3.9, 'liquidity': 20, 'momentum': 50.84, 'stability': 97.96, 'currency': 49.92}",CALCULATED,2025-09-08T20:12:58.769344+00:00,TRE000003,Treasury,AA+,36742669539.277466,6.819901003696119,19.496775807986623,BB,Q1 (Worst)
60.42,LIN-BB+,4.74,12.5,33.25,9.93,"{'duration': 12.26, 'spread': 5.99, 'liquidity': 20, 'momentum': 50.82, 'stability': 97.96, 'currency': 49.89}",CALCULATED,2025-09-08T20:12:58.769420+00:00,TRE000004,Treasury,AAA,38385184652.84427,5.794998847155792,29.948048663366144,BB,Q1 (Worst)
73.35,LIN-BBB+,17.69,12.5,33.25,9.9,"{'duration': 100.0, 'spread': 4.62, 'liquidity': 20, 'momentum': 50.3, 'stability': 97.96, 'currency': 49.78}",CALCULATED,2025-09-08T20:12:58.769492+00:00,TRE000005,Treasury,AAA,39476267109.81354,18.43136658718832,23.122914930107957,BBB,Q5 (Best)
65.77,LIN-BBB-,10.12,12.5,33.25,9.91,"{'duration': 53.19, 'spread': 0.92, 'liquidity': 20, 'momentum': 50.49, 'stability': 97.96, 'currency': 49.67}",CALCULATED,2025-09-08T20:12:58.769561+00:00,TRE000006,Treasury,AAA,39774129296.90697,17.67428848283252,4.610934888682357,BBB,Q2
67.5,LIN-BBB-,11.85,12.5,33.25,9.9,"{'duration': 62.72, 'spread': 2.93, 'liquidity': 20, 'momentum': 50.33, 'stability': 97.96, 'currency': 49.71}",CALCULATED,2025-09-08T20:12:58.769628+00:00,TRE000007,Treasury,AAA,37855905578.51288,25.6116233832633,14.663169955009117,BBB,Q3
60.2,LIN-BB+,4.52,12.5,33.25,9.93,"{'duration': 16.5, 'spread': 0.28, 'liquidity': 20, 'momentum': 50.8, 'stability': 97.96, 'currency': 49.81}",CALCULATED,2025-09-08T20:12:58.769702+00:00,TRE000008,Treasury,AAA,31634772332.726376,19.175619775474,1.4213397645209414,BB,Q1 (Worst)
71.13,LIN-BBB,17.23,12.5,31.5,9.9,"{'duration': 100.0, 'spread': 1.52, 'liquidity': 20, 'momentum': 50.28, 'stability': 97.96, 'currency': 49.85}",CALCULATED,2025-09-08T20:12:58.769773+00:00,TRE000009,Treasury,AA+,39439987321.6086,16.15010433144819,7.58813997777338,BBB,Q4
61.82,LIN-BB+,6.17,12.5,33.25,9.9,"{'duration': 22.85, 'spread': 4.95, 'liquidity': 20, 'momentum': 50.34, 'stability': 97.96, 'currency': 49.77}",CALCULATED,2025-09-08T20:12:58.769841+00:00,TRE000010,Treasury,AAA,43594426161.91056,17.99081701150123,24.75635789407547,BB,Q1 (Worst)
59.57,LIN-BB+,5.66,12.5,31.5,9.91,"{'duration': 23.96, 'spread': 0.41, 'liquidity': 20, 'momentum': 50.46, 'stability': 97.96, 'currency': 49.83}",CALCULATED,2025-09-08T20:12:58.769912+00:00,TRE000011,Treasury,AA+,46243486121.044,5.652398450534347,2.0318181422181523,BB,Q1 (Worst)
73.5,LIN-BBB+,17.85,12.5,33.25,9.9,"{'duration': 100.0, 'spread': 5.64, 'liquidity': 20, 'momentum': 50.32, 'stability': 97.96, 'currency': 49.76}",CALCULATED,2025-09-08T20:12:58.770018+00:00,TRE000012,Treasury,AAA,35480809417.913666,9.634519238261701,28.21331741431288,BBB,Q5 (Best)
72.96,LIN-BBB+,17.3,12.5,33.25,9.91,"{'duration': 100.0, 'spread': 1.97, 'liquidity': 20, 'momentum': 50.5, 'stability': 97.96, 'currency': 49.82}",CALCULATED,2025-09-08T20:12:58.770097+00:00,TRE000013,Treasury,AAA,22598469419.807602,23.5353590849811,9.86856562078245,BBB,Q4
67.04,LIN-BBB-,13.12,12.5,31.5,9.92,"{'duration': 70.09, 'spread': 4.07, 'liquidity': 20, 'momentum': 50.46, 'stability': 97.96, 'currency': 49.9}",CALCULATED,2025-09-08T20:12:58.770170+00:00,TRE000014,Treasury,AA+,11924062018.119713,10.615161188789822,20.338096274434918,BBB,Q2
71.81,LIN-BBB,16.15,12.5,33.25,9.91,"{'duration': 90.45, 'spread': 3.9, 'liquidity': 20, 'momentum': 50.33, 'stability': 97.96, 'currency': 49.9}",CALCULATED,2025-09-08T20:12:58.770237+00:00,TRE000015,Treasury,AAA,37553255501.979866,6.634964727136999,19.47524495338374,BBB,Q4
73.3,LIN-BBB+,17.63,12.5,33.25,9.92,"{'duration': 100.0, 'spread': 4.21, 'liquidity': 20, 'momentum': 50.61, 'stability': 97.96, 'currency': 49.84}",CALCULATED,2025-09-08T20:12:58.770309+00:00,TRE000016,Treasury,AAA,36259549170.97867,2.2054398863090774,21.065831107726826,BBB,Q5 (Best)
60.74,LIN-BB+,5.1,12.5,33.25,9.89,"{'duration': 19.84, 'spread': 0.83, 'liquidity': 20, 'momentum': 50.05, 'stability': 97.96, 'currency': 49.75}",CALCULATED,2025-09-08T20:12:58.770380+00:00,TRE000017,Treasury,AAA,20518959645.632065,23.753071691367207,4.132489804736568,BB,Q1 (Worst)
59.85,LIN-BB+,4.18,12.5,33.25,9.92,"{'duration': 13.7, 'spread': 0.82, 'liquidity': 20, 'momentum': 50.46, 'stability': 97.96, 'currency': 49.99}",CALCULATED,2025-09-08T20:12:58.770448+00:00,TRE000018,Treasury,AAA,46607776923.86361,7.307441238872186,4.080062392118925,BB,Q1 (Worst)
64.54,LIN-BB+,10.62,12.5,31.5,9.92,"{'duration': 54.64, 'spread': 2.84, 'liquidity': 20, 'momentum': 50.51, 'stability': 97.96, 'currency': 49.84}",CALCULATED,2025-09-08T20:12:58.770516+00:00,TRE000019,Treasury,AA+,36612541762.14536,23.687682778010352,14.197674466089047,BB,Q2
63.97,LIN-BB+,10.06,12.5,31.5,9.91,"{'duration': 48.58, 'spread': 5.17, 'liquidity': 20, 'momentum': 50.52, 'stability': 97.96, 'currency': 49.71}",CALCULATED,2025-09-08T20:12:58.770582+00:00,TRE000020,Treasury,AA+,29647646000.472973,4.516659281213135,25.831340626310606,BB,Q2
64.75,LIN-BB+,10.84,12.5,31.5,9.92,"{'duration': 56.73, 'spread': 2.18, 'liquidity': 20, 'momentum': 50.38, 'stability': 97.96, 'currency': 49.96}",CALCULATED,2025-09-08T20:12:58.770655+00:00,TRE000021,Treasury,AA+,25263993024.90616,2.5576066654100114,10.922256702061357,BB,Q2
68.97,LIN-BBB,13.3,12.5,33.25,9.91,"{'duration': 72.29, 'spread': 3.06, 'liquidity': 20, 'momentum': 50.54, 'stability': 97.96, 'currency': 49.79}",CALCULATED,2025-09-08T20:12:58.770721+00:00,TRE000022,Treasury,AAA,30110225441.294952,15.622557936205798,15.316782966822489,BBB,Q3
58.97,LIN-BB+,5.05,12.5,31.5,9.93,"{'duration': 17.19, 'spread': 3.12, 'liquidity': 20, 'momentum': 50.6, 'stability': 97.96, 'currency': 49.95}",CALCULATED,2025-09-08T20:12:58.770787+00:00,TRE000023,Treasury,AA+,28588216735.510513,7.7521243219037075,15.607921424488266,BB,Q1 (Worst)
65.67,LIN-BBB-,11.73,12.5,31.5,9.94,"{'duration': 60.29, 'spread': 4.6, 'liquidity': 20, 'momentum': 50.79, 'stability': 97.96, 'currency': 49.97}",CALCULATED,2025-09-08T20:12:58.770852+00:00,TRE000024,Treasury,AA+,21348790247.003326,8.178358271513051,23.02471256872977,BBB,Q2
59.72,LIN-BB+,4.05,12.5,33.25,9.92,"{'duration': 11.06, 'spread': 2.63, 'liquidity': 20, 'momentum': 50.43, 'stability': 97.96, 'currency': 49.95}",CALCULATED,2025-09-08T20:12:58.770920+00:00,TRE000025,Treasury,AAA,43247045160.672195,21.9762112783714,13.150379781743997,BB,Q1 (Worst)
67.6,LIN-BBB-,11.92,12.5,33.25,9.93,"{'duration': 61.21, 'spread': 4.95, 'liquidity': 20, 'momentum': 50.67, 'stability': 97.96, 'currency': 49.93}",CALCULATED,2025-09-08T20:12:58.770988+00:00,TRE000026,Treasury,AAA,22925439114.684364,29.056666600387317,24.725943803959375,BBB,Q3
66.69,LIN-BBB-,12.78,12.5,31.5,9.91,"{'duration': 66.16, 'spread': 5.71, 'liquidity': 20, 'momentum': 50.62, 'stability': 97.96, 'currency': 49.62}",CALCULATED,2025-09-08T20:12:58.771059+00:00,TRE000027,Treasury,AA+,42924598953.51697,6.616743424709022,28.558990820182302,BBB,Q2
63.05,LIN-BB+,7.38,12.5,33.25,9.93,"{'duration': 31.96, 'spread': 3.89, 'liquidity': 20, 'momentum': 50.67, 'stability': 97.96, 'currency': 49.92}",CALCULATED,2025-09-08T20:12:58.771124+00:00,TRE000028,Treasury,AAA,29839215696.396763,29.565785769459772,19.444993928245445,BB,Q1 (Worst)
68.29,LIN-BBB,12.61,12.5,33.25,9.92,"{'duration': 67.77, 'spread': 2.99, 'liquidity': 20, 'momentum': 50.83, 'stability': 97.96, 'currency': 49.68}",CALCULATED,2025-09-08T20:12:58.771190+00:00,TRE000029,Treasury,AAA,41633267195.38805,26.40364037694041,14.957466831033868,BBB,Q3
62.69,LIN-BB+,6.99,12.5,33.25,9.94,"{'duration': 32.28, 'spread': 1.02, 'liquidity': 20, 'momentum': 50.9, 'stability': 97.96, 'currency': 49.97}",CALCULATED,2025-09-08T20:12:58.771256+00:00,TRE000030,Treasury,AAA,18839223611.059273,14.732120667688896,5.09444877634154,BB,Q1 (Worst)
71.02,LIN-BBB,17.1,12.5,31.5,9.91,"{'duration': 100.0, 'spread': 0.69, 'liquidity': 20, 'momentum': 50.37, 'stability': 97.96, 'currency': 49.91}",CALCULATED,2025-09-08T20:12:58.771323+00:00,TRE000031,Treasury,AA+,10285007384.059978,2.7315625718850165,3.460917265042424,BBB,Q4
73.2,LIN-BBB+,17.55,12.5,33.25,9.9,"{'duration': 100.0, 'spread': 3.66, 'liquidity': 20, 'momentum': 50.21, 'stability': 97.96, 'currency': 49.84}",CALCULATED,2025-09-08T20:12:58.771390+00:00,TRE000032,Treasury,AAA,49800087443.419846,8.40690408370109,18.292873521949332,BBB,Q5 (Best)
71.33,LIN-BBB,17.43,12.5,31.5,9.9,"{'duration': 100.0, 'spread': 2.88, 'liquidity': 20, 'momentum': 50.34, 'stability': 97.96, 'currency': 49.69}",CALCULATED,2025-09-08T20:12:58.771464+00:00,TRE000033,Treasury,AA+,36750052695.07035,18.978376697362528,14.40688550322825,BBB,Q4
72.68,LIN-BBB+,17.03,12.5,33.25,9.91,"{'duration': 97.22, 'spread': 2.95, 'liquidity': 20, 'momentum': 50.27, 'stability': 97.96, 'currency': 49.92}",CALCULATED,2025-09-08T20:12:58.771533+00:00,TRE000034,Treasury,AAA,16332039827.851625,11.686516529921052,14.747547240329583,BBB,Q4
67.76,LIN-BBB-,12.09,12.5,33.25,9.92,"{'duration': 65.7, 'spread': 1.54, 'liquidity': 20, 'momentum': 50.54, 'stability': 97.96, 'currency': 49.91}",CALCULATED,2025-09-08T20:12:58.771600+00:00,TRE000035,Treasury,AAA,29342807712.64662,12.684266952010228,7.69184854659345,BBB,Q3
71.36,LIN-BBB,17.45,12.5,31.5,9.91,"{'duration': 97.25, 'spread': 5.77, 'liquidity': 20, 'momentum': 50.56, 'stability': 97.96, 'currency': 49.68}",CALCULATED,2025-09-08T20:12:58.771674+00:00,TRE000036,Treasury,AA+,34975977328.638885,12.717209740314022,28.84958107035291,BBB,Q4
61.67,LIN-BB+,7.76,12.5,31.5,9.91,"{'duration': 32.49, 'spread': 5.89, 'liquidity': 20, 'momentum': 50.51, 'stability': 97.96, 'currency': 49.75}",CALCULATED,2025-09-08T20:12:58.771748+00:00,TRE000037,Treasury,AA+,41305553760.89826,14.162603796280735,29.43359322986549,BB,Q1 (Worst)
72.7,LIN-BBB+,17.03,12.5,33.25,9.92,"{'duration': 100.0, 'spread': 0.22, 'liquidity': 20, 'momentum': 50.62, 'stability': 97.96, 'currency': 49.84}",CALCULATED,2025-09-08T20:12:58.771850+00:00,TRE000038,Treasury,AAA,16934422219.078056,15.595168002017028,1.1082055469295649,BBB,Q4
67.26,LIN-BBB-,11.59,12.5,33.25,9.92,"{'duration': 63.81, 'spread': 0.14, 'liquidity': 20, 'momentum': 50.64, 'stability': 97.96, 'currency': 49.78}",CALCULATED,2025-09-08T20:12:58.771920+00:00,TRE000039,Treasury,AAA,31727796307.936615,9.028241425330819,0.676156710397321,BBB,Q2
71.23,LIN-BBB,17.32,12.5,31.5,9.91,"{'duration': 100.0, 'spread': 2.13, 'liquidity': 20, 'momentum': 50.27, 'stability': 97.96, 'currency': 49.95}",CALCULATED,2025-09-08T20:12:58.772010+00:00,TRE000040,Treasury,AA+,30605216861.38199,2.2308294592139033,10.649703282567335,BBB,Q4
70.56,LIN-BBB,16.63,12.5,31.5,9.92,"{'duration': 97.54, 'spread': 0.02, 'liquidity': 20, 'momentum': 50.63, 'stability': 97.96, 'currency': 49.9}",CALCULATED,2025-09-08T20:12:58.772084+00:00,TRE000041,Treasury,AA+,26219608726.581947,10.3967767157087,0.11076030438383899,BBB,Q3
66.21,LIN-BBB-,12.3,12.5,31.5,9.91,"{'duration': 65.64, 'spread': 3.04, 'liquidity': 20, 'momentum': 50.24, 'stability': 97.96, 'currency': 49.96}",CALCULATED,2025-09-08T20:12:58.772153+00:00,TRE000042,Treasury,AA+,17226797993.606827,19.069062113247917,15.192522038042945,BBB,Q2
62.24,LIN-BB+,8.32,12.5,31.5,9.92,"{'duration': 39.57, 'spread': 2.58, 'liquidity': 20, 'momentum': 50.5, 'stability': 97.96, 'currency': 49.84}",CALCULATED,2025-09-08T20:12:58.772241+00:00,TRE000043,Treasury,AA+,39436670687.18417,5.553932048678897,12.898620846113294,BB,Q1 (Worst)
64.23,LIN-BB+,8.56,12.5,33.25,9.91,"{'duration': 37.94, 'spread': 5.82, 'liquidity': 20, 'momentum': 50.52, 'stability': 97.96, 'currency': 49.79}",CALCULATED,2025-09-08T20:12:58.772316+00:00,TRE000044,Treasury,AAA,28971283636.869713,14.784355504875649,29.07748588262068,BB,Q2
73.16,LIN-BBB+,17.53,12.5,33.25,9.89,"{'duration': 100.0, 'spread': 3.51, 'liquidity': 20, 'momentum': 50.14, 'stability': 97.96, 'currency': 49.64}",CALCULATED,2025-09-08T20:12:58.772382+00:00,TRE000045,Treasury,AAA,29095183837.69877,6.326630754732719,17.56842979339898,BBB,Q5 (Best)
62.7,LIN-BB+,7.02,12.5,33.25,9.93,"{'duration': 32.28, 'spread': 1.2, 'liquidity': 20, 'momentum': 50.8, 'stability': 97.96, 'currency': 49.81}",CALCULATED,2025-09-08T20:12:58.772454+00:00,TRE000046,Treasury,AAA,15026960740.005144,4.090076172572986,6.023002182612087,BB,Q1 (Worst)
71.03,LIN-BBB,15.38,12.5,33.25,9.9,"{'duration': 84.7, 'spread': 4.49, 'liquidity': 20, 'momentum': 50.35, 'stability': 97.96, 'currency': 49.76}",CALCULATED,2025-09-08T20:12:58.772525+00:00,TRE000047,Treasury,AAA,13825574579.725086,3.592280138979344,22.4613772080447,BBB,Q4
71.35,LIN-BBB,17.44,12.5,31.5,9.91,"{'duration': 100.0, 'spread': 2.93, 'liquidity': 20, 'momentum': 50.35, 'stability': 97.96, 'currency': 49.87}",CALCULATED,2025-09-08T20:12:58.772591+00:00,TRE000048,Treasury,AA+,28071495144.94866,25.02160541319058,14.667326069071704,BBB,Q4
65.22,LIN-BBB-,9.57,12.5,33.25,9.9,"{'duration': 44.93, 'spread': 5.52, 'liquidity': 20, 'momentum': 50.29, 'stability': 97.96, 'currency': 49.73}",CALCULATED,2025-09-08T20:12:58.772657+00:00,TRE000049,Treasury,AAA,21002975546.99186,22.475936452881847,27.59953152973327,BBB,Q2
73.03,LIN-BBB+,17.4,12.5,33.25,9.89,"{'duration': 100.0, 'spread': 2.64, 'liquidity': 20, 'momentum': 50.05, 'stability': 97.96, 'currency': 49.76}",CALCULATED,2025-09-08T20:12:58.772723+00:00,TRE000050,Treasury,AAA,15820089550.852455,26.32897662135715,13.21362555075068,BBB,Q4
72.82,LIN-BBB+,17.13,12.5,33.25,9.93,"{'duration': 100.0, 'spread': 0.89, 'liquidity': 20, 'momentum': 50.78, 'stability': 97.96, 'currency': 49.95}",CALCULATED,2025-09-08T20:12:58.772789+00:00,TRE000051,Treasury,AAA,35600907864.603485,17.572539018815316,4.473561365632422,BBB,Q4
73.36,LIN-BBB+,17.7,12.5,33.25,9.91,"{'duration': 100.0, 'spread': 4.68, 'liquidity': 20, 'momentum': 50.45, 'stability': 97.96, 'currency': 49.7}",CALCULATED,2025-09-08T20:12:58.772859+00:00,TRE000052,Treasury,AAA,17623701342.400654,6.497756099017982,23.38521037257303,BBB,Q5 (Best)
65.18,LIN-BBB-,9.52,12.5,33.25,9.91,"{'duration': 44.68, 'spread': 5.46, 'liquidity': 20, 'momentum': 50.5, 'stability': 97.96, 'currency': 49.64}",CALCULATED,2025-09-08T20:12:58.772928+00:00,TRE000053,Treasury,AAA,27498706598.006336,7.430306841575549,27.317572114803294,BBB,Q2
73.05,LIN-BBB+,17.38,12.5,33.25,9.92,"{'duration': 100.0, 'spread': 2.51, 'liquidity': 20, 'momentum': 50.72, 'stability': 97.96, 'currency': 49.79}",CALCULATED,2025-09-08T20:12:58.772996+00:00,TRE000054,Treasury,AAA,30240954195.775497,29.857832999549892,12.558070485839467,BBB,Q4
64.3,LIN-BB+,10.37,12.5,31.5,9.92,"{'duration': 52.02, 'spread': 3.79, 'liquidity': 20, 'momentum': 50.69, 'stability': 97.96, 'currency': 49.84}",CALCULATED,2025-09-08T20:12:58.773066+00:00,TRE000055,Treasury,AA+,18345447236.91562,19.027819892866113,18.94959059749794,BB,Q2
60.46,LIN-BB+,6.55,12.5,31.5,9.91,"{'duration': 27.45, 'spread': 2.89, 'liquidity': 20, 'momentum': 50.51, 'stability': 97.96, 'currency': 49.78}",CALCULATED,2025-09-08T20:12:58.773130+00:00,TRE000056,Treasury,AA+,35136607027.40889,16.06216991763776,14.45647210045298,BB,Q1 (Worst)
72.77,LIN-BBB+,17.13,12.5,33.25,9.89,"{'duration': 100.0, 'spread': 0.87, 'liquidity': 20, 'momentum': 50.15, 'stability': 97.96, 'currency': 49.73}",CALCULATED,2025-09-08T20:12:58.773201+00:00,TRE000057,Treasury,AAA,34547343231.10542,3.9457323621379032,4.371600764679069,BBB,Q4
70.94,LIN-BBB,17.02,12.5,31.5,9.91,"{'duration': 100.0, 'spread': 0.16, 'liquidity': 20, 'momentum': 50.42, 'stability': 97.96, 'currency': 49.87}",CALCULATED,2025-09-08T20:12:58.773266+00:00,TRE000058,Treasury,AA+,41215924708.48436,14.778957079212162,0.7864020011145367,BBB,Q4
65.06,LIN-BBB-,9.41,12.5,33.25,9.9,"{'duration': 46.02, 'spread': 3.38, 'liquidity': 20, 'momentum': 50.3, 'stability': 97.96, 'currency': 49.8}",CALCULATED,2025-09-08T20:12:58.773333+00:00,TRE000059,Treasury,AAA,28939929595.24816,27.497449941487066,16.89831437651046,BBB,Q2
61.56,LIN-BB+,5.89,12.5,33.25,9.92,"{'duration': 24.59, 'spread': 1.37, 'liquidity': 20, 'momentum': 50.59, 'stability': 97.96, 'currency': 49.88}",CALCULATED,2025-09-08T20:12:58.773398+00:00,TRE000060,Treasury,AAA,39937521044.105515,17.91853306747292,6.829709830411444,BB,Q1 (Worst)
73.01,LIN-BBB+,17.35,12.5,33.25,9.91,"{'duration': 96.51, 'spread': 5.85, 'liquidity': 20, 'momentum': 50.5, 'stability': 97.96, 'currency': 49.69}",CALCULATED,2025-09-08T20:12:58.773463+00:00,TRE000061,Treasury,AAA,17529564642.914505,12.903401142993296,29.274720711116423,BBB,Q4
73.41,LIN-BBB+,17.74,12.5,33.25,9.92,"{'duration': 100.0, 'spread': 4.94, 'liquidity': 20, 'momentum': 50.67, 'stability': 97.96, 'currency': 49.77}",CALCULATED,2025-09-08T20:12:58.773528+00:00,TRE000062,Treasury,AAA,35653780003.59679,9.73945068176607,24.696898803807965,BBB,Q5 (Best)
60.55,LIN-BB+,4.88,12.5,33.25,9.92,"{'duration': 15.47, 'spread': 3.73, 'liquidity': 20, 'momentum': 50.53, 'stability': 97.96, 'currency': 49.87}",CALCULATED,2025-09-08T20:12:58.773593+00:00,TRE000063,Treasury,AAA,10087492723.134472,24.96684597056904,18.646990987605967,BB,Q1 (Worst)
73.33,LIN-BBB+,17.65,12.5,33.25,9.93,"{'duration': 100.0, 'spread': 4.35, 'liquidity': 20, 'momentum': 50.77, 'stability': 97.96, 'currency': 49.84}",CALCULATED,2025-09-08T20:12:58.773657+00:00,TRE000064,Treasury,AAA,49994381099.69461,11.34431480693374,21.76963440409315,BBB,Q5 (Best)
73.06,LIN-BBB+,17.41,12.5,33.25,9.9,"{'duration': 100.0, 'spread': 2.76, 'liquidity': 20, 'momentum': 50.04, 'stability': 97.96, 'currency': 49.91}",CALCULATED,2025-09-08T20:12:58.773722+00:00,TRE000065,Treasury,AAA,13192340265.663942,29.830266221492067,13.821997766963307,BBB,Q4
70.11,LIN-BBB,16.21,12.5,31.5,9.91,"{'duration': 88.89, 'spread': 5.82, 'liquidity': 20, 'momentum': 50.32, 'stability': 97.96, 'currency': 49.88}",CALCULATED,2025-09-08T20:12:58.773787+00:00,TRE000066,Treasury,AA+,28436640215.991646,9.098314806245476,29.107774889499332,BBB,Q3
66.19,LIN-BBB-,10.54,12.5,33.25,9.91,"{'duration': 53.17, 'spread': 3.75, 'liquidity': 20, 'momentum': 50.34, 'stability': 97.96, 'currency': 49.82}",CALCULATED,2025-09-08T20:12:58.773854+00:00,TRE000067,Treasury,AAA,15030761865.924545,23.885565863866596,18.73853865986743,BBB,Q2
72.94,LIN-BBB+,17.28,12.5,33.25,9.9,"{'duration': 100.0, 'spread': 1.9, 'liquidity': 20, 'momentum': 50.48, 'stability': 97.96, 'currency': 49.66}",CALCULATED,2025-09-08T20:12:58.773920+00:00,TRE000068,Treasury,AAA,22136242764.351295,13.244444866299869,9.497286671008045,BBB,Q4
64.95,LIN-BB+,9.28,12.5,33.25,9.92,"{'duration': 47.18, 'spread': 1.34, 'liquidity': 20, 'momentum': 50.6, 'stability': 97.96, 'currency': 49.92}",CALCULATED,2025-09-08T20:12:58.774010+00:00,TRE000069,Treasury,AAA,15520121344.72994,20.827743706880884,6.700721740843755,BB,Q2
66.42,LIN-BBB-,10.74,12.5,33.25,9.93,"{'duration': 56.85, 'spread': 1.4, 'liquidity': 20, 'momentum': 50.91, 'stability': 97.96, 'currency': 49.8}",CALCULATED,2025-09-08T20:12:58.774085+00:00,TRE000070,Treasury,AAA,24118115550.77579,1.5077134556136471,6.982139017331943,BBB,Q2
61.29,LIN-BB+,5.64,12.5,33.25,9.9,"{'duration': 18.85, 'spread': 5.42, 'liquidity': 20, 'momentum': 50.21, 'stability': 97.96, 'currency': 49.83}",CALCULATED,2025-09-08T20:12:58.774151+00:00,TRE000071,Treasury,AAA,24529369690.2526,15.116816647841778,27.104105421717513,BB,Q1 (Worst)
70.49,LIN-BBB,14.82,12.5,33.25,9.92,"{'duration': 81.14, 'spread': 4.31, 'liquidity': 20, 'momentum': 50.64, 'stability': 97.96, 'currency': 49.78}",CALCULATED,2025-09-08T20:12:58.774220+00:00,TRE000072,Treasury,AAA,29879232653.577698,16.300242509365177,21.573459514948116,BBB,Q3
65.91,LIN-BBB-,10.26,12.5,33.25,9.9,"{'duration': 51.49, 'spread': 3.58, 'liquidity': 20, 'momentum': 50.25, 'stability': 97.96, 'currency': 49.82}",CALCULATED,2025-09-08T20:12:58.774288+00:00,TRE000073,Treasury,AAA,21561257504.295616,18.847434916625073,17.879594564288674,BBB,Q2
71.1,LIN-BBB,17.19,12.5,31.5,9.91,"{'duration': 100.0, 'spread': 1.29, 'liquidity': 20, 'momentum': 50.31, 'stability': 97.96, 'currency': 49.95}",CALCULATED,2025-09-08T20:12:58.774355+00:00,TRE000074,Treasury,AA+,21118879865.075363,15.977421264770786,6.4303334482480015,BBB,Q4
70.99,LIN-BBB,15.32,12.5,33.25,9.92,"{'duration': 84.97, 'spread': 3.83, 'liquidity': 20, 'momentum': 50.93, 'stability': 97.96, 'currency': 49.55}",CALCULATED,2025-09-08T20:12:58.774467+00:00,TRE000075,Treasury,AAA,45037052651.89191,18.115990476331856,19.16143449889864,BBB,Q4
68.37,LIN-BBB,12.7,12.5,33.25,9.92,"{'duration': 68.82, 'spread': 2.51, 'liquidity': 20, 'momentum': 50.69, 'stability': 97.96, 'currency': 49.79}",CALCULATED,2025-09-08T20:12:58.774537+00:00,TRE000076,Treasury,AAA,30604919136.53571,28.7534761494065,12.535871360242325,BBB,Q3
66.04,LIN-BBB-,10.38,12.5,33.25,9.91,"{'duration': 51.67, 'spread': 4.2, 'liquidity': 20, 'momentum': 50.38, 'stability': 97.96, 'currency': 49.88}",CALCULATED,2025-09-08T20:12:58.774608+00:00,TRE000077,Treasury,AAA,42737009810.20582,2.9913812956835533,21.01418433468715,BBB,Q2
71.06,LIN-BBB,17.15,12.5,31.5,9.91,"{'duration': 100.0, 'spread': 1.02, 'liquidity': 20, 'momentum': 50.49, 'stability': 97.96, 'currency': 49.72}",CALCULATED,2025-09-08T20:12:58.774677+00:00,TRE000078,Treasury,AA+,30154351952.4429,23.473920031051023,5.121376370237488,BBB,Q4
68.99,LIN-BBB,13.33,12.5,33.25,9.92,"{'duration': 71.44, 'spread': 4.06, 'liquidity': 20, 'momentum': 50.73, 'stability': 97.96, 'currency': 49.69}",CALCULATED,2025-09-08T20:12:58.774744+00:00,TRE000079,Treasury,AAA,20945280003.076164,27.187201107273236,20.28281463626155,BBB,Q3
73.22,LIN-BBB+,17.56,12.5,33.25,9.91,"{'duration': 100.0, 'spread': 3.75, 'liquidity': 20, 'momentum': 50.35, 'stability': 97.96, 'currency': 49.9}",CALCULATED,2025-09-08T20:12:58.774811+00:00,TRE000080,Treasury,AAA,14320091665.932323,20.721576374419623,18.73269467997582,BBB,Q5 (Best)
65.1,LIN-BBB-,9.45,12.5,33.25,9.91,"{'duration': 46.12, 'spread': 3.52, 'liquidity': 20, 'momentum': 50.34, 'stability': 97.96, 'currency': 49.87}",CALCULATED,2025-09-08T20:12:58.774876+00:00,TRE000081,Treasury,AAA,27544564877.82065,23.19630612055182,17.57795899957532,BBB,Q2
58.71,LIN-BB+,4.8,12.5,31.5,9.91,"{'duration': 17.8, 'spread': 0.88, 'liquidity': 20, 'momentum': 50.63, 'stability': 97.96, 'currency': 49.53}",CALCULATED,2025-09-08T20:12:58.774944+00:00,TRE000082,Treasury,AA+,15064871946.808353,15.006529327108913,4.414532522675656,BB,Q1 (Worst)
72.74,LIN-BBB+,17.08,12.5,33.25,9.91,"{'duration': 100.0, 'spread': 0.51, 'liquidity': 20, 'momentum': 50.49, 'stability': 97.96, 'currency': 49.85}",CALCULATED,2025-09-08T20:12:58.775010+00:00,TRE000083,Treasury,AAA,15369140153.138523,9.036826801727598,2.5671134891642766,BBB,Q4
59.95,LIN-BB+,4.27,12.5,33.25,9.93,"{'duration': 10.61, 'spread': 4.52, 'liquidity': 20, 'momentum': 50.66, 'stability': 97.96, 'currency': 49.97}",CALCULATED,2025-09-08T20:12:58.775081+00:00,TRE000084,Treasury,AAA,21891775680.980965,17.660749272977206,22.583030881906566,BB,Q1 (Worst)
72.68,LIN-BBB+,17.03,12.5,33.25,9.9,"{'duration': 100.0, 'spread': 0.2, 'liquidity': 20, 'momentum': 50.34, 'stability': 97.96, 'currency': 49.61}",CALCULATED,2025-09-08T20:12:58.775147+00:00,TRE000085,Treasury,AAA,23428309147.769344,13.533988571152273,0.9845458254453732,BBB,Q4
70.73,LIN-BBB,16.82,12.5,31.5,9.91,"{'duration': 97.8, 'spread': 1.02, 'liquidity': 20, 'momentum': 50.41, 'stability': 97.96, 'currency': 49.77}",CALCULATED,2025-09-08T20:12:58.775211+00:00,TRE000086,Treasury,AA+,21809277455.656,11.856657819139922,5.109211199224349,BBB,Q3
66.81,LIN-BBB-,11.15,12.5,33.25,9.92,"{'duration': 58.97, 'spread': 2.0, 'liquidity': 20, 'momentum': 50.48, 'stability': 97.96, 'currency': 49.88}",CALCULATED,2025-09-08T20:12:58.775380+00:00,TRE000087,Treasury,AAA,10644673470.384314,24.657290029213822,10.024636428782207,BBB,Q2
60.09,LIN-BB+,4.44,12.5,33.25,9.9,"{'duration': 13.15, 'spread': 3.1, 'liquidity': 20, 'momentum': 50.3, 'stability': 97.96, 'currency': 49.77}",CALCULATED,2025-09-08T20:12:58.775455+00:00,TRE000088,Treasury,AAA,31686881537.38823,2.1968229356650006,15.515176312764044,BB,Q1 (Worst)
71.12,LIN-BBB,17.21,12.5,31.5,9.91,"{'duration': 100.0, 'spread': 1.43, 'liquidity': 20, 'momentum': 50.38, 'stability': 97.96, 'currency': 49.86}",CALCULATED,2025-09-08T20:12:58.775524+00:00,TRE000089,Treasury,AA+,36002242879.79025,10.652859093019782,7.151295984717814,BBB,Q4
61.69,LIN-BB+,6.02,12.5,33.25,9.92,"{'duration': 24.38, 'spread': 2.4, 'liquidity': 20, 'momentum': 50.48, 'stability': 97.96, 'currency': 49.95}",CALCULATED,2025-09-08T20:12:58.775589+00:00,TRE000090,Treasury,AAA,48131866834.686966,13.448318529111326,11.99882911698017,BB,Q1 (Worst)
71.9,LIN-BBB,16.24,12.5,33.25,9.91,"{'duration': 89.81, 'spread': 5.12, 'liquidity': 20, 'momentum': 50.54, 'stability': 97.96, 'currency': 49.73}",CALCULATED,2025-09-08T20:12:58.775656+00:00,TRE000091,Treasury,AAA,23124554118.39966,8.57589295281102,25.60880591160293,BBB,Q4
66.21,LIN-BBB-,12.3,12.5,31.5,9.92,"{'duration': 63.81, 'spread': 4.84, 'liquidity': 20, 'momentum': 50.54, 'stability': 97.96, 'currency': 49.8}",CALCULATED,2025-09-08T20:12:58.775724+00:00,TRE000092,Treasury,AA+,35664259669.07599,3.7485284054506707,24.213491892319542,BBB,Q2
70.31,LIN-BBB,16.38,12.5,31.5,9.93,"{'duration': 93.8, 'spread': 2.09, 'liquidity': 20, 'momentum': 50.77, 'stability': 97.96, 'currency': 49.8}",CALCULATED,2025-09-08T20:12:58.775792+00:00,TRE000093,Treasury,AA+,44930907420.02786,1.205181804961327,10.437766316492029,BBB,Q3
73.12,LIN-BBB+,17.43,12.5,33.25,9.94,"{'duration': 100.0, 'spread': 2.88, 'liquidity': 20, 'momentum': 50.85, 'stability': 97.96, 'currency': 49.97}",CALCULATED,2025-09-08T20:12:58.775865+00:00,TRE000094,Treasury,AAA,25802279485.76967,26.055107829558786,14.3866586583492,BBB,Q5 (Best)
73.27,LIN-BBB+,17.61,12.5,33.25,9.9,"{'duration': 100.0, 'spread': 4.09, 'liquidity': 20, 'momentum': 50.41, 'stability': 97.96, 'currency': 49.72}",CALCULATED,2025-09-08T20:12:58.775930+00:00,TRE000095,Treasury,AAA,20579128721.254967,10.462147818505962,20.471031801073465,BBB,Q5 (Best)
71.87,LIN-BBB,16.2,12.5,33.25,9.92,"{'duration': 88.69, 'spread': 5.99, 'liquidity': 20, 'momentum': 50.66, 'stability': 97.96, 'currency': 49.77}",CALCULATED,2025-09-08T20:12:58.776024+00:00,TRE000096,Treasury,AAA,16380301329.937508,11.181190928832043,29.95115196355863,BBB,Q4
70.79,LIN-BBB,16.89,12.5,31.5,9.9,"{'duration': 94.68, 'spread': 4.59, 'liquidity': 20, 'momentum': 50.48, 'stability': 97.96, 'currency': 49.54}",CALCULATED,2025-09-08T20:12:58.776107+00:00,TRE000097,Treasury,AA+,15728687496.17408,22.684510472156745,22.957864346416407,BBB,Q3
68.15,LIN-BBB,14.26,12.5,31.5,9.89,"{'duration': 76.14, 'spread': 5.57, 'liquidity': 20, 'momentum': 50.17, 'stability': 97.96, 'currency': 49.77}",CALCULATED,2025-09-08T20:12:58.776176+00:00,TRE000098,Treasury,AA+,44661287530.11102,16.31829029673488,27.851952172155176,BBB,Q3
62.62,LIN-BB+,6.97,12.5,33.25,9.9,"{'duration': 30.51, 'spread': 2.64, 'liquidity': 20, 'momentum': 50.35, 'stability': 97.96, 'currency': 49.66}",CALCULATED,2025-09-08T20:12:58.776266+00:00,TRE000099,Treasury,AAA,12390042159.220638,28.739257124737854,13.205840275150168,BB,Q1 (Worst)
64.43,LIN-BB+,8.78,12.5,33.25,9.9,"{'duration': 41.68, 'spread': 3.5, 'liquidity': 20, 'momentum': 50.42, 'stability': 97.96, 'currency': 49.7}",CALCULATED,2025-09-08T20:12:58.776349+00:00,TRE000100,Treasury,AAA,30116753427.440056,22.02488403651929,17.48863567186513,BB,Q2
72.79,LIN-BBB+,17.13,12.5,33.25,9.91,"{'duration': 100.0, 'spread': 0.84, 'liquidity': 20, 'momentum': 50.5, 'stability': 97.96, 'currency': 49.83}",CALCULATED,2025-09-08T20:12:58.776419+00:00,TRE000101,Treasury,AAA,28290967727.238426,13.635065573181004,4.179525586090685,BBB,Q4
67.56,LIN-BBB-,11.87,12.5,33.25,9.93,"{'duration': 59.93, 'spread': 5.91, 'liquidity': 20, 'momentum': 50.72, 'stability': 97.96, 'currency': 49.97}",CALCULATED,2025-09-08T20:12:58.776485+00:00,TRE000102,Treasury,AAA,20187196764.143135,2.2940458355667457,29.537036153486895,BBB,Q3
71.45,LIN-BBB,17.53,12.5,31.5,9.91,"{'duration': 100.0, 'spread': 3.55, 'liquidity': 20, 'momentum': 50.56, 'stability': 97.96, 'currency': 49.78}",CALCULATED,2025-09-08T20:12:58.776550+00:00,TRE000103,Treasury,AA+,43869159330.17826,29.64899715371002,17.72861882680124,BBB,Q4
71.65,LIN-BBB,15.99,12.5,33.25,9.9,"{'duration': 91.53, 'spread': 1.76, 'liquidity': 20, 'momentum': 50.48, 'stability': 97.96, 'currency': 49.62}",CALCULATED,2025-09-08T20:12:58.776616+00:00,TRE000104,Treasury,AAA,25240202800.938393,4.685530791153596,8.820989781016378,BBB,Q4
60.34,LIN-BB+,4.67,12.5,33.25,9.92,"{'duration': 16.44, 'spread': 1.39, 'liquidity': 20, 'momentum': 50.47, 'stability': 97.96, 'currency': 49.97}",CALCULATED,2025-09-08T20:12:58.776682+00:00,TRE000105,Treasury,AAA,23523099905.793953,5.220557518995847,6.9353035875480495,BB,Q1 (Worst)
73.13,LIN-BBB+,17.48,12.5,33.25,9.91,"{'duration': 100.0, 'spread': 3.17, 'liquidity': 20, 'momentum': 50.4, 'stability': 97.96, 'currency': 49.78}",CALCULATED,2025-09-08T20:12:58.776752+00:00,TRE000106,Treasury,AAA,26180091948.191673,14.95737773534686,15.843822815233175,BBB,Q5 (Best)
65.89,LIN-BBB-,10.25,12.5,33.25,9.9,"{'duration': 51.56, 'spread': 3.41, 'liquidity': 20, 'momentum': 50.28, 'stability': 97.96, 'currency': 49.71}",CALCULATED,2025-09-08T20:12:58.776821+00:00,TRE000107,Treasury,AAA,13740102718.772032,7.471234645951993,17.07269417995077,BBB,Q2
70.79,LIN-BBB,16.88,12.5,31.5,9.91,"{'duration': 97.12, 'spread': 2.05, 'liquidity': 20, 'momentum': 50.51, 'stability': 97.96, 'currency': 49.72}",CALCULATED,2025-09-08T20:12:58.776917+00:00,TRE000108,Treasury,AA+,14994092017.151455,24.5062051058916,10.248637051296216,BBB,Q3
67.72,LIN-BBB-,13.81,12.5,31.5,9.91,"{'duration': 74.43, 'spread': 4.3, 'liquidity': 20, 'momentum': 50.5, 'stability': 97.96, 'currency': 49.75}",CALCULATED,2025-09-08T20:12:58.776989+00:00,TRE000109,Treasury,AA+,47166162581.79924,4.926710268112721,21.498662198368482,BBB,Q3
72.84,LIN-BBB+,17.18,12.5,33.25,9.92,"{'duration': 100.0, 'spread': 1.17, 'liquidity': 20, 'momentum': 50.44, 'stability': 97.96, 'currency': 49.92}",CALCULATED,2025-09-08T20:12:58.777130+00:00,TRE000110,Treasury,AAA,42840298535.262665,6.508747189763813,5.871614821649612,BBB,Q4
60.12,LIN-BB+,4.46,12.5,33.25,9.91,"{'duration': 11.67, 'spread': 4.71, 'liquidity': 20, 'momentum': 50.32, 'stability': 97.96, 'currency': 49.93}",CALCULATED,2025-09-08T20:12:58.777210+00:00,TRE000111,Treasury,AAA,34067160165.76624,3.826526138397207,23.568479608128044,BB,Q1 (Worst)
73.06,LIN-BBB+,17.37,12.5,33.25,9.95,"{'duration': 100.0, 'spread': 2.46, 'liquidity': 20, 'momentum': 51.01, 'stability': 97.96, 'currency': 49.95}",CALCULATED,2025-09-08T20:12:58.777279+00:00,TRE000112,Treasury,AAA,45662201355.08669,27.789113709328706,12.290017991534993,BBB,Q4
59.49,LIN-BB+,5.58,12.5,31.5,9.91,"{'duration': 18.79, 'spread': 5.06, 'liquidity': 20, 'momentum': 50.33, 'stability': 97.96, 'currency': 49.96}",CALCULATED,2025-09-08T20:12:58.777348+00:00,TRE000113,Treasury,AA+,14509899923.833466,6.464653750270609,25.301832645406872,BB,Q1 (Worst)
70.2,LIN-BBB,14.54,12.5,33.25,9.91,"{'duration': 80.53, 'spread': 3.04, 'liquidity': 20, 'momentum': 50.49, 'stability': 97.96, 'currency': 49.81}",CALCULATED,2025-09-08T20:12:58.777420+00:00,TRE000114,Treasury,AAA,22472357340.165638,19.240272996544384,15.185720428480112,BBB,Q3
68.52,LIN-BBB,12.89,12.5,33.25,9.88,"{'duration': 69.65, 'spread': 2.94, 'liquidity': 20, 'momentum': 50.04, 'stability': 97.96, 'currency': 49.63}",CALCULATED,2025-09-08T20:12:58.777487+00:00,TRE000115,Treasury,AAA,37451536664.58133,18.460587883891552,14.711833167895447,BBB,Q3
65.69,LIN-BBB-,11.77,12.5,31.5,9.92,"{'duration': 60.67, 'spread': 4.44, 'liquidity': 20, 'momentum': 50.57, 'stability': 97.96, 'currency': 49.96}",CALCULATED,2025-09-08T20:12:58.777608+00:00,TRE000116,Treasury,AA+,34201996327.56795,16.12566922084899,22.224312255614407,BBB,Q2
70.09,LIN-BBB,16.17,12.5,31.5,9.93,"{'duration': 92.3, 'spread': 2.14, 'liquidity': 20, 'momentum': 50.65, 'stability': 97.96, 'currency': 49.9}",CALCULATED,2025-09-08T20:12:58.777839+00:00,TRE000117,Treasury,AA+,28741529734.35999,17.130496325935372,10.704315318401074,BBB,Q3
66.61,LIN-BBB-,10.95,12.5,33.25,9.91,"{'duration': 56.8, 'spread': 2.86, 'liquidity': 20, 'momentum': 50.35, 'stability': 97.96, 'currency': 49.83}",CALCULATED,2025-09-08T20:12:58.777943+00:00,TRE000118,Treasury,AAA,33280328353.950394,6.725915708059079,14.309571916812269,BBB,Q2
63.64,LIN-BB+,9.73,12.5,31.5,9.91,"{'duration': 47.88, 'spread': 3.64, 'liquidity': 20, 'momentum': 50.48, 'stability': 97.96, 'currency': 49.85}",CALCULATED,2025-09-08T20:12:58.778022+00:00,TRE000119,Treasury,AA+,25639971357.665016,29.51163255573949,18.17782377585497,BB,Q2
64.18,LIN-BB+,10.27,12.5,31.5,9.92,"{'duration': 51.52, 'spread': 3.61, 'liquidity': 20, 'momentum': 50.49, 'stability': 97.96, 'currency': 49.86}",CALCULATED,2025-09-08T20:12:58.778100+00:00,TRE000120,Treasury,AA+,25051608951.8565,19.487428282630475,18.06211941620004,BB,Q2
68.89,LIN-BBB,13.25,12.5,33.25,9.9,"{'duration': 71.6, 'spread': 3.38, 'liquidity': 20, 'momentum': 49.99, 'stability': 97.96, 'currency': 49.98}",CALCULATED,2025-09-08T20:12:58.778171+00:00,TRE000121,Treasury,AAA,31710283723.51086,28.001231618548978,16.88604963683671,BBB,Q3
61.4,LIN-BB+,5.74,12.5,33.25,9.91,"{'duration': 22.15, 'spread': 2.8, 'liquidity': 20, 'momentum': 50.32, 'stability': 97.96, 'currency': 49.89}",CALCULATED,2025-09-08T20:12:58.778242+00:00,TRE000122,Treasury,AAA,41723535594.563934,6.723736007611251,14.014632767268365,BB,Q1 (Worst)
73.0,LIN-BBB+,17.35,12.5,33.25,9.9,"{'duration': 100.0, 'spread': 2.32, 'liquidity': 20, 'momentum': 50.39, 'stability': 97.96, 'currency': 49.7}",CALCULATED,2025-09-08T20:12:58.778322+00:00,TRE000123,Treasury,AAA,45510389788.88055,26.117483493228548,11.598645530521875,BBB,Q4
73.53,LIN-BBB+,17.86,12.5,33.25,9.92,"{'duration': 100.0, 'spread': 5.73, 'liquidity': 20, 'momentum': 50.64, 'stability': 97.96, 'currency': 49.88}",CALCULATED,2025-09-08T20:12:58.778395+00:00,TRE000124,Treasury,AAA,43547807311.94162,21.299086345713505,28.662844609157254,BBB,Q5 (Best)
72.79,LIN-BBB+,17.12,12.5,33.25,9.92,"{'duration': 100.0, 'spread': 0.79, 'liquidity': 20, 'momentum': 50.73, 'stability': 97.96, 'currency': 49.71}",CALCULATED,2025-09-08T20:12:58.778464+00:00,TRE000125,Treasury,AAA,17069223081.75292,22.84236927303268,3.925229467333662,BBB,Q4
68.59,LIN-BBB,12.94,12.5,33.25,9.9,"{'duration': 68.07, 'spread': 4.83, 'liquidity': 20, 'momentum': 50.45, 'stability': 97.96, 'currency': 49.68}",CALCULATED,2025-09-08T20:12:58.778531+00:00,TRE000126,Treasury,AAA,37269943638.10282,29.80882087936013,24.174704932471876,BBB,Q3
70.92,LIN-BBB,15.27,12.5,33.25,9.91,"{'duration': 84.97, 'spread': 3.48, 'liquidity': 20, 'momentum': 50.28, 'stability': 97.96, 'currency': 49.9}",CALCULATED,2025-09-08T20:12:58.778603+00:00,TRE000127,Treasury,AAA,38263169670.07497,7.201323774646079,17.415268556320882,BBB,Q4
66.41,LIN-BBB-,10.74,12.5,33.25,9.92,"{'duration': 55.74, 'spread': 2.53, 'liquidity': 20, 'momentum': 50.66, 'stability': 97.96, 'currency': 49.77}",CALCULATED,2025-09-08T20:12:58.778672+00:00,TRE000128,Treasury,AAA,18026331415.940063,10.184624445706131,12.627657441831001,BBB,Q2
59.19,LIN-BB+,5.29,12.5,31.5,9.9,"{'duration': 16.62, 'spread': 5.31, 'liquidity': 20, 'momentum': 50.49, 'stability': 97.96, 'currency': 49.57}",CALCULATED,2025-09-08T20:12:58.778741+00:00,TRE000129,Treasury,AA+,12137515075.027472,5.057575800718142,26.544964122626325,BB,Q1 (Worst)
63.38,LIN-BB+,9.47,12.5,31.5,9.91,"{'duration': 49.46, 'spread': 0.35, 'liquidity': 20, 'momentum': 50.64, 'stability': 97.96, 'currency': 49.66}",CALCULATED,2025-09-08T20:12:58.778808+00:00,TRE000130,Treasury,AA+,28020001443.104885,23.029270555500727,1.746184388721782,BB,Q1 (Worst)
63.4,LIN-BB+,7.73,12.5,33.25,9.92,"{'duration': 34.01, 'spread': 4.2, 'liquidity': 20, 'momentum': 50.43, 'stability': 97.96, 'currency': 49.97}",CALCULATED,2025-09-08T20:12:58.778873+00:00,TRE000131,Treasury,AAA,39465181139.714615,5.0972108805180305,20.97892543897013,BB,Q1 (Worst)
69.73,LIN-BBB,14.05,12.5,33.25,9.93,"{'duration': 77.67, 'spread': 2.66, 'liquidity': 20, 'momentum': 50.76, 'stability': 97.96, 'currency': 49.93}",CALCULATED,2025-09-08T20:12:58.778940+00:00,TRE000132,Treasury,AAA,13444996223.42587,18.783835848347362,13.304531936015739,BBB,Q3
71.2,LIN-BBB,15.54,12.5,33.25,9.91,"{'duration': 86.26, 'spread': 4.01, 'liquidity': 20, 'momentum': 50.45, 'stability': 97.96, 'currency': 49.78}",CALCULATED,2025-09-08T20:12:58.779010+00:00,TRE000133,Treasury,AAA,20877149126.384617,19.977237361043837,20.06484009948279,BBB,Q4
59.99,LIN-BB+,4.32,12.5,33.25,9.92,"{'duration': 14.57, 'spread': 0.92, 'liquidity': 20, 'momentum': 50.55, 'stability': 97.96, 'currency': 49.84}",CALCULATED,2025-09-08T20:12:58.779079+00:00,TRE000134,Treasury,AAA,40330768479.068756,5.913484882474333,4.614203608720628,BB,Q1 (Worst)
69.06,LIN-BBB,13.39,12.5,33.25,9.92,"{'duration': 70.26, 'spread': 5.67, 'liquidity': 20, 'momentum': 50.54, 'stability': 97.96, 'currency': 49.8}",CALCULATED,2025-09-08T20:12:58.779155+00:00,TRE000135,Treasury,AAA,23651761232.103844,16.31499555589057,28.370514640384854,BBB,Q3
60.97,LIN-BB+,7.06,12.5,31.5,9.91,"{'duration': 31.76, 'spread': 1.97, 'liquidity': 20, 'momentum': 50.43, 'stability': 97.96, 'currency': 49.9}",CALCULATED,2025-09-08T20:12:58.779231+00:00,TRE000136,Treasury,AA+,48358890773.92596,9.930009665400855,9.834789536332405,BB,Q1 (Worst)
70.96,LIN-BBB,17.05,12.5,31.5,9.9,"{'duration': 100.0, 'spread': 0.36, 'liquidity': 20, 'momentum': 50.49, 'stability': 97.96, 'currency': 49.63}",CALCULATED,2025-09-08T20:12:58.779339+00:00,TRE000137,Treasury,AA+,26269005462.59327,18.611381252724748,1.7790251663106893,BBB,Q4
62.52,LIN-BB+,6.86,12.5,33.25,9.92,"{'duration': 31.46, 'spread': 0.91, 'liquidity': 20, 'momentum': 50.52, 'stability': 97.96, 'currency': 49.88}",CALCULATED,2025-09-08T20:12:58.779435+00:00,TRE000138,Treasury,AAA,47812291150.94713,11.08805265353701,4.551066778699039,BB,Q1 (Worst)
70.92,LIN-BBB,17.01,12.5,31.5,9.92,"{'duration': 100.0, 'spread': 0.04, 'liquidity': 20, 'momentum': 50.67, 'stability': 97.96, 'currency': 49.69}",CALCULATED,2025-09-08T20:12:58.779511+00:00,TRE000139,Treasury,AA+,13027739658.13055,28.905139517485342,0.1901692057219695,BBB,Q4
73.48,LIN-BBB+,17.81,12.5,33.25,9.93,"{'duration': 100.0, 'spread': 5.39, 'liquidity': 20, 'momentum': 50.63, 'stability': 97.96, 'currency': 49.95}",CALCULATED,2025-09-08T20:12:58.779586+00:00,TRE000140,Treasury,AAA,39424989643.051765,15.540809278180198,26.92636866538171,BBB,Q5 (Best)
67.08,LIN-BBB-,11.41,12.5,33.25,9.93,"{'duration': 60.28, 'spread': 2.43, 'liquidity': 20, 'momentum': 50.65, 'stability': 97.96, 'currency': 49.93}",CALCULATED,2025-09-08T20:12:58.779657+00:00,TRE000141,Treasury,AAA,23895445024.965874,4.693342554232242,12.156716752534795,BBB,Q2
73.24,LIN-BBB+,17.58,12.5,33.25,9.91,"{'duration': 100.0, 'spread': 3.83, 'liquidity': 20, 'momentum': 50.59, 'stability': 97.96, 'currency': 49.74}",CALCULATED,2025-09-08T20:12:58.779729+00:00,TRE000142,Treasury,AAA,28980337130.59592,10.06284891421431,19.171303508637834,BBB,Q5 (Best)
64.23,LIN-BB+,8.57,12.5,33.25,9.91,"{'duration': 41.74, 'spread': 2.07, 'liquidity': 20, 'momentum': 50.22, 'stability': 97.96, 'currency': 49.93}",CALCULATED,2025-09-08T20:12:58.779799+00:00,TRE000143,Treasury,AAA,34995063953.51456,24.468433283406195,10.344073766400621,BB,Q2
69.09,LIN-BBB,13.42,12.5,33.25,9.91,"{'duration': 71.45, 'spread': 4.71, 'liquidity': 20, 'momentum': 50.47, 'stability': 97.96, 'currency': 49.8}",CALCULATED,2025-09-08T20:12:58.779867+00:00,TRE000144,Treasury,AAA,16674091087.83052,4.903650468184655,23.551519311602483,BBB,Q3
73.38,LIN-BBB+,17.71,12.5,33.25,9.92,"{'duration': 100.0, 'spread': 4.74, 'liquidity': 20, 'momentum': 50.48, 'stability': 97.96, 'currency': 49.94}",CALCULATED,2025-09-08T20:12:58.779935+00:00,TRE000145,Treasury,AAA,15867431781.481075,26.169486822792287,23.702093601622582,BBB,Q5 (Best)
73.51,LIN-BBB+,17.85,12.5,33.25,9.9,"{'duration': 100.0, 'spread': 5.69, 'liquidity': 20, 'momentum': 50.37, 'stability': 97.96, 'currency': 49.74}",CALCULATED,2025-09-08T20:12:58.780005+00:00,TRE000146,Treasury,AAA,49609114849.16259,27.142971062166687,28.462426916165896,BBB,Q5 (Best)
62.69,LIN-BB+,7.02,12.5,33.25,9.92,"{'duration': 29.08, 'spread': 4.36, 'liquidity': 20, 'momentum': 50.46, 'stability': 97.96, 'currency': 49.96}",CALCULATED,2025-09-08T20:12:58.780075+00:00,TRE000147,Treasury,AAA,33681145907.454136,10.5323376289185,21.797841159429446,BB,Q1 (Worst)
72.79,LIN-BBB+,17.13,12.5,33.25,9.91,"{'duration': 100.0, 'spread': 0.84, 'liquidity': 20, 'momentum': 50.61, 'stability': 97.96, 'currency': 49.68}",CALCULATED,2025-09-08T20:12:58.780147+00:00,TRE000148,Treasury,AAA,21394202298.604454,11.846063281873995,4.202607993802934,BBB,Q4
72.9,LIN-BBB+,17.28,12.5,33.25,9.88,"{'duration': 100.0, 'spread': 1.84, 'liquidity': 20, 'momentum': 49.93, 'stability': 97.96, 'currency': 49.67}",CALCULATED,2025-09-08T20:12:58.780280+00:00,TRE000149,Treasury,AAA,30703666154.65108,4.633343204784655,9.20029566944868,BBB,Q4
69.13,LIN-BBB,13.46,12.5,33.25,9.92,"{'duration': 71.42, 'spread': 4.98, 'liquidity': 20, 'momentum': 50.59, 'stability': 97.96, 'currency': 49.81}",CALCULATED,2025-09-08T20:12:58.780369+00:00,TRE000150,Treasury,AAA,37615548760.7905,6.001935370371041,24.917512525634873,BBB,Q3
62.2,LIN-BB+,8.3,12.5,31.5,9.9,"{'duration': 40.51, 'spread': 1.48, 'liquidity': 20, 'momentum': 50.24, 'stability': 97.96, 'currency': 49.82}",CALCULATED,2025-09-08T20:12:58.780439+00:00,TRE000151,Treasury,AA+,42319058102.80699,17.648564663261954,7.408342445955595,BB,Q1 (Worst)
66.6,LIN-BBB-,10.92,12.5,33.25,9.93,"{'duration': 55.28, 'spread': 4.2, 'liquidity': 20, 'momentum': 50.68, 'stability': 97.96, 'currency': 49.96}",CALCULATED,2025-09-08T20:12:58.780507+00:00,TRE000152,Treasury,AAA,10196519459.42102,17.900952995495924,20.976492297666063,BBB,Q2
72.76,LIN-BBB+,17.11,12.5,33.25,9.9,"{'duration': 100.0, 'spread': 0.74, 'liquidity': 20, 'momentum': 50.2, 'stability': 97.96, 'currency': 49.77}",CALCULATED,2025-09-08T20:12:58.780579+00:00,TRE000153,Treasury,AAA,37902930580.41571,12.620422216165661,3.6920553187913105,BBB,Q4
71.66,LIN-BBB,17.74,12.5,31.5,9.92,"{'duration': 100.0, 'spread': 4.92, 'liquidity': 20, 'momentum': 50.45, 'stability': 97.96, 'currency': 49.94}",CALCULATED,2025-09-08T20:12:58.780647+00:00,TRE000154,Treasury,AA+,22867771614.946922,12.068592626893516,24.60278634993328,BBB,Q4
71.13,LIN-BBB,17.21,12.5,31.5,9.92,"{'duration': 100.0, 'spread': 1.39, 'liquidity': 20, 'momentum': 50.61, 'stability': 97.96, 'currency': 49.88}",CALCULATED,2025-09-08T20:12:58.780714+00:00,TRE000155,Treasury,AA+,38905287643.21396,29.512270733146966,6.940144764125552,BBB,Q4
60.9,LIN-BB+,5.24,12.5,33.25,9.91,"{'duration': 21.54, 'spread': 0.08, 'liquidity': 20, 'momentum': 50.26, 'stability': 97.96, 'currency': 49.89}",CALCULATED,2025-09-08T20:12:58.780782+00:00,TRE000156,Treasury,AAA,31258897057.343254,22.75091879779404,0.3873223557576211,BB,Q1 (Worst)
65.57,LIN-BBB-,9.93,12.5,33.25,9.89,"{'duration': 48.48, 'spread': 4.38, 'liquidity': 20, 'momentum': 50.12, 'stability': 97.96, 'currency': 49.74}",CALCULATED,2025-09-08T20:12:58.780853+00:00,TRE000157,Treasury,AAA,42952930612.18619,11.61969050005999,21.894665486926407,BBB,Q2
58.02,LIN-BB+,4.1,12.5,31.5,9.91,"{'duration': 12.59, 'spread': 1.43, 'liquidity': 20, 'momentum': 50.35, 'stability': 97.96, 'currency': 49.93}",CALCULATED,2025-09-08T20:12:58.780921+00:00,TRE000158,Treasury,AA+,47449092292.384224,19.791215518924815,7.172550934965875,BB,Q1 (Worst)
66.96,LIN-BBB-,11.28,12.5,33.25,9.93,"{'duration': 58.37, 'spread': 3.52, 'liquidity': 20, 'momentum': 50.65, 'stability': 97.96, 'currency': 49.9}",CALCULATED,2025-09-08T20:12:58.780989+00:00,TRE000159,Treasury,AAA,37431710566.43323,10.740673586501153,17.616820095702348,BBB,Q2
73.32,LIN-BBB+,17.63,12.5,33.25,9.94,"{'duration': 100.0, 'spread': 4.21, 'liquidity': 20, 'momentum': 51.03, 'stability': 97.96, 'currency': 49.74}",CALCULATED,2025-09-08T20:12:58.781056+00:00,TRE000160,Treasury,AAA,18795952781.32908,15.995479940388854,21.070306981502146,BBB,Q5 (Best)
70.65,LIN-BBB,14.97,12.5,33.25,9.93,"{'duration': 81.48, 'spread': 4.97, 'liquidity': 20, 'momentum': 50.83, 'stability': 97.96, 'currency': 49.83}",CALCULATED,2025-09-08T20:12:58.781125+00:00,TRE000161,Treasury,AAA,30099338814.39781,10.963792895641793,24.835861755520984,BBB,Q3
71.28,LIN-BBB,17.35,12.5,31.5,9.93,"{'duration': 100.0, 'spread': 2.36, 'liquidity': 20, 'momentum': 50.82, 'stability': 97.96, 'currency': 49.78}",CALCULATED,2025-09-08T20:12:58.781192+00:00,TRE000162,Treasury,AA+,30152541741.923954,11.418041032901877,11.816723703900202,BBB,Q4
72.77,LIN-BBB+,17.12,12.5,33.25,9.91,"{'duration': 100.0, 'spread': 0.79, 'liquidity': 20, 'momentum': 50.4, 'stability': 97.96, 'currency': 49.77}",CALCULATED,2025-09-08T20:12:58.781259+00:00,TRE000163,Treasury,AAA,49408560736.032036,20.54657327507525,3.937365497414793,BBB,Q4
72.89,LIN-BBB+,17.23,12.5,33.25,9.91,"{'duration': 100.0, 'spread': 1.52, 'liquidity': 20, 'momentum': 50.55, 'stability': 97.96, 'currency': 49.77}",CALCULATED,2025-09-08T20:12:58.781355+00:00,TRE000164,Treasury,AAA,17639688113.895332,29.279885300140947,7.591708220349446,BBB,Q4
68.31,LIN-BBB,12.65,12.5,33.25,9.91,"{'duration': 70.66, 'spread': 0.32, 'liquidity': 20, 'momentum': 50.58, 'stability': 97.96, 'currency': 49.63}",CALCULATED,2025-09-08T20:12:58.781432+00:00,TRE000165,Treasury,AAA,27376302584.67077,4.414661125310838,1.6001645032522238,BBB,Q3
65.15,LIN-BBB-,9.47,12.5,33.25,9.92,"{'duration': 48.62, 'spread': 1.2, 'liquidity': 20, 'momentum': 50.62, 'stability': 97.96, 'currency': 49.91}",CALCULATED,2025-09-08T20:12:58.781499+00:00,TRE000166,Treasury,AAA,42949683801.11986,17.87223294750061,6.002887713530962,BBB,Q2
67.41,LIN-BBB-,13.49,12.5,31.5,9.92,"{'duration': 70.71, 'spread': 5.89, 'liquidity': 20, 'momentum': 50.67, 'stability': 97.96, 'currency': 49.8}",CALCULATED,2025-09-08T20:12:58.781571+00:00,TRE000167,Treasury,AA+,41094540514.50071,9.15450118984624,29.43689327606463,BBB,Q3
60.1,LIN-BB+,4.45,12.5,33.25,9.91,"{'duration': 12.81, 'spread': 3.5, 'liquidity': 20, 'momentum': 50.28, 'stability': 97.96, 'currency': 49.95}",CALCULATED,2025-09-08T20:12:58.781639+00:00,TRE000168,Treasury,AAA,21223597906.81144,26.26439765229359,17.476285732593098,BB,Q1 (Worst)
72.95,LIN-BBB+,17.3,12.5,33.25,9.9,"{'duration': 100.0, 'spread': 1.97, 'liquidity': 20, 'momentum': 50.29, 'stability': 97.96, 'currency': 49.77}",CALCULATED,2025-09-08T20:12:58.781711+00:00,TRE000169,Treasury,AAA,18772106178.045853,11.669583717139012,9.861120143286552,BBB,Q4
72.19,LIN-BBB+,16.53,12.5,33.25,9.91,"{'duration': 94.32, 'spread': 2.51, 'liquidity': 20, 'momentum': 50.52, 'stability': 97.96, 'currency': 49.8}",CALCULATED,2025-09-08T20:12:58.781778+00:00,TRE000170,Treasury,AAA,36977843676.70598,19.594039703871463,12.563033018459501,BBB,Q4
73.4,LIN-BBB+,17.75,12.5,33.25,9.9,"{'duration': 100.0, 'spread': 4.98, 'liquidity': 20, 'momentum': 50.29, 'stability': 97.96, 'currency': 49.74}",CALCULATED,2025-09-08T20:12:58.781844+00:00,TRE000171,Treasury,AAA,12084955865.693981,24.496929285243887,24.89489627311505,BBB,Q5 (Best)
59.53,LIN-BB+,3.85,12.5,33.25,9.92,"{'duration': 11.02, 'spread': 1.34, 'liquidity': 20, 'momentum': 50.7, 'stability': 97.96, 'currency': 49.82}",CALCULATED,2025-09-08T20:12:58.781928+00:00,TRE000172,Treasury,AAA,17938903528.966553,10.49294410396369,6.685553600416928,BB,Q1 (Worst)
73.43,LIN-BBB+,17.76,12.5,33.25,9.92,"{'duration': 99.92, 'spread': 5.16, 'liquidity': 20, 'momentum': 50.6, 'stability': 97.96, 'currency': 49.81}",CALCULATED,2025-09-08T20:12:58.782008+00:00,TRE000173,Treasury,AAA,47016977026.185295,10.301929293691915,25.791548349863763,BBB,Q5 (Best)
73.47,LIN-BBB+,17.81,12.5,33.25,9.91,"{'duration': 100.0, 'spread': 5.37, 'liquidity': 20, 'momentum': 50.65, 'stability': 97.96, 'currency': 49.68}",CALCULATED,2025-09-08T20:12:58.782082+00:00,TRE000174,Treasury,AAA,32743859161.53141,21.548775642177816,26.850789833753197,BBB,Q5 (Best)
62.17,LIN-BB+,8.25,12.5,31.5,9.91,"{'duration': 37.91, 'spread': 3.79, 'liquidity': 20, 'momentum': 50.36, 'stability': 97.96, 'currency': 49.93}",CALCULATED,2025-09-08T20:12:58.782151+00:00,TRE000175,Treasury,AA+,26804500248.70708,20.077884660396048,18.93124028465985,BB,Q1 (Worst)
66.95,LIN-BBB-,11.3,12.5,33.25,9.91,"{'duration': 61.22, 'spread': 0.75, 'liquidity': 20, 'momentum': 50.34, 'stability': 97.96, 'currency': 49.83}",CALCULATED,2025-09-08T20:12:58.782219+00:00,TRE000176,Treasury,AAA,49624683619.415375,6.585097569060889,3.7411058536928254,BBB,Q2
63.12,LIN-BB+,7.46,12.5,33.25,9.91,"{'duration': 31.15, 'spread': 5.23, 'liquidity': 20, 'momentum': 50.6, 'stability': 97.96, 'currency': 49.68}",CALCULATED,2025-09-08T20:12:58.782289+00:00,TRE000177,Treasury,AAA,41761082196.37697,27.207775456624958,26.15130570710095,BB,Q1 (Worst)
72.74,LIN-BBB+,17.07,12.5,33.25,9.92,"{'duration': 99.68, 'spread': 0.81, 'liquidity': 20, 'momentum': 50.45, 'stability': 97.96, 'currency': 49.9}",CALCULATED,2025-09-08T20:12:58.782355+00:00,TRE000178,Treasury,AAA,16695413782.592396,13.024183613287782,4.0290500594091005,BBB,Q4
73.03,LIN-BBB+,17.35,12.5,33.25,9.94,"{'duration': 100.0, 'spread': 2.32, 'liquidity': 20, 'momentum': 50.79, 'stability': 97.96, 'currency': 49.96}",CALCULATED,2025-09-08T20:12:58.782421+00:00,TRE000179,Treasury,AAA,12565597219.70385,18.492519472136706,11.579125681971954,BBB,Q4
73.1,LIN-BBB+,17.44,12.5,33.25,9.91,"{'duration': 100.0, 'spread': 2.96, 'liquidity': 20, 'momentum': 50.35, 'stability': 97.96, 'currency': 49.91}",CALCULATED,2025-09-08T20:12:58.782486+00:00,TRE000180,Treasury,AAA,37498615693.97757,29.071362515360295,14.79285192280085,BBB,Q5 (Best)
73.08,LIN-BBB+,17.41,12.5,33.25,9.92,"{'duration': 100.0, 'spread': 2.73, 'liquidity': 20, 'momentum': 50.49, 'stability': 97.96, 'currency': 49.9}",CALCULATED,2025-09-08T20:12:58.782550+00:00,TRE000181,Treasury,AAA,47880994801.831566,7.2846407155301875,13.663529622864223,BBB,Q5 (Best)
73.24,LIN-BBB+,17.58,12.5,33.25,9.9,"{'duration': 100.0, 'spread': 3.88, 'liquidity': 20, 'momentum': 50.25, 'stability': 97.96, 'currency': 49.88}",CALCULATED,2025-09-08T20:12:58.782614+00:00,TRE000182,Treasury,AAA,16387983561.19398,4.318291361902018,19.386525225198273,BBB,Q5 (Best)
62.27,LIN-BB+,6.61,12.5,33.25,9.91,"{'duration': 25.42, 'spread': 5.33, 'liquidity': 20, 'momentum': 50.5, 'stability': 97.96, 'currency': 49.7}",CALCULATED,2025-09-08T20:12:58.782680+00:00,TRE000183,Treasury,AAA,26437052589.728176,21.44887324639105,26.65024258213995,BB,Q1 (Worst)
73.15,LIN-BBB+,17.48,12.5,33.25,9.91,"{'duration': 100.0, 'spread': 3.23, 'liquidity': 20, 'momentum': 50.49, 'stability': 97.96, 'currency': 49.78}",CALCULATED,2025-09-08T20:12:58.782745+00:00,TRE000184,Treasury,AAA,21347419780.589844,20.50631682950535,16.15005694217132,BBB,Q5 (Best)
70.14,LIN-BBB,14.49,12.5,33.25,9.9,"{'duration': 79.77, 'spread': 3.47, 'liquidity': 20, 'momentum': 50.39, 'stability': 97.96, 'currency': 49.72}",CALCULATED,2025-09-08T20:12:58.782811+00:00,TRE000185,Treasury,AAA,35690593288.17785,15.87550981975525,17.328068809021946,BBB,Q3
69.79,LIN-BBB,15.87,12.5,31.5,9.92,"{'duration': 91.16, 'spread': 1.31, 'liquidity': 20, 'momentum': 50.59, 'stability': 97.96, 'currency': 49.85}",CALCULATED,2025-09-08T20:12:58.782879+00:00,TRE000186,Treasury,AA+,23802716916.541824,9.105682319739877,6.568011325530783,BBB,Q3
73.17,LIN-BBB+,17.51,12.5,33.25,9.91,"{'duration': 100.0, 'spread': 3.42, 'liquidity': 20, 'momentum': 50.47, 'stability': 97.96, 'currency': 49.67}",CALCULATED,2025-09-08T20:12:58.782947+00:00,TRE000187,Treasury,AAA,11498783595.264027,23.137619726764544,17.10970989277806,BBB,Q5 (Best)
71.3,LIN-BBB,17.4,12.5,31.5,9.9,"{'duration': 100.0, 'spread': 2.68, 'liquidity': 20, 'momentum': 50.31, 'stability': 97.96, 'currency': 49.78}",CALCULATED,2025-09-08T20:12:58.783015+00:00,TRE000188,Treasury,AA+,44388734365.83707,5.657878433806556,13.395315194438362,BBB,Q4
72.39,LIN-BBB+,16.74,12.5,33.25,9.9,"{'duration': 95.48, 'spread': 2.82, 'liquidity': 20, 'momentum': 50.31, 'stability': 97.96, 'currency': 49.74}",CALCULATED,2025-09-08T20:12:58.783079+00:00,TRE000189,Treasury,AAA,20970775993.705215,1.922526308472213,14.079410580218322,BBB,Q4
63.37,LIN-BB+,9.46,12.5,31.5,9.91,"{'duration': 45.4, 'spread': 4.32, 'liquidity': 20, 'momentum': 50.46, 'stability': 97.96, 'currency': 49.8}",CALCULATED,2025-09-08T20:12:58.783145+00:00,TRE000190,Treasury,AA+,44402011707.37065,11.285014272329724,21.599641885731984,BB,Q1 (Worst)
62.24,LIN-BB+,6.59,12.5,33.25,9.9,"{'duration': 28.2, 'spread': 2.42, 'liquidity': 20, 'momentum': 50.27, 'stability': 97.96, 'currency': 49.77}",CALCULATED,2025-09-08T20:12:58.783213+00:00,TRE000191,Treasury,AAA,10131887624.38856,27.629565791547655,12.092559821356804,BB,Q1 (Worst)
67.46,LIN-BBB-,11.79,12.5,33.25,9.92,"{'duration': 63.52, 'spread': 1.76, 'liquidity': 20, 'momentum': 50.53, 'stability': 97.96, 'currency': 49.82}",CALCULATED,2025-09-08T20:12:58.783284+00:00,TRE000192,Treasury,AAA,22635649361.81749,18.27689272761685,8.816991699325374,BBB,Q3
64.24,LIN-BB+,8.56,12.5,33.25,9.93,"{'duration': 39.96, 'spread': 3.77, 'liquidity': 20, 'momentum': 50.88, 'stability': 97.96, 'currency': 49.8}",CALCULATED,2025-09-08T20:12:58.783394+00:00,TRE000193,Treasury,AAA,48462376830.083336,20.735063654361742,18.863813421829533,BB,Q2
73.27,LIN-BBB+,17.61,12.5,33.25,9.91,"{'duration': 100.0, 'spread': 4.09, 'liquidity': 20, 'momentum': 50.43, 'stability': 97.96, 'currency': 49.8}",CALCULATED,2025-09-08T20:12:58.783469+00:00,TRE000194,Treasury,AAA,39295977467.33057,24.110928205288253,20.466288552505535,BBB,Q5 (Best)
70.4,LIN-BBB,14.72,12.5,33.25,9.93,"{'duration': 83.1, 'spread': 1.72, 'liquidity': 20, 'momentum': 50.71, 'stability': 97.96, 'currency': 49.85}",CALCULATED,2025-09-08T20:12:58.783538+00:00,TRE000195,Treasury,AAA,28316247974.446465,12.56568487875914,8.605722116380326,BBB,Q3
69.17,LIN-BBB,13.5,12.5,33.25,9.92,"{'duration': 71.02, 'spread': 5.64, 'liquidity': 20, 'momentum': 50.62, 'stability': 97.96, 'currency': 49.78}",CALCULATED,2025-09-08T20:12:58.783608+00:00,TRE000196,Treasury,AAA,30794095159.26419,5.321218914997339,28.191643546676293,BBB,Q3
72.89,LIN-BBB+,17.24,12.5,33.25,9.9,"{'duration': 100.0, 'spread': 1.61, 'liquidity': 20, 'momentum': 50.21, 'stability': 97.96, 'currency': 49.85}",CALCULATED,2025-09-08T20:12:58.783681+00:00,TRE000197,Treasury,AAA,10232024909.241447,8.23939879147801,8.059560801674024,BBB,Q4
60.81,LIN-BB+,5.16,12.5,33.25,9.9,"{'duration': 18.41, 'spread': 2.65, 'liquidity': 20, 'momentum': 50.36, 'stability': 97.96, 'currency': 49.78}",CALCULATED,2025-09-08T20:12:58.783748+00:00,TRE000198,Treasury,AAA,24977812264.164276,10.720758531718534,13.26196166075732,BB,Q1 (Worst)
71.53,LIN-BBB,17.63,12.5,31.5,9.91,"{'duration': 100.0, 'spread': 4.17, 'liquidity': 20, 'momentum': 50.2, 'stability': 97.96, 'currency': 50.0}",CALCULATED,2025-09-08T20:12:58.783818+00:00,TRE000199,Treasury,AA+,40828226657.4512,24.722915886578182,20.847727139110592,BBB,Q4
63.21,LIN-BB+,7.53,12.5,33.25,9.93,"{'duration': 31.83, 'spread': 5.05, 'liquidity': 20, 'momentum': 50.92, 'stability': 97.96, 'currency': 49.76}",CALCULATED,2025-09-08T20:12:58.783896+00:00,TRE000200,Treasury,AAA,29630084046.407063,16.618693564468778,25.273516643384554,BB,Q1 (Worst)
65.22,LIN-BBB-,9.55,12.5,33.25,9.92,"{'duration': 47.76, 'spread': 2.58, 'liquidity': 20, 'momentum': 50.51, 'stability': 97.96, 'currency': 49.87}",CALCULATED,2025-09-08T20:12:58.783969+00:00,TRE000201,Treasury,AAA,17898189657.66783,11.162495687431635,12.916390931907499,BBB,Q2
61.64,LIN-BB+,5.98,12.5,33.25,9.91,"{'duration': 22.47, 'spread': 4.06, 'liquidity': 20, 'momentum': 50.29, 'stability': 97.96, 'currency': 49.91}",CALCULATED,2025-09-08T20:12:58.784039+00:00,TRE000202,Treasury,AAA,31794327026.8035,3.8226966788483967,20.29926517055222,BB,Q1 (Worst)
71.29,LIN-BBB,17.37,12.5,31.5,9.92,"{'duration': 100.0, 'spread': 2.44, 'liquidity': 20, 'momentum': 50.71, 'stability': 97.96, 'currency': 49.8}",CALCULATED,2025-09-08T20:12:58.784108+00:00,TRE000203,Treasury,AA+,34717237014.22002,5.422031886555709,12.183261403736637,BBB,Q4
63.57,LIN-BB+,7.91,12.5,33.25,9.91,"{'duration': 39.0, 'spread': 0.41, 'liquidity': 20, 'momentum': 50.51, 'stability': 97.96, 'currency': 49.77}",CALCULATED,2025-09-08T20:12:58.784177+00:00,TRE000204,Treasury,AAA,23523594421.859283,14.402224035921016,2.026640026711223,BB,Q1 (Worst)
61.64,LIN-BB+,5.98,12.5,33.25,9.91,"{'duration': 21.05, 'spread': 5.47, 'liquidity': 20, 'momentum': 50.43, 'stability': 97.96, 'currency': 49.9}",CALCULATED,2025-09-08T20:12:58.784265+00:00,TRE000205,Treasury,AAA,48267711425.6993,12.548146664312808,27.358836395850336,BB,Q1 (Worst)
64.22,LIN-BB+,10.3,12.5,31.5,9.92,"{'duration': 49.63, 'spread': 5.71, 'liquidity': 20, 'momentum': 50.57, 'stability': 97.96, 'currency': 49.88}",CALCULATED,2025-09-08T20:12:58.784341+00:00,TRE000206,Treasury,AA+,29699288307.762592,18.17425976498522,28.534309324335766,BB,Q2
72.96,LIN-BBB+,17.29,12.5,33.25,9.91,"{'duration': 100.0, 'spread': 1.96, 'liquidity': 20, 'momentum': 50.45, 'stability': 97.96, 'currency': 49.82}",CALCULATED,2025-09-08T20:12:58.784434+00:00,TRE000207,Treasury,AAA,15671242436.784653,25.984088771452214,9.795301266815407,BBB,Q4
71.25,LIN-BBB,17.34,12.5,31.5,9.91,"{'duration': 100.0, 'spread': 2.26, 'liquidity': 20, 'momentum': 50.38, 'stability': 97.96, 'currency': 49.87}",CALCULATED,2025-09-08T20:12:58.784506+00:00,TRE000208,Treasury,AA+,28082557516.599213,25.694715469747464,11.28145343072214,BBB,Q4
72.82,LIN-BBB+,17.17,12.5,33.25,9.91,"{'duration': 100.0, 'spread': 1.12, 'liquidity': 20, 'momentum': 50.47, 'stability': 97.96, 'currency': 49.69}",CALCULATED,2025-09-08T20:12:58.784660+00:00,TRE000209,Treasury,AAA,11615559081.820442,16.870511654804723,5.604704558737045,BBB,Q4
71.7,LIN-BBB,17.8,12.5,31.5,9.9,"{'duration': 100.0, 'spread': 5.32, 'liquidity': 20, 'momentum': 50.28, 'stability': 97.96, 'currency': 49.77}",CALCULATED,2025-09-08T20:12:58.784748+00:00,TRE000210,Treasury,AA+,49767484133.41872,7.483559805983059,26.618703976855503,BBB,Q4
70.97,LIN-BBB,17.07,12.5,31.5,9.91,"{'duration': 100.0, 'spread': 0.45, 'liquidity': 20, 'momentum': 50.39, 'stability': 97.96, 'currency': 49.78}",CALCULATED,2025-09-08T20:12:58.784826+00:00,TRE000211,Treasury,AA+,20284286509.334526,6.4669738918954485,2.2682912873119445,BBB,Q4
71.17,LIN-BBB,17.25,12.5,31.5,9.92,"{'duration': 100.0, 'spread': 1.69, 'liquidity': 20, 'momentum': 50.67, 'stability': 97.96, 'currency': 49.75}",CALCULATED,2025-09-08T20:12:58.784897+00:00,TRE000212,Treasury,AA+,36963211414.69743,10.193995935431126,8.464102280182967,BBB,Q4
72.78,LIN-BBB+,17.11,12.5,33.25,9.92,"{'duration': 100.0, 'spread': 0.75, 'liquidity': 20, 'momentum': 50.49, 'stability': 97.96, 'currency': 49.93}",CALCULATED,2025-09-08T20:12:58.784964+00:00,TRE000213,Treasury,AAA,16210690716.312141,25.335695804066017,3.7387884599195353,BBB,Q4
71.3,LIN-BBB,15.64,12.5,33.25,9.91,"{'duration': 88.49, 'spread': 2.44, 'liquidity': 20, 'momentum': 50.39, 'stability': 97.96, 'currency': 49.78}",CALCULATED,2025-09-08T20:12:58.785033+00:00,TRE000214,Treasury,AAA,41670351007.80025,24.524189743644616,12.223111510698864,BBB,Q4
72.1,LIN-BBB+,16.43,12.5,33.25,9.92,"{'duration': 94.95, 'spread': 1.28, 'liquidity': 20, 'momentum': 50.44, 'stability': 97.96, 'currency': 49.94}",CALCULATED,2025-09-08T20:12:58.785102+00:00,TRE000215,Treasury,AAA,38129703963.4495,9.069981270236205,6.4210131215779,BBB,Q4
73.14,LIN-BBB+,17.47,12.5,33.25,9.92,"{'duration': 100.0, 'spread': 3.13, 'liquidity': 20, 'momentum': 50.43, 'stability': 97.96, 'currency': 49.96}",CALCULATED,2025-09-08T20:12:58.785171+00:00,TRE000216,Treasury,AAA,32852624495.23836,29.34665287050899,15.662407042547388,BBB,Q5 (Best)
70.09,LIN-BBB,16.17,12.5,31.5,9.92,"{'duration': 88.9, 'spread': 5.56, 'liquidity': 20, 'momentum': 50.54, 'stability': 97.96, 'currency': 49.82}",CALCULATED,2025-09-08T20:12:58.785245+00:00,TRE000217,Treasury,AA+,18442955556.58834,20.02363576415015,27.77859527494695,BBB,Q3
63.97,LIN-BB+,8.32,12.5,33.25,9.9,"{'duration': 39.1, 'spread': 3.04, 'liquidity': 20, 'momentum': 50.12, 'stability': 97.96, 'currency': 49.9}",CALCULATED,2025-09-08T20:12:58.785347+00:00,TRE000218,Treasury,AAA,11825743674.801594,3.6440561669552864,15.21485879794329,BB,Q2
61.09,LIN-BB+,5.43,12.5,33.25,9.91,"{'duration': 22.48, 'spread': 0.36, 'liquidity': 20, 'momentum': 50.52, 'stability': 97.96, 'currency': 49.78}",CALCULATED,2025-09-08T20:12:58.785434+00:00,TRE000219,Treasury,AAA,42051307739.38572,23.706572322389253,1.7883445885962235,BB,Q1 (Worst)
70.91,LIN-BBB,17.02,12.5,31.5,9.89,"{'duration': 96.5, 'spread': 3.66, 'liquidity': 20, 'momentum': 50.2, 'stability': 97.96, 'currency': 49.55}",CALCULATED,2025-09-08T20:12:58.785507+00:00,TRE000220,Treasury,AA+,33042892367.822315,29.5809433050572,18.2919508204391,BBB,Q4
59.67,LIN-BB+,5.77,12.5,31.5,9.91,"{'duration': 23.81, 'spread': 1.29, 'liquidity': 20, 'momentum': 50.52, 'stability': 97.96, 'currency': 49.69}",CALCULATED,2025-09-08T20:12:58.785577+00:00,TRE000221,Treasury,AA+,33930218713.58591,13.605851918856136,6.430338843141553,BB,Q1 (Worst)
69.67,LIN-BBB,14.01,12.5,33.25,9.92,"{'duration': 78.49, 'spread': 1.55, 'liquidity': 20, 'momentum': 50.52, 'stability': 97.96, 'currency': 49.85}",CALCULATED,2025-09-08T20:12:58.785645+00:00,TRE000222,Treasury,AAA,10586701225.683743,25.318036450832707,7.747914430095603,BBB,Q3
65.34,LIN-BBB-,9.67,12.5,33.25,9.92,"{'duration': 50.18, 'spread': 0.95, 'liquidity': 20, 'momentum': 50.67, 'stability': 97.96, 'currency': 49.75}",CALCULATED,2025-09-08T20:12:58.785714+00:00,TRE000223,Treasury,AAA,43711913153.30209,18.583580601339335,4.754124788327734,BBB,Q2
73.06,LIN-BBB+,17.39,12.5,33.25,9.92,"{'duration': 100.0, 'spread': 2.6, 'liquidity': 20, 'momentum': 50.65, 'stability': 97.96, 'currency': 49.82}",CALCULATED,2025-09-08T20:12:58.785782+00:00,TRE000224,Treasury,AAA,17907374116.26557,21.68759506132312,13.013948139494595,BBB,Q4
66.27,LIN-BBB-,12.36,12.5,31.5,9.91,"{'duration': 69.01, 'spread': 0.06, 'liquidity': 20, 'momentum': 50.43, 'stability': 97.96, 'currency': 49.8}",CALCULATED,2025-09-08T20:12:58.785857+00:00,TRE000225,Treasury,AA+,12703778594.572985,28.266675096152095,0.2792230453602007,BBB,Q2
65.05,LIN-BBB-,9.39,12.5,33.25,9.91,"{'duration': 45.47, 'spread': 3.77, 'liquidity': 20, 'momentum': 50.43, 'stability': 97.96, 'currency': 49.85}",CALCULATED,2025-09-08T20:12:58.785927+00:00,TRE000226,Treasury,AAA,44343022449.5687,15.07753619004409,18.870496089838444,BBB,Q2
71.26,LIN-BBB,17.34,12.5,31.5,9.92,"{'duration': 100.0, 'spread': 2.26, 'liquidity': 20, 'momentum': 50.59, 'stability': 97.96, 'currency': 49.95}",CALCULATED,2025-09-08T20:12:58.785996+00:00,TRE000227,Treasury,AA+,40798683735.2495,19.20366058611938,11.29456556877702,BBB,Q4
63.19,LIN-BB+,7.51,12.5,33.25,9.93,"{'duration': 31.4, 'spread': 5.35, 'liquidity': 20, 'momentum': 50.69, 'stability': 97.96, 'currency': 49.93}",CALCULATED,2025-09-08T20:12:58.786067+00:00,TRE000228,Treasury,AAA,23957138547.774986,27.16003740997751,26.76139062138553,BB,Q1 (Worst)
70.92,LIN-BBB,15.26,12.5,33.25,9.92,"{'duration': 84.12, 'spread': 4.26, 'liquidity': 20, 'momentum': 50.48, 'stability': 97.96, 'currency': 49.87}",CALCULATED,2025-09-08T20:12:58.786137+00:00,TRE000229,Treasury,AAA,38125231844.369774,25.88479477636777,21.282429497478418,BBB,Q4
67.06,LIN-BBB-,13.15,12.5,31.5,9.91,"{'duration': 70.86, 'spread': 3.45, 'liquidity': 20, 'momentum': 50.36, 'stability': 97.96, 'currency': 49.94}",CALCULATED,2025-09-08T20:12:58.786206+00:00,TRE000230,Treasury,AA+,12736201100.912523,8.294840209131213,17.252401746298464,BBB,Q2
71.66,LIN-BBB,17.76,12.5,31.5,9.9,"{'duration': 100.0, 'spread': 5.05, 'liquidity': 20, 'momentum': 50.17, 'stability': 97.96, 'currency': 49.92}",CALCULATED,2025-09-08T20:12:58.786278+00:00,TRE000231,Treasury,AA+,44134835207.03702,5.680611338742915,25.259952076247828,BBB,Q4
66.75,LIN-BBB-,11.09,12.5,33.25,9.91,"{'duration': 56.29, 'spread': 4.3, 'liquidity': 20, 'momentum': 50.56, 'stability': 97.96, 'currency': 49.71}",CALCULATED,2025-09-08T20:12:58.786350+00:00,TRE000232,Treasury,AAA,34384595646.22108,8.08511722507716,21.50351458433655,BBB,Q2
71.81,LIN-BBB,17.89,12.5,31.5,9.92,"{'duration': 100.0, 'spread': 5.92, 'liquidity': 20, 'momentum': 50.58, 'stability': 97.96, 'currency': 49.87}",CALCULATED,2025-09-08T20:12:58.786426+00:00,TRE000233,Treasury,AA+,44631058254.49275,1.5794488472675048,29.618629502904227,BBB,Q4
65.94,LIN-BBB-,10.27,12.5,33.25,9.92,"{'duration': 52.14, 'spread': 2.99, 'liquidity': 20, 'momentum': 50.53, 'stability': 97.96, 'currency': 49.88}",CALCULATED,2025-09-08T20:12:58.786499+00:00,TRE000234,Treasury,AAA,47279271575.86143,18.30958084936833,14.945803925527777,BBB,Q2
70.77,LIN-BBB,16.86,12.5,31.5,9.92,"{'duration': 95.71, 'spread': 3.32, 'liquidity': 20, 'momentum': 50.52, 'stability': 97.96, 'currency': 49.9}",CALCULATED,2025-09-08T20:12:58.786570+00:00,TRE000235,Treasury,AA+,31069884226.78199,14.120153480281882,16.61499061468633,BBB,Q3
62.69,LIN-BB+,7.03,12.5,33.25,9.91,"{'duration': 33.52, 'spread': 0.04, 'liquidity': 20, 'momentum': 50.35, 'stability': 97.96, 'currency': 49.87}",CALCULATED,2025-09-08T20:12:58.786642+00:00,TRE000236,Treasury,AAA,42318396950.617645,28.000721576693962,0.21123007385933423,BB,Q1 (Worst)
59.77,LIN-BB+,4.11,12.5,33.25,9.91,"{'duration': 12.02, 'spread': 2.04, 'liquidity': 20, 'momentum': 50.55, 'stability': 97.96, 'currency': 49.72}",CALCULATED,2025-09-08T20:12:58.786715+00:00,TRE000237,Treasury,AAA,33412759108.833412,5.33677576748909,10.203650115986013,BB,Q1 (Worst)
67.75,LIN-BBB-,12.08,12.5,33.25,9.91,"{'duration': 63.66, 'spread': 3.57, 'liquidity': 20, 'momentum': 50.48, 'stability': 97.96, 'currency': 49.83}",CALCULATED,2025-09-08T20:12:58.786784+00:00,TRE000238,Treasury,AAA,13856714148.72529,3.5965101557870103,17.83471635923304,BBB,Q3
63.2,LIN-BB+,7.53,12.5,33.25,9.92,"{'duration': 34.26, 'spread': 2.6, 'liquidity': 20, 'momentum': 50.6, 'stability': 97.96, 'currency': 49.92}",CALCULATED,2025-09-08T20:12:58.786852+00:00,TRE000239,Treasury,AAA,32227935869.137806,8.573313086257748,12.996622547054065,BB,Q1 (Worst)
73.58,LIN-BBB+,17.89,12.5,33.25,9.94,"{'duration': 100.0, 'spread': 5.97, 'liquidity': 20, 'momentum': 50.91, 'stability': 97.96, 'currency': 49.85}",CALCULATED,2025-09-08T20:12:58.786920+00:00,TRE000240,Treasury,AAA,12631066798.550972,7.523633401483686,29.828114687814097,BBB,Q5 (Best)
71.38,LIN-BBB,17.45,12.5,31.5,9.93,"{'duration': 100.0, 'spread': 3.0, 'liquidity': 20, 'momentum': 51.0, 'stability': 97.96, 'currency': 49.68}",CALCULATED,2025-09-08T20:12:58.786992+00:00,TRE000241,Treasury,AA+,18314030633.175262,16.28511033322045,15.024059198483343,BBB,Q4
61.66,LIN-BB+,5.98,12.5,33.25,9.92,"{'duration': 22.96, 'spread': 3.6, 'liquidity': 20, 'momentum': 50.71, 'stability': 97.96, 'currency': 49.8}",CALCULATED,2025-09-08T20:12:58.787061+00:00,TRE000242,Treasury,AAA,12623164791.780996,23.94493105214131,17.987683931312525,BB,Q1 (Worst)
66.6,LIN-BBB-,12.67,12.5,31.5,9.92,"{'duration': 68.64, 'spread': 2.52, 'liquidity': 20, 'momentum': 50.65, 'stability': 97.96, 'currency': 49.84}",CALCULATED,2025-09-08T20:12:58.787127+00:00,TRE000243,Treasury,AA+,25796225453.536217,12.592994615547513,12.60100188708551,BBB,Q2
72.71,LIN-BBB+,17.05,12.5,33.25,9.91,"{'duration': 100.0, 'spread': 0.36, 'liquidity': 20, 'momentum': 50.53, 'stability': 97.96, 'currency': 49.67}",CALCULATED,2025-09-08T20:12:58.787194+00:00,TRE000244,Treasury,AAA,36357438505.23374,5.616802956198743,1.7820323679954908,BBB,Q4
61.25,LIN-BB+,5.6,12.5,33.25,9.9,"{'duration': 21.9, 'spread': 2.07, 'liquidity': 20, 'momentum': 50.15, 'stability': 97.96, 'currency': 49.93}",CALCULATED,2025-09-08T20:12:58.787259+00:00,TRE000245,Treasury,AAA,12339669337.39166,24.134261643879285,10.353083370924004,BB,Q1 (Worst)
68.81,LIN-BBB,13.15,12.5,33.25,9.91,"{'duration': 71.93, 'spread': 2.41, 'liquidity': 20, 'momentum': 50.51, 'stability': 97.96, 'currency': 49.77}",CALCULATED,2025-09-08T20:12:58.787351+00:00,TRE000246,Treasury,AAA,28365470153.911243,4.35857398380582,12.054410735293335,BBB,Q3
65.92,LIN-BBB-,11.99,12.5,31.5,9.92,"{'duration': 65.1, 'spread': 1.53, 'liquidity': 20, 'momentum': 50.74, 'stability': 97.96, 'currency': 49.79}",CALCULATED,2025-09-08T20:12:58.787446+00:00,TRE000247,Treasury,AA+,40191516068.70833,26.823796287983217,7.636716857580291,BBB,Q2
70.43,LIN-BBB,14.76,12.5,33.25,9.92,"{'duration': 82.48, 'spread': 2.59, 'liquidity': 20, 'momentum': 50.57, 'stability': 97.96, 'currency': 49.88}",CALCULATED,2025-09-08T20:12:58.787518+00:00,TRE000248,Treasury,AAA,42956680140.405624,15.847575791507964,12.962257853539544,BBB,Q3
72.89,LIN-BBB+,17.23,12.5,33.25,9.91,"{'duration': 100.0, 'spread': 1.53, 'liquidity': 20, 'momentum': 50.41, 'stability': 97.96, 'currency': 49.91}",CALCULATED,2025-09-08T20:12:58.787587+00:00,TRE000249,Treasury,AAA,32310605847.769554,3.971290411638689,7.654515940066257,BBB,Q4
72.91,LIN-BBB+,17.23,12.5,33.25,9.93,"{'duration': 100.0, 'spread': 1.57, 'liquidity': 20, 'momentum': 50.71, 'stability': 97.96, 'currency': 49.86}",CALCULATED,2025-09-08T20:12:58.787659+00:00,TRE000250,Treasury,AAA,23474949257.68432,5.568082079888694,7.831390848991498,BBB,Q4
67.23,LIN-BBB-,13.31,12.5,31.5,9.91,"{'duration': 72.12, 'spread': 3.31, 'liquidity': 20, 'momentum': 50.4, 'stability': 97.96, 'currency': 49.88}",CALCULATED,2025-09-08T20:12:58.787729+00:00,TRE000251,Treasury,AA+,17478870250.16263,2.6937942905291394,16.56490263371648,BBB,Q2
71.49,LIN-BBB,17.58,12.5,31.5,9.9,"{'duration': 100.0, 'spread': 3.9, 'liquidity': 20, 'momentum': 50.51, 'stability': 97.96, 'currency': 49.58}",CALCULATED,2025-09-08T20:12:58.787798+00:00,TRE000252,Treasury,AA+,15377970382.337734,15.130722146668406,19.491123708366224,BBB,Q4
69.56,LIN-BBB,15.65,12.5,31.5,9.9,"{'duration': 89.75, 'spread': 1.28, 'liquidity': 20, 'momentum': 50.33, 'stability': 97.96, 'currency': 49.8}",CALCULATED,2025-09-08T20:12:58.787865+00:00,TRE000253,Treasury,AA+,48628962374.75668,21.74872244742284,6.40194164098159,BBB,Q3
69.03,LIN-BBB,15.11,12.5,31.5,9.92,"{'duration': 86.89, 'spread': 0.51, 'liquidity': 20, 'momentum': 50.78, 'stability': 97.96, 'currency': 49.72}",CALCULATED,2025-09-08T20:12:58.787933+00:00,TRE000254,Treasury,AA+,45454835374.729126,5.751768900987459,2.5705178828852127,BBB,Q3
73.44,LIN-BBB+,17.81,12.5,33.25,9.88,"{'duration': 100.0, 'spread': 5.4, 'liquidity': 20, 'momentum': 49.99, 'stability': 97.96, 'currency': 49.75}",CALCULATED,2025-09-08T20:12:58.787998+00:00,TRE000255,Treasury,AAA,22243665527.408703,10.663393380045871,26.975232653513793,BBB,Q5 (Best)
73.35,LIN-BBB+,17.68,12.5,33.25,9.91,"{'duration': 100.0, 'spread': 4.56, 'liquidity': 20, 'momentum': 50.57, 'stability': 97.96, 'currency': 49.74}",CALCULATED,2025-09-08T20:12:58.788064+00:00,TRE000256,Treasury,AAA,49357107858.46128,19.577646889985893,22.822289979103314,BBB,Q5 (Best)
64.0,LIN-BB+,8.32,12.5,33.25,9.92,"{'duration': 40.38, 'spread': 1.78, 'liquidity': 20, 'momentum': 50.65, 'stability': 97.96, 'currency': 49.81}",CALCULATED,2025-09-08T20:12:58.788136+00:00,TRE000257,Treasury,AAA,32130187906.355522,4.46199401552825,8.878253274051973,BB,Q2
63.07,LIN-BB+,7.41,12.5,33.25,9.92,"{'duration': 34.09, 'spread': 1.95, 'liquidity': 20, 'momentum': 50.66, 'stability': 97.96, 'currency': 49.74}",CALCULATED,2025-09-08T20:12:58.788205+00:00,TRE000258,Treasury,AAA,37790129915.54372,7.273530346300745,9.726843061580771,BB,Q1 (Worst)
73.48,LIN-BBB+,17.82,12.5,33.25,9.91,"{'duration': 100.0, 'spread': 5.49, 'liquidity': 20, 'momentum': 50.52, 'stability': 97.96, 'currency': 49.67}",CALCULATED,2025-09-08T20:12:58.788295+00:00,TRE000259,Treasury,AAA,33120820418.40779,21.10886708594298,27.44020030405716,BBB,Q5 (Best)
73.41,LIN-BBB+,17.77,12.5,33.25,9.9,"{'duration': 100.0, 'spread': 5.12, 'liquidity': 20, 'momentum': 50.24, 'stability': 97.96, 'currency': 49.73}",CALCULATED,2025-09-08T20:12:58.788379+00:00,TRE000260,Treasury,AAA,36745827517.8903,21.67735599971747,25.594002175993914,BBB,Q5 (Best)
71.09,LIN-BBB,17.18,12.5,31.5,9.92,"{'duration': 100.0, 'spread': 1.2, 'liquidity': 20, 'momentum': 50.68, 'stability': 97.96, 'currency': 49.66}",CALCULATED,2025-09-08T20:12:58.788457+00:00,TRE000261,Treasury,AA+,33421507489.830772,21.928157406093476,5.989709867996095,BBB,Q4
73.13,LIN-BBB+,17.46,12.5,33.25,9.92,"{'duration': 100.0, 'spread': 3.06, 'liquidity': 20, 'momentum': 50.65, 'stability': 97.96, 'currency': 49.85}",CALCULATED,2025-09-08T20:12:58.788524+00:00,TRE000262,Treasury,AAA,29637545740.409626,13.783685427643276,15.28546900851159,BBB,Q5 (Best)
73.15,LIN-BBB+,17.49,12.5,33.25,9.91,"{'duration': 100.0, 'spread': 3.27, 'liquidity': 20, 'momentum': 50.39, 'stability': 97.96, 'currency': 49.77}",CALCULATED,2025-09-08T20:12:58.788598+00:00,TRE000263,Treasury,AAA,10395442923.261711,18.981836667046885,16.344016683480195,BBB,Q5 (Best)
71.15,LIN-BBB,17.23,12.5,31.5,9.92,"{'duration': 100.0, 'spread': 1.55, 'liquidity': 20, 'momentum': 50.57, 'stability': 97.96, 'currency': 49.85}",CALCULATED,2025-09-08T20:12:58.788665+00:00,TRE000264,Treasury,AA+,38762372982.30417,23.580407606613,7.727176660766561,BBB,Q4
67.56,LIN-BBB-,11.9,12.5,33.25,9.91,"{'duration': 61.04, 'spread': 4.97, 'liquidity': 20, 'momentum': 50.43, 'stability': 97.96, 'currency': 49.87}",CALCULATED,2025-09-08T20:12:58.788738+00:00,TRE000265,Treasury,AAA,39689050584.42739,15.675874186357717,24.841987189457747,BBB,Q3
71.78,LIN-BBB,17.87,12.5,31.5,9.91,"{'duration': 100.0, 'spread': 5.8, 'liquidity': 20, 'momentum': 50.38, 'stability': 97.96, 'currency': 49.84}",CALCULATED,2025-09-08T20:12:58.788807+00:00,TRE000266,Treasury,AA+,18387850625.491356,2.4684303368051355,29.009130913193843,BBB,Q4
64.94,LIN-BB+,11.01,12.5,31.5,9.93,"{'duration': 58.07, 'spread': 2.01, 'liquidity': 20, 'momentum': 50.77, 'stability': 97.96, 'currency': 49.8}",CALCULATED,2025-09-08T20:12:58.788877+00:00,TRE000267,Treasury,AA+,41431795452.89758,10.671500996411226,10.050882493232299,BB,Q2
67.71,LIN-BBB-,12.05,12.5,33.25,9.91,"{'duration': 66.14, 'spread': 0.89, 'liquidity': 20, 'momentum': 50.53, 'stability': 97.96, 'currency': 49.67}",CALCULATED,2025-09-08T20:12:58.788945+00:00,TRE000268,Treasury,AAA,48309140812.67956,23.065237639960348,4.446718503838742,BBB,Q3
73.11,LIN-BBB+,17.44,12.5,33.25,9.92,"{'duration': 100.0, 'spread': 2.93, 'liquidity': 20, 'momentum': 50.54, 'stability': 97.96, 'currency': 49.83}",CALCULATED,2025-09-08T20:12:58.789012+00:00,TRE000269,Treasury,AAA,21152218294.97134,14.589024713728023,14.658226266565432,BBB,Q5 (Best)
68.43,LIN-BBB,12.77,12.5,33.25,9.91,"{'duration': 69.05, 'spread': 2.75, 'liquidity': 20, 'momentum': 50.7, 'stability': 97.96, 'currency': 49.64}",CALCULATED,2025-09-08T20:12:58.789081+00:00,TRE000270,Treasury,AAA,22164518408.70513,29.227837854670828,13.72503668390751,BBB,Q3
70.64,LIN-BBB,16.73,12.5,31.5,9.91,"{'duration': 95.47, 'spread': 2.72, 'liquidity': 20, 'momentum': 50.42, 'stability': 97.96, 'currency': 49.8}",CALCULATED,2025-09-08T20:12:58.789147+00:00,TRE000271,Treasury,AA+,37241355081.905075,15.630938238495773,13.619316922047737,BBB,Q3
67.9,LIN-BBB-,12.25,12.5,33.25,9.9,"{'duration': 64.43, 'spread': 3.9, 'liquidity': 20, 'momentum': 50.06, 'stability': 97.96, 'currency': 49.92}",CALCULATED,2025-09-08T20:12:58.789213+00:00,TRE000272,Treasury,AAA,47077378442.869774,6.7194505274865595,19.500556821602206,BBB,Q3
63.98,LIN-BB+,8.33,12.5,33.25,9.9,"{'duration': 37.75, 'spread': 4.43, 'liquidity': 20, 'momentum': 50.28, 'stability': 97.96, 'currency': 49.73}",CALCULATED,2025-09-08T20:12:58.789279+00:00,TRE000273,Treasury,AAA,15676465516.463516,11.893093893108002,22.133299462658556,BB,Q2
65.17,LIN-BBB-,9.5,12.5,33.25,9.92,"{'duration': 49.18, 'spread': 0.81, 'liquidity': 20, 'momentum': 50.63, 'stability': 97.96, 'currency': 49.77}",CALCULATED,2025-09-08T20:12:58.789369+00:00,TRE000274,Treasury,AAA,22349642280.058895,12.74580620956335,4.048049966903085,BBB,Q2
60.06,LIN-BB+,4.42,12.5,33.25,9.9,"{'duration': 15.22, 'spread': 0.88, 'liquidity': 20, 'momentum': 50.09, 'stability': 97.96, 'currency': 49.91}",CALCULATED,2025-09-08T20:12:58.789449+00:00,TRE000275,Treasury,AAA,23565918472.288605,4.8890702985812275,4.401279291387316,BB,Q1 (Worst)
64.52,LIN-BB+,10.6,12.5,31.5,9.92,"{'duration': 53.16, 'spread': 4.17, 'liquidity': 20, 'momentum': 50.75, 'stability': 97.96, 'currency': 49.7}",CALCULATED,2025-09-08T20:12:58.789518+00:00,TRE000276,Treasury,AA+,33477620647.425888,12.31231696363393,20.849379861445772,BB,Q2
72.93,LIN-BBB+,17.29,12.5,33.25,9.89,"{'duration': 100.0, 'spread': 1.95, 'liquidity': 20, 'momentum': 50.14, 'stability': 97.96, 'currency': 49.72}",CALCULATED,2025-09-08T20:12:58.789588+00:00,TRE000277,Treasury,AAA,19238872753.50631,1.2827541476180784,9.761134485471926,BBB,Q4
73.32,LIN-BBB+,17.66,12.5,33.25,9.91,"{'duration': 100.0, 'spread': 4.37, 'liquidity': 20, 'momentum': 50.58, 'stability': 97.96, 'currency': 49.76}",CALCULATED,2025-09-08T20:12:58.789656+00:00,TRE000278,Treasury,AAA,11942698474.00148,23.278845734322946,21.870224097996484,BBB,Q5 (Best)
66.97,LIN-BBB-,13.05,12.5,31.5,9.92,"{'duration': 72.12, 'spread': 1.56, 'liquidity': 20, 'momentum': 50.41, 'stability': 97.96, 'currency': 49.93}",CALCULATED,2025-09-08T20:12:58.789721+00:00,TRE000279,Treasury,AA+,17559764650.133232,28.225239629354284,7.780865962462223,BBB,Q2
68.0,LIN-BBB-,14.07,12.5,31.5,9.93,"{'duration': 76.44, 'spread': 4.03, 'liquidity': 20, 'momentum': 50.73, 'stability': 97.96, 'currency': 49.88}",CALCULATED,2025-09-08T20:12:58.789787+00:00,TRE000280,Treasury,AA+,17349394486.785797,7.840669319758962,20.153585240268907,BBB,Q3
71.25,LIN-BBB,17.32,12.5,31.5,9.93,"{'duration': 100.0, 'spread': 2.16, 'liquidity': 20, 'momentum': 50.58, 'stability': 97.96, 'currency': 49.98}",CALCULATED,2025-09-08T20:12:58.789854+00:00,TRE000281,Treasury,AA+,22653196368.76854,4.656924634865845,10.80250661775008,BBB,Q4
59.56,LIN-BB+,3.9,12.5,33.25,9.91,"{'duration': 10.12, 'spread': 2.55, 'liquidity': 20, 'momentum': 50.25, 'stability': 97.96, 'currency': 49.91}",CALCULATED,2025-09-08T20:12:58.789919+00:00,TRE000282,Treasury,AAA,14702985349.243063,5.85041020911516,12.773126544867827,BB,Q1 (Worst)
72.95,LIN-BBB+,17.28,12.5,33.25,9.91,"{'duration': 100.0, 'spread': 1.88, 'liquidity': 20, 'momentum': 50.43, 'stability': 97.96, 'currency': 49.88}",CALCULATED,2025-09-08T20:12:58.789983+00:00,TRE000283,Treasury,AAA,16768244841.148432,4.336858158863853,9.394812782165122,BBB,Q4
67.64,LIN-BBB-,13.72,12.5,31.5,9.91,"{'duration': 75.75, 'spread': 2.41, 'liquidity': 20, 'momentum': 50.65, 'stability': 97.96, 'currency': 49.66}",CALCULATED,2025-09-08T20:12:58.790048+00:00,TRE000284,Treasury,AA+,36380632580.87923,17.37169194896227,12.04718279006871,BBB,Q3
63.72,LIN-BB+,9.81,12.5,31.5,9.91,"{'duration': 49.68, 'spread': 2.38, 'liquidity': 20, 'momentum': 50.36, 'stability': 97.96, 'currency': 49.9}",CALCULATED,2025-09-08T20:12:58.790114+00:00,TRE000285,Treasury,AA+,48897545389.346634,28.431617956450996,11.877710331191299,BB,Q2
72.83,LIN-BBB+,17.16,12.5,33.25,9.91,"{'duration': 100.0, 'spread': 1.1, 'liquidity': 20, 'momentum': 50.41, 'stability': 97.96, 'currency': 49.85}",CALCULATED,2025-09-08T20:12:58.790179+00:00,TRE000286,Treasury,AAA,17773222542.626766,12.315422235345487,5.484158000549436,BBB,Q4
66.76,LIN-BBB-,12.85,12.5,31.5,9.91,"{'duration': 66.66, 'spread': 5.65, 'liquidity': 20, 'momentum': 50.53, 'stability': 97.96, 'currency': 49.75}",CALCULATED,2025-09-08T20:12:58.790247+00:00,TRE000287,Treasury,AA+,34786955584.544586,21.954725761853435,28.261771746700525,BBB,Q2
63.63,LIN-BB+,7.97,12.5,33.25,9.91,"{'duration': 39.36, 'spread': 0.41, 'liquidity': 20, 'momentum': 50.51, 'stability': 97.96, 'currency': 49.8}",CALCULATED,2025-09-08T20:12:58.790314+00:00,TRE000288,Treasury,AAA,38582157264.81617,11.299478314197414,2.0408953322548804,BB,Q1 (Worst)
72.55,LIN-BBB+,16.89,12.5,33.25,9.92,"{'duration': 96.7, 'spread': 2.54, 'liquidity': 20, 'momentum': 50.5, 'stability': 97.96, 'currency': 49.85}",CALCULATED,2025-09-08T20:12:58.790382+00:00,TRE000289,Treasury,AAA,16127394302.802166,27.654433281622104,12.686546705861787,BBB,Q4
62.36,LIN-BB+,6.69,12.5,33.25,9.92,"{'duration': 30.65, 'spread': 0.61, 'liquidity': 20, 'momentum': 50.62, 'stability': 97.96, 'currency': 49.73}",CALCULATED,2025-09-08T20:12:58.790446+00:00,TRE000290,Treasury,AAA,19344935784.968437,22.00712123905906,3.0540418142719217,BB,Q1 (Worst)
73.2,LIN-BBB+,17.54,12.5,33.25,9.91,"{'duration': 100.0, 'spread': 3.62, 'liquidity': 20, 'momentum': 50.54, 'stability': 97.96, 'currency': 49.63}",CALCULATED,2025-09-08T20:12:58.790515+00:00,TRE000291,Treasury,AAA,33987094768.715714,11.320951727838773,18.11399972247249,BBB,Q5 (Best)
63.22,LIN-BB+,7.56,12.5,33.25,9.91,"{'duration': 32.2, 'spread': 4.88, 'liquidity': 20, 'momentum': 50.53, 'stability': 97.96, 'currency': 49.73}",CALCULATED,2025-09-08T20:12:58.790580+00:00,TRE000292,Treasury,AAA,34149706256.700222,5.863354924055331,24.414507672335024,BB,Q1 (Worst)
70.62,LIN-BBB,14.96,12.5,33.25,9.91,"{'duration': 82.95, 'spread': 3.46, 'liquidity': 20, 'momentum': 50.44, 'stability': 97.96, 'currency': 49.79}",CALCULATED,2025-09-08T20:12:58.790646+00:00,TRE000293,Treasury,AAA,46794756672.199356,15.384182282054523,17.31133700911716,BBB,Q3
68.75,LIN-BBB,14.84,12.5,31.5,9.91,"{'duration': 80.4, 'spread': 5.2, 'liquidity': 20, 'momentum': 50.57, 'stability': 97.96, 'currency': 49.76}",CALCULATED,2025-09-08T20:12:58.790712+00:00,TRE000294,Treasury,AA+,47821744914.20534,14.85654727742363,26.009106835117837,BBB,Q3
67.76,LIN-BBB-,12.12,12.5,33.25,9.9,"{'duration': 67.07, 'spread': 0.36, 'liquidity': 20, 'momentum': 50.26, 'stability': 97.96, 'currency': 49.73}",CALCULATED,2025-09-08T20:12:58.790779+00:00,TRE000295,Treasury,AAA,44301588790.986404,15.071281506016042,1.7963852562289873,BBB,Q3
71.08,LIN-BBB,17.18,12.5,31.5,9.9,"{'duration': 100.0, 'spread': 1.18, 'liquidity': 20, 'momentum': 50.33, 'stability': 97.96, 'currency': 49.81}",CALCULATED,2025-09-08T20:12:58.790847+00:00,TRE000296,Treasury,AA+,33373672851.19076,3.353961564799215,5.888302136441973,BBB,Q4
73.37,LIN-BBB+,17.71,12.5,33.25,9.9,"{'duration': 100.0, 'spread': 4.77, 'liquidity': 20, 'momentum': 50.47, 'stability': 97.96, 'currency': 49.65}",CALCULATED,2025-09-08T20:12:58.790916+00:00,TRE000297,Treasury,AAA,22175161247.881004,26.093155150161696,23.829770704719127,BBB,Q5 (Best)
73.54,LIN-BBB+,17.87,12.5,33.25,9.92,"{'duration': 100.0, 'spread': 5.77, 'liquidity': 20, 'momentum': 50.72, 'stability': 97.96, 'currency': 49.81}",CALCULATED,2025-09-08T20:12:58.790979+00:00,TRE000298,Treasury,AAA,44258790848.81382,10.564226802929982,28.86499574891168,BBB,Q5 (Best)
73.38,LIN-BBB+,17.71,12.5,33.25,9.92,"{'duration': 100.0, 'spread': 4.74, 'liquidity': 20, 'momentum': 50.42, 'stability': 97.96, 'currency': 49.93}",CALCULATED,2025-09-08T20:12:58.791044+00:00,TRE000299,Treasury,AAA,26923851105.319725,19.26339520059557,23.70000127277632,BBB,Q5 (Best)
65.07,LIN-BBB-,11.18,12.5,31.5,9.89,"{'duration': 55.95, 'spread': 5.25, 'liquidity': 20, 'momentum': 50.08, 'stability': 97.96, 'currency': 49.82}",CALCULATED,2025-09-08T20:12:58.791118+00:00,TRE000300,Treasury,AA+,43580202447.59515,2.4976124539764446,26.26153626453013,BBB,Q2
73.24,LIN-BBB+,17.58,12.5,33.25,9.91,"{'duration': 100.0, 'spread': 3.88, 'liquidity': 20, 'momentum': 50.57, 'stability': 97.96, 'currency': 49.7}",CALCULATED,2025-09-08T20:12:58.791185+00:00,TRE000301,Treasury,AAA,35914906875.808525,5.767855613551526,19.376671396625444,BBB,Q5 (Best)
63.38,LIN-BB+,9.48,12.5,31.5,9.91,"{'duration': 48.91, 'spread': 0.93, 'liquidity': 20, 'momentum': 50.35, 'stability': 97.96, 'currency': 49.85}",CALCULATED,2025-09-08T20:12:58.791248+00:00,TRE000302,Treasury,AA+,46439560856.840485,21.4866115336908,4.644244483031487,BB,Q1 (Worst)
67.43,LIN-BBB-,11.76,12.5,33.25,9.91,"{'duration': 64.63, 'spread': 0.47, 'liquidity': 20, 'momentum': 50.38, 'stability': 97.96, 'currency': 49.96}",CALCULATED,2025-09-08T20:12:58.791312+00:00,TRE000303,Treasury,AAA,36598655636.29112,6.579906618298953,2.341037608601372,BBB,Q3
62.5,LIN-BB+,6.83,12.5,33.25,9.92,"{'duration': 26.27, 'spread': 5.96, 'liquidity': 20, 'momentum': 50.65, 'stability': 97.96, 'currency': 49.71}",CALCULATED,2025-09-08T20:12:58.791408+00:00,TRE000304,Treasury,AAA,38609621629.268936,7.844516030477615,29.779671243595903,BB,Q1 (Worst)
73.14,LIN-BBB+,17.48,12.5,33.25,9.91,"{'duration': 100.0, 'spread': 3.2, 'liquidity': 20, 'momentum': 50.39, 'stability': 97.96, 'currency': 49.77}",CALCULATED,2025-09-08T20:12:58.791474+00:00,TRE000305,Treasury,AAA,34433640130.64776,15.66694313667543,15.987789594886602,BBB,Q5 (Best)
60.13,LIN-BB+,4.49,12.5,33.25,9.89,"{'duration': 14.89, 'spread': 1.68, 'liquidity': 20, 'momentum': 50.19, 'stability': 97.96, 'currency': 49.67}",CALCULATED,2025-09-08T20:12:58.791538+00:00,TRE000306,Treasury,AAA,45249287464.15275,6.546814367089303,8.393269824008085,BB,Q1 (Worst)
72.78,LIN-BBB+,17.11,12.5,33.25,9.92,"{'duration': 100.0, 'spread': 0.73, 'liquidity': 20, 'momentum': 50.51, 'stability': 97.96, 'currency': 49.87}",CALCULATED,2025-09-08T20:12:58.791605+00:00,TRE000307,Treasury,AAA,45564849947.48782,6.557733325958796,3.6387858262387662,BBB,Q4
69.61,LIN-BBB,13.96,12.5,33.25,9.9,"{'duration': 79.69, 'spread': 0.04, 'liquidity': 20, 'momentum': 50.34, 'stability': 97.96, 'currency': 49.79}",CALCULATED,2025-09-08T20:12:58.791670+00:00,TRE000308,Treasury,AAA,43194271698.06487,16.04790336919382,0.21362138228221195,BBB,Q3
63.19,LIN-BB+,7.53,12.5,33.25,9.9,"{'duration': 35.42, 'spread': 1.48, 'liquidity': 20, 'momentum': 50.37, 'stability': 97.96, 'currency': 49.75}",CALCULATED,2025-09-08T20:12:58.791737+00:00,TRE000309,Treasury,AAA,49221780897.63146,3.1704016311000096,7.400534900561292,BB,Q1 (Worst)
65.58,LIN-BBB-,9.93,12.5,33.25,9.9,"{'duration': 47.55, 'spread': 5.31, 'liquidity': 20, 'momentum': 50.5, 'stability': 97.96, 'currency': 49.61}",CALCULATED,2025-09-08T20:12:58.791800+00:00,TRE000310,Treasury,AAA,16929127145.280485,12.797738584400443,26.544525613709286,BBB,Q2
72.68,LIN-BBB+,17.02,12.5,33.25,9.91,"{'duration': 100.0, 'spread': 0.11, 'liquidity': 20, 'momentum': 50.39, 'stability': 97.96, 'currency': 49.92}",CALCULATED,2025-09-08T20:12:58.791862+00:00,TRE000311,Treasury,AAA,23317725956.64064,13.903054299238761,0.5253345550600275,BBB,Q4
64.91,LIN-BB+,9.24,12.5,33.25,9.92,"{'duration': 43.93, 'spread': 4.32, 'liquidity': 20, 'momentum': 50.58, 'stability': 97.96, 'currency': 49.87}",CALCULATED,2025-09-08T20:12:58.791924+00:00,TRE000312,Treasury,AAA,28356960644.41716,1.8819436984470719,21.59703233317186,BB,Q2
73.48,LIN-BBB+,17.81,12.5,33.25,9.91,"{'duration': 100.0, 'spread': 5.43, 'liquidity': 20, 'momentum': 50.49, 'stability': 97.96, 'currency': 49.79}",CALCULATED,2025-09-08T20:12:58.791986+00:00,TRE000313,Treasury,AAA,44428908111.46014,7.265334026594488,27.128377892070322,BBB,Q5 (Best)
69.03,LIN-BBB,13.37,12.5,33.25,9.91,"{'duration': 71.38, 'spread': 4.44, 'liquidity': 20, 'momentum': 50.48, 'stability': 97.96, 'currency': 49.67}",CALCULATED,2025-09-08T20:12:58.792054+00:00,TRE000314,Treasury,AAA,40963896456.81759,7.831762696758943,22.217301818797058,BBB,Q3
71.3,LIN-BBB,17.38,12.5,31.5,9.92,"{'duration': 100.0, 'spread': 2.57, 'liquidity': 20, 'momentum': 50.62, 'stability': 97.96, 'currency': 49.79}",CALCULATED,2025-09-08T20:12:58.792118+00:00,TRE000315,Treasury,AA+,42416542497.45094,21.319544213092392,12.828640169659492,BBB,Q4
72.54,LIN-BBB+,16.85,12.5,33.25,9.94,"{'duration': 95.33, 'spread': 3.66, 'liquidity': 20, 'momentum': 50.92, 'stability': 97.96, 'currency': 49.88}",CALCULATED,2025-09-08T20:12:58.792180+00:00,TRE000316,Treasury,AAA,23623137054.55832,28.027110641928964,18.283340355690232,BBB,Q4
73.09,LIN-BBB+,17.42,12.5,33.25,9.92,"{'duration': 100.0, 'spread': 2.79, 'liquidity': 20, 'momentum': 50.61, 'stability': 97.96, 'currency': 49.8}",CALCULATED,2025-09-08T20:12:58.792273+00:00,TRE000317,Treasury,AAA,24770120564.04152,18.26373431023359,13.967758665081988,BBB,Q5 (Best)
71.4,LIN-BBB,17.49,12.5,31.5,9.91,"{'duration': 100.0, 'spread': 3.28, 'liquidity': 20, 'momentum': 50.45, 'stability': 97.96, 'currency': 49.81}",CALCULATED,2025-09-08T20:12:58.792341+00:00,TRE000318,Treasury,AA+,15017730756.793322,25.021119629364843,16.386649176539894,BBB,Q4
72.68,LIN-BBB+,17.01,12.5,33.25,9.92,"{'duration': 100.0, 'spread': 0.06, 'liquidity': 20, 'momentum': 50.72, 'stability': 97.96, 'currency': 49.79}",CALCULATED,2025-09-08T20:12:58.792405+00:00,TRE000319,Treasury,AAA,13296662908.472006,9.245734964390127,0.32011716032030013,BBB,Q4
66.99,LIN-BBB-,11.33,12.5,33.25,9.92,"{'duration': 60.55, 'spread': 1.63, 'liquidity': 20, 'momentum': 50.63, 'stability': 97.96, 'currency': 49.74}",CALCULATED,2025-09-08T20:12:58.792469+00:00,TRE000320,Treasury,AAA,33720131192.466667,21.89970173322553,8.145647733236872,BBB,Q2
70.03,LIN-BBB,14.36,12.5,33.25,9.91,"{'duration': 79.73, 'spread': 2.7, 'liquidity': 20, 'momentum': 50.61, 'stability': 97.96, 'currency': 49.64}",CALCULATED,2025-09-08T20:12:58.792531+00:00,TRE000321,Treasury,AAA,45782325635.70612,24.103887109173264,13.501793651020572,BBB,Q3
73.11,LIN-BBB+,17.47,12.5,33.25,9.89,"{'duration': 100.0, 'spread': 3.15, 'liquidity': 20, 'momentum': 50.16, 'stability': 97.96, 'currency': 49.65}",CALCULATED,2025-09-08T20:12:58.792594+00:00,TRE000322,Treasury,AAA,43350751819.75064,29.183165142640316,15.740154166685953,BBB,Q5 (Best)
71.4,LIN-BBB,17.51,12.5,31.5,9.89,"{'duration': 100.0, 'spread': 3.4, 'liquidity': 20, 'momentum': 50.12, 'stability': 97.96, 'currency': 49.8}",CALCULATED,2025-09-08T20:12:58.792655+00:00,TRE000323,Treasury,AA+,30520174083.504765,3.62836505812935,17.014508997176108,BBB,Q4
61.59,LIN-BB+,7.69,12.5,31.5,9.9,"{'duration': 32.19, 'spread': 5.73, 'liquidity': 20, 'momentum': 50.46, 'stability': 97.96, 'currency': 49.66}",CALCULATED,2025-09-08T20:12:58.792717+00:00,TRE000324,Treasury,AA+,45867846115.60469,20.392085465174613,28.62903101747981,BB,Q1 (Worst)
69.48,LIN-BBB,13.81,12.5,33.25,9.92,"{'duration': 75.71, 'spread': 2.99, 'liquidity': 20, 'momentum': 50.63, 'stability': 97.96, 'currency': 49.87}",CALCULATED,2025-09-08T20:12:58.792780+00:00,TRE000325,Treasury,AAA,45739738400.32232,13.982403164529313,14.953970760407987,BBB,Q3
58.35,LIN-BB+,4.44,12.5,31.5,9.91,"{'duration': 14.27, 'spread': 1.97, 'liquidity': 20, 'momentum': 50.38, 'stability': 97.96, 'currency': 49.88}",CALCULATED,2025-09-08T20:12:58.792846+00:00,TRE000326,Treasury,AA+,47428047987.695564,18.982187968556097,9.849927188224392,BB,Q1 (Worst)
66.18,LIN-BBB-,10.52,12.5,33.25,9.91,"{'duration': 53.49, 'spread': 3.31, 'liquidity': 20, 'momentum': 50.4, 'stability': 97.96, 'currency': 49.87}",CALCULATED,2025-09-08T20:12:58.792912+00:00,TRE000327,Treasury,AAA,18107120037.917892,3.7128700250163438,16.556303824390206,BBB,Q2
70.95,LIN-BBB,17.04,12.5,31.5,9.91,"{'duration': 98.89, 'spread': 1.35, 'liquidity': 20, 'momentum': 50.35, 'stability': 97.96, 'currency': 49.95}",CALCULATED,2025-09-08T20:12:58.792977+00:00,TRE000328,Treasury,AA+,21836915872.8812,21.682681772100015,6.756549440021406,BBB,Q4
70.93,LIN-BBB,15.27,12.5,33.25,9.91,"{'duration': 87.4, 'spread': 1.05, 'liquidity': 20, 'momentum': 50.43, 'stability': 97.96, 'currency': 49.76}",CALCULATED,2025-09-08T20:12:58.793042+00:00,TRE000329,Treasury,AAA,28117373733.209415,28.093471239882355,5.230304362465647,BBB,Q4
73.15,LIN-BBB+,17.49,12.5,33.25,9.91,"{'duration': 100.0, 'spread': 3.26, 'liquidity': 20, 'momentum': 50.5, 'stability': 97.96, 'currency': 49.68}",CALCULATED,2025-09-08T20:12:58.793105+00:00,TRE000330,Treasury,AAA,11523348416.138845,15.12422968218921,16.316932585705825,BBB,Q5 (Best)
73.5,LIN-BBB+,17.84,12.5,33.25,9.91,"{'duration': 100.0, 'spread': 5.6, 'liquidity': 20, 'momentum': 50.44, 'stability': 97.96, 'currency': 49.89}",CALCULATED,2025-09-08T20:12:58.793166+00:00,TRE000331,Treasury,AAA,13745244755.750643,14.168544580219876,28.011679886971994,BBB,Q5 (Best)
61.38,LIN-BB+,5.69,12.5,33.25,9.94,"{'duration': 20.88, 'spread': 3.72, 'liquidity': 20, 'momentum': 51.02, 'stability': 97.96, 'currency': 49.73}",CALCULATED,2025-09-08T20:12:58.793229+00:00,TRE000332,Treasury,AAA,15105175070.883495,27.82875974781326,18.622914098790172,BB,Q1 (Worst)
72.6,LIN-BBB+,16.95,12.5,33.25,9.9,"{'duration': 94.44, 'spread': 5.23, 'liquidity': 20, 'momentum': 50.33, 'stability': 97.96, 'currency': 49.79}",CALCULATED,2025-09-08T20:12:58.793290+00:00,TRE000333,Treasury,AAA,24062150950.137222,26.054737789007092,26.14239132624715,BBB,Q4
64.58,LIN-BB+,8.93,12.5,33.25,9.9,"{'duration': 40.27, 'spread': 5.9, 'liquidity': 20, 'momentum': 50.45, 'stability': 97.96, 'currency': 49.6}",CALCULATED,2025-09-08T20:12:58.793378+00:00,TRE000334,Treasury,AAA,24631209346.953873,19.38623197563168,29.509297113437558,BB,Q2
71.53,LIN-BBB,15.85,12.5,33.25,9.93,"{'duration': 88.4, 'spread': 3.93, 'liquidity': 20, 'momentum': 50.71, 'stability': 97.96, 'currency': 49.86}",CALCULATED,2025-09-08T20:12:58.793452+00:00,TRE000335,Treasury,AAA,27433145809.748486,1.6840044920009827,19.632230986255404,BBB,Q4
73.02,LIN-BBB+,17.35,12.5,33.25,9.92,"{'duration': 100.0, 'spread': 2.3, 'liquidity': 20, 'momentum': 50.61, 'stability': 97.96, 'currency': 49.85}",CALCULATED,2025-09-08T20:12:58.793516+00:00,TRE000336,Treasury,AAA,21337698486.203583,12.044786840144031,11.517302792924701,BBB,Q4
69.46,LIN-BBB,13.79,12.5,33.25,9.92,"{'duration': 73.4, 'spread': 5.17, 'liquidity': 20, 'momentum': 50.54, 'stability': 97.96, 'currency': 49.91}",CALCULATED,2025-09-08T20:12:58.793584+00:00,TRE000337,Treasury,AAA,33432805181.213894,24.002677820578416,25.85276604622053,BBB,Q3
68.76,LIN-BBB,13.09,12.5,33.25,9.93,"{'duration': 72.23, 'spread': 1.68, 'liquidity': 20, 'momentum': 50.67, 'stability': 97.96, 'currency': 49.9}",CALCULATED,2025-09-08T20:12:58.793649+00:00,TRE000338,Treasury,AAA,32328401644.12399,13.009431189721422,8.398684785240281,BBB,Q3
73.07,LIN-BBB+,17.42,12.5,33.25,9.9,"{'duration': 100.0, 'spread': 2.83, 'liquidity': 20, 'momentum': 50.44, 'stability': 97.96, 'currency': 49.59}",CALCULATED,2025-09-08T20:12:58.793715+00:00,TRE000339,Treasury,AAA,16561941651.853096,28.614460112546265,14.129251138287206,BBB,Q5 (Best)
61.1,LIN-BB+,5.45,12.5,33.25,9.9,"{'duration': 19.72, 'spread': 3.3, 'liquidity': 20, 'momentum': 50.03, 'stability': 97.96, 'currency': 49.95}",CALCULATED,2025-09-08T20:12:58.793781+00:00,TRE000340,Treasury,AAA,10035703821.620014,4.971680270816817,16.47582122361196,BB,Q1 (Worst)
72.94,LIN-BBB+,17.26,12.5,33.25,9.93,"{'duration': 100.0, 'spread': 1.73, 'liquidity': 20, 'momentum': 50.83, 'stability': 97.96, 'currency': 49.84}",CALCULATED,2025-09-08T20:12:58.793847+00:00,TRE000341,Treasury,AAA,48637440676.96317,22.91723226790358,8.625906764184931,BBB,Q4
66.15,LIN-BBB-,10.51,12.5,33.25,9.9,"{'duration': 55.66, 'spread': 1.05, 'liquidity': 20, 'momentum': 50.33, 'stability': 97.96, 'currency': 49.7}",CALCULATED,2025-09-08T20:12:58.793910+00:00,TRE000342,Treasury,AAA,19230435328.549732,26.094741754576514,5.22507977028659,BBB,Q2
64.61,LIN-BB+,8.96,12.5,33.25,9.9,"{'duration': 45.85, 'spread': 0.55, 'liquidity': 20, 'momentum': 50.27, 'stability': 97.96, 'currency': 49.8}",CALCULATED,2025-09-08T20:12:58.793973+00:00,TRE000343,Treasury,AAA,25246193271.213966,11.559564958394382,2.7619570867610364,BB,Q2
73.31,LIN-BBB+,17.63,12.5,33.25,9.94,"{'duration': 98.39, 'spread': 5.79, 'liquidity': 20, 'momentum': 50.79, 'stability': 97.96, 'currency': 49.98}",CALCULATED,2025-09-08T20:12:58.794035+00:00,TRE000344,Treasury,AAA,13853129931.03506,16.215177616015396,28.956780510542586,BBB,Q5 (Best)
64.55,LIN-BB+,8.87,12.5,33.25,9.93,"{'duration': 40.63, 'spread': 5.2, 'liquidity': 20, 'momentum': 50.86, 'stability': 97.96, 'currency': 49.72}",CALCULATED,2025-09-08T20:12:58.794097+00:00,TRE000345,Treasury,AAA,11882999007.344784,2.8080218000926633,25.975382469676067,BB,Q2
71.5,LIN-BBB,17.58,12.5,31.5,9.92,"{'duration': 100.0, 'spread': 3.86, 'liquidity': 20, 'momentum': 50.55, 'stability': 97.96, 'currency': 49.82}",CALCULATED,2025-09-08T20:12:58.794160+00:00,TRE000346,Treasury,AA+,22407466597.257416,22.223676798348755,19.28845603847555,BBB,Q4
65.24,LIN-BBB-,11.33,12.5,31.5,9.92,"{'duration': 58.39, 'spread': 3.78, 'liquidity': 20, 'momentum': 50.62, 'stability': 97.96, 'currency': 49.76}",CALCULATED,2025-09-08T20:12:58.794226+00:00,TRE000347,Treasury,AA+,28359758591.20576,4.453792893316145,18.893911604434496,BBB,Q2
73.08,LIN-BBB+,17.41,12.5,33.25,9.92,"{'duration': 99.16, 'spread': 3.6, 'liquidity': 20, 'momentum': 50.42, 'stability': 97.96, 'currency': 49.99}",CALCULATED,2025-09-08T20:12:58.794294+00:00,TRE000348,Treasury,AAA,32306808201.928078,21.50850981482282,18.005364903519155,BBB,Q5 (Best)
64.43,LIN-BB+,8.76,12.5,33.25,9.92,"{'duration': 39.49, 'spread': 5.59, 'liquidity': 20, 'momentum': 50.45, 'stability': 97.96, 'currency': 49.91}",CALCULATED,2025-09-08T20:12:58.794356+00:00,TRE000349,Treasury,AAA,41404850387.574524,4.972358369562967,27.927707148566018,BB,Q2
59.44,LIN-BB+,5.51,12.5,31.5,9.93,"{'duration': 22.7, 'spread': 0.73, 'liquidity': 20, 'momentum': 50.86, 'stability': 97.96, 'currency': 49.78}",CALCULATED,2025-09-08T20:12:58.794420+00:00,TRE000350,Treasury,AA+,25670999643.341843,2.8036562245720953,3.6554813840177216,BB,Q1 (Worst)
68.71,LIN-BBB,13.05,12.5,33.25,9.91,"{'duration': 67.69, 'spread': 5.97, 'liquidity': 20, 'momentum': 50.47, 'stability': 97.96, 'currency': 49.86}",CALCULATED,2025-09-08T20:12:58.794484+00:00,TRE000351,Treasury,AAA,28644158966.165283,9.966741977380574,29.837554664006163,BBB,Q3
67.49,LIN-BBB-,11.84,12.5,33.25,9.9,"{'duration': 62.74, 'spread': 2.87, 'liquidity': 20, 'momentum': 50.38, 'stability': 97.96, 'currency': 49.6}",CALCULATED,2025-09-08T20:12:58.794551+00:00,TRE000352,Treasury,AAA,17490367415.434227,16.56057263717245,14.350470743319917,BBB,Q3
66.87,LIN-BBB-,12.96,12.5,31.5,9.9,"{'duration': 67.41, 'spread': 5.67, 'liquidity': 20, 'momentum': 50.3, 'stability': 97.96, 'currency': 49.82}",CALCULATED,2025-09-08T20:12:58.794618+00:00,TRE000353,Treasury,AA+,49427168505.961266,2.5162680802726065,28.370990224174594,BBB,Q2
68.99,LIN-BBB,13.33,12.5,33.25,9.91,"{'duration': 71.85, 'spread': 3.65, 'liquidity': 20, 'momentum': 50.54, 'stability': 97.96, 'currency': 49.79}",CALCULATED,2025-09-08T20:12:58.794683+00:00,TRE000354,Treasury,AAA,13566387904.622257,17.108855993266083,18.235687925523926,BBB,Q3
71.3,LIN-BBB,17.37,12.5,31.5,9.93,"{'duration': 100.0, 'spread': 2.47, 'liquidity': 20, 'momentum': 50.63, 'stability': 97.96, 'currency': 49.98}",CALCULATED,2025-09-08T20:12:58.794746+00:00,TRE000355,Treasury,AA+,42162216222.18329,10.72606417464275,12.342112395796432,BBB,Q4
68.7,LIN-BBB,13.05,12.5,33.25,9.9,"{'duration': 68.82, 'spread': 4.82, 'liquidity': 20, 'momentum': 50.33, 'stability': 97.96, 'currency': 49.81}",CALCULATED,2025-09-08T20:12:58.794845+00:00,TRE000356,Treasury,AAA,14532074355.495089,7.000420791722412,24.096724262111643,BBB,Q3
67.01,LIN-BBB-,11.36,12.5,33.25,9.9,"{'duration': 57.22, 'spread': 5.19, 'liquidity': 20, 'momentum': 50.31, 'stability': 97.96, 'currency': 49.76}",CALCULATED,2025-09-08T20:12:58.794926+00:00,TRE000357,Treasury,AAA,25235273819.08065,13.527479361350117,25.97249223529474,BBB,Q2
63.87,LIN-BB+,9.95,12.5,31.5,9.92,"{'duration': 47.45, 'spread': 5.52, 'liquidity': 20, 'momentum': 50.61, 'stability': 97.96, 'currency': 49.84}",CALCULATED,2025-09-08T20:12:58.794993+00:00,TRE000358,Treasury,AA+,46299274923.868095,20.92371647663656,27.613753203986835,BB,Q2
66.3,LIN-BBB-,10.63,12.5,33.25,9.92,"{'duration': 53.28, 'spread': 4.26, 'liquidity': 20, 'momentum': 50.61, 'stability': 97.96, 'currency': 49.84}",CALCULATED,2025-09-08T20:12:58.795057+00:00,TRE000359,Treasury,AAA,24238819227.830925,15.7837445155402,21.306611002224347,BBB,Q2
66.49,LIN-BBB-,10.83,12.5,33.25,9.91,"{'duration': 57.33, 'spread': 1.51, 'liquidity': 20, 'momentum': 50.47, 'stability': 97.96, 'currency': 49.79}",CALCULATED,2025-09-08T20:12:58.795123+00:00,TRE000360,Treasury,AAA,39639949947.04855,8.45341758519398,7.5285284893274245,BBB,Q2
73.42,LIN-BBB+,17.72,12.5,33.25,9.94,"{'duration': 100.0, 'spread': 4.82, 'liquidity': 20, 'momentum': 50.92, 'stability': 97.96, 'currency': 49.98}",CALCULATED,2025-09-08T20:12:58.795191+00:00,TRE000361,Treasury,AAA,48114229234.724335,27.853922955648883,24.09997572598143,BBB,Q5 (Best)
63.12,LIN-BB+,9.22,12.5,31.5,9.9,"{'duration': 47.02, 'spread': 1.1, 'liquidity': 20, 'momentum': 50.35, 'stability': 97.96, 'currency': 49.7}",CALCULATED,2025-09-08T20:12:58.795254+00:00,TRE000362,Treasury,AA+,38344813686.978714,10.31649778447941,5.495325936097433,BB,Q1 (Worst)
70.89,LIN-BBB,15.23,12.5,33.25,9.92,"{'duration': 82.91, 'spread': 5.27, 'liquidity': 20, 'momentum': 50.51, 'stability': 97.96, 'currency': 49.88}",CALCULATED,2025-09-08T20:12:58.795316+00:00,TRE000363,Treasury,AAA,46200408296.22538,17.98729120060237,26.370822162408288,BBB,Q4
72.9,LIN-BBB+,17.24,12.5,33.25,9.92,"{'duration': 100.0, 'spread': 1.57, 'liquidity': 20, 'momentum': 50.69, 'stability': 97.96, 'currency': 49.72}",CALCULATED,2025-09-08T20:12:58.795413+00:00,TRE000364,Treasury,AAA,27858384714.284233,29.27941565888745,7.85674328109108,BBB,Q4
57.83,LIN-BB+,3.93,12.5,31.5,9.9,"{'duration': 12.42, 'spread': 0.47, 'liquidity': 20, 'momentum': 50.3, 'stability': 97.96, 'currency': 49.64}",CALCULATED,2025-09-08T20:12:58.795486+00:00,TRE000365,Treasury,AA+,44953909440.64619,3.877310672059763,2.332368541526723,BB,Q1 (Worst)
73.18,LIN-BBB+,17.52,12.5,33.25,9.91,"{'duration': 100.0, 'spread': 3.48, 'liquidity': 20, 'momentum': 50.34, 'stability': 97.96, 'currency': 49.88}",CALCULATED,2025-09-08T20:12:58.795552+00:00,TRE000366,Treasury,AAA,18722383635.998436,27.96278034855637,17.384881806619706,BBB,Q5 (Best)
73.3,LIN-BBB+,17.62,12.5,33.25,9.93,"{'duration': 100.0, 'spread': 4.15, 'liquidity': 20, 'momentum': 50.71, 'stability': 97.96, 'currency': 49.88}",CALCULATED,2025-09-08T20:12:58.795625+00:00,TRE000367,Treasury,AAA,34620966124.48706,8.943376632527437,20.74036793958232,BBB,Q5 (Best)
66.06,LIN-BBB-,12.12,12.5,31.5,9.93,"{'duration': 66.81, 'spread': 0.69, 'liquidity': 20, 'momentum': 50.81, 'stability': 97.96, 'currency': 49.84}",CALCULATED,2025-09-08T20:12:58.795690+00:00,TRE000368,Treasury,AA+,10430673312.975239,6.783059548572082,3.46399149730952,BBB,Q2
60.82,LIN-BB+,6.93,12.5,31.5,9.89,"{'duration': 28.08, 'spread': 4.81, 'liquidity': 20, 'momentum': 50.2, 'stability': 97.96, 'currency': 49.67}",CALCULATED,2025-09-08T20:12:58.795754+00:00,TRE000369,Treasury,AA+,31224308564.368507,18.872449671446272,24.037350476321837,BB,Q1 (Worst)
70.79,LIN-BBB,15.12,12.5,33.25,9.92,"{'duration': 85.83, 'spread': 1.64, 'liquidity': 20, 'momentum': 50.46, 'stability': 97.96, 'currency': 49.94}",CALCULATED,2025-09-08T20:12:58.795822+00:00,TRE000370,Treasury,AAA,33255127039.44917,17.141181967430313,8.18173604279195,BBB,Q3
72.7,LIN-BBB+,17.05,12.5,33.25,9.9,"{'duration': 100.0, 'spread': 0.32, 'liquidity': 20, 'momentum': 50.24, 'stability': 97.96, 'currency': 49.82}",CALCULATED,2025-09-08T20:12:58.795891+00:00,TRE000371,Treasury,AAA,47765074952.02445,16.59168566153399,1.584520263824537,BBB,Q4
65.2,LIN-BBB-,11.29,12.5,31.5,9.92,"{'duration': 59.4, 'spread': 2.5, 'liquidity': 20, 'momentum': 50.58, 'stability': 97.96, 'currency': 49.83}",CALCULATED,2025-09-08T20:12:58.795957+00:00,TRE000372,Treasury,AA+,29597695485.77016,24.284778398474128,12.519863005787625,BBB,Q2
72.86,LIN-BBB+,17.21,12.5,33.25,9.9,"{'duration': 100.0, 'spread': 1.37, 'liquidity': 20, 'momentum': 50.45, 'stability': 97.96, 'currency': 49.63}",CALCULATED,2025-09-08T20:12:58.796023+00:00,TRE000373,Treasury,AAA,39905347175.85301,18.812101355412423,6.866481186449672,BBB,Q4
66.33,LIN-BBB-,10.66,12.5,33.25,9.92,"{'duration': 56.76, 'spread': 0.97, 'liquidity': 20, 'momentum': 50.69, 'stability': 97.96, 'currency': 49.69}",CALCULATED,2025-09-08T20:12:58.796087+00:00,TRE000374,Treasury,AAA,28984514406.453655,27.35903312885491,4.833232460571343,BBB,Q2
73.19,LIN-BBB+,17.52,12.5,33.25,9.92,"{'duration': 100.0, 'spread': 3.48, 'liquidity': 20, 'momentum': 50.8, 'stability': 97.96, 'currency': 49.66}",CALCULATED,2025-09-08T20:12:58.796151+00:00,TRE000375,Treasury,AAA,24376198157.935257,10.365850212636502,17.378508151963526,BBB,Q5 (Best)
72.95,LIN-BBB+,17.31,12.5,33.25,9.89,"{'duration': 100.0, 'spread': 2.06, 'liquidity': 20, 'momentum': 50.25, 'stability': 97.96, 'currency': 49.63}",CALCULATED,2025-09-08T20:12:58.796231+00:00,TRE000376,Treasury,AAA,23995017455.14948,8.452187798666365,10.284660688546515,BBB,Q4
61.98,LIN-BB+,8.06,12.5,31.5,9.92,"{'duration': 36.13, 'spread': 4.29, 'liquidity': 20, 'momentum': 50.53, 'stability': 97.96, 'currency': 49.82}",CALCULATED,2025-09-08T20:12:58.796307+00:00,TRE000377,Treasury,AA+,38345990056.40823,3.7971098449764593,21.470988138318845,BB,Q1 (Worst)
65.49,LIN-BBB-,9.84,12.5,33.25,9.91,"{'duration': 50.32, 'spread': 1.92, 'liquidity': 20, 'momentum': 50.51, 'stability': 97.96, 'currency': 49.7}",CALCULATED,2025-09-08T20:12:58.796373+00:00,TRE000378,Treasury,AAA,16391907730.751347,19.475355239102537,9.593738158153634,BBB,Q2
65.99,LIN-BBB-,10.32,12.5,33.25,9.91,"{'duration': 50.27, 'spread': 5.22, 'liquidity': 20, 'momentum': 50.58, 'stability': 97.96, 'currency': 49.72}",CALCULATED,2025-09-08T20:12:58.796438+00:00,TRE000379,Treasury,AAA,28819847596.419678,7.100019487330947,26.103228722701832,BBB,Q2
73.03,LIN-BBB+,17.34,12.5,33.25,9.94,"{'duration': 98.63, 'spread': 3.63, 'liquidity': 20, 'momentum': 50.92, 'stability': 97.96, 'currency': 49.83}",CALCULATED,2025-09-08T20:12:58.796501+00:00,TRE000380,Treasury,AAA,18314687159.207146,28.788323251195056,18.16013169637502,BBB,Q4
58.0,LIN-BB+,4.09,12.5,31.5,9.91,"{'duration': 11.82, 'spread': 2.09, 'liquidity': 20, 'momentum': 50.65, 'stability': 97.96, 'currency': 49.6}",CALCULATED,2025-09-08T20:12:58.796564+00:00,TRE000381,Treasury,AA+,49421949924.684135,6.808613509311568,10.474200632487813,BB,Q1 (Worst)
61.44,LIN-BB+,5.76,12.5,33.25,9.93,"{'duration': 20.82, 'spread': 4.25, 'liquidity': 20, 'momentum': 50.81, 'stability': 97.96, 'currency': 49.85}",CALCULATED,2025-09-08T20:12:58.796626+00:00,TRE000382,Treasury,AAA,11929729760.552753,3.453868900025803,21.244609074707334,BB,Q1 (Worst)
72.82,LIN-BBB+,17.17,12.5,33.25,9.9,"{'duration': 100.0, 'spread': 1.12, 'liquidity': 20, 'momentum': 50.19, 'stability': 97.96, 'currency': 49.88}",CALCULATED,2025-09-08T20:12:58.796689+00:00,TRE000383,Treasury,AAA,36940437688.91106,18.257679590041896,5.5755261225188235,BBB,Q4
68.97,LIN-BBB,13.31,12.5,33.25,9.91,"{'duration': 75.42, 'spread': 0.01, 'liquidity': 20, 'momentum': 50.48, 'stability': 97.96, 'currency': 49.67}",CALCULATED,2025-09-08T20:12:58.796751+00:00,TRE000384,Treasury,AAA,18772364587.57599,1.5609160109223594,0.07374909664743079,BBB,Q3
65.03,LIN-BBB-,11.1,12.5,31.5,9.92,"{'duration': 59.29, 'spread': 1.4, 'liquidity': 20, 'momentum': 50.51, 'stability': 97.96, 'currency': 49.98}",CALCULATED,2025-09-08T20:12:58.796813+00:00,TRE000385,Treasury,AA+,19827440100.169113,28.431618433817373,7.015578898453491,BBB,Q2
71.56,LIN-BBB,17.63,12.5,31.5,9.93,"{'duration': 100.0, 'spread': 4.17, 'liquidity': 20, 'momentum': 50.82, 'stability': 97.96, 'currency': 49.92}",CALCULATED,2025-09-08T20:12:58.796875+00:00,TRE000386,Treasury,AA+,10762189526.257427,12.606853137846354,20.848544267557283,BBB,Q4
73.3,LIN-BBB+,17.65,12.5,33.25,9.9,"{'duration': 100.0, 'spread': 4.34, 'liquidity': 20, 'momentum': 50.26, 'stability': 97.96, 'currency': 49.81}",CALCULATED,2025-09-08T20:12:58.796941+00:00,TRE000387,Treasury,AAA,47238774799.42709,18.99058134951451,21.71770273568528,BBB,Q5 (Best)
71.23,LIN-BBB,17.32,12.5,31.5,9.91,"{'duration': 96.51, 'spread': 5.63, 'liquidity': 20, 'momentum': 50.66, 'stability': 97.96, 'currency': 49.66}",CALCULATED,2025-09-08T20:12:58.797003+00:00,TRE000388,Treasury,AA+,41283471697.18601,29.58981068965856,28.125145108548015,BBB,Q4
67.39,LIN-BBB-,11.75,12.5,33.25,9.89,"{'duration': 64.68, 'spread': 0.34, 'liquidity': 20, 'momentum': 50.14, 'stability': 97.96, 'currency': 49.67}",CALCULATED,2025-09-08T20:12:58.797066+00:00,TRE000389,Treasury,AAA,20550108915.044273,9.47201991008397,1.7247228494306055,BBB,Q3
73.56,LIN-BBB+,17.9,12.5,33.25,9.91,"{'duration': 100.0, 'spread': 5.98, 'liquidity': 20, 'momentum': 50.71, 'stability': 97.96, 'currency': 49.61}",CALCULATED,2025-09-08T20:12:58.797132+00:00,TRE000390,Treasury,AAA,25325074527.1608,26.97070835038272,29.89982439025779,BBB,Q5 (Best)
73.32,LIN-BBB+,17.65,12.5,33.25,9.92,"{'duration': 100.0, 'spread': 4.33, 'liquidity': 20, 'momentum': 50.74, 'stability': 97.96, 'currency': 49.8}",CALCULATED,2025-09-08T20:12:58.797193+00:00,TRE000391,Treasury,AAA,13677106647.935804,4.203247425140939,21.664170870185167,BBB,Q5 (Best)
69.18,LIN-BBB,13.5,12.5,33.25,9.93,"{'duration': 75.63, 'spread': 1.07, 'liquidity': 20, 'momentum': 50.82, 'stability': 97.96, 'currency': 49.81}",CALCULATED,2025-09-08T20:12:58.797256+00:00,TRE000392,Treasury,AAA,29911041152.087914,15.37618256321476,5.368455994912495,BBB,Q3
58.9,LIN-BB+,4.99,12.5,31.5,9.91,"{'duration': 16.16, 'spread': 3.8, 'liquidity': 20, 'momentum': 50.45, 'stability': 97.96, 'currency': 49.77}",CALCULATED,2025-09-08T20:12:58.797320+00:00,TRE000393,Treasury,AA+,29807212643.05384,21.942750332196514,19.01778780092637,BB,Q1 (Worst)
64.73,LIN-BB+,10.81,12.5,31.5,9.92,"{'duration': 57.12, 'spread': 1.61, 'liquidity': 20, 'momentum': 50.64, 'stability': 97.96, 'currency': 49.73}",CALCULATED,2025-09-08T20:12:58.797415+00:00,TRE000394,Treasury,AA+,22305179167.404926,12.561403344618228,8.04149120498567,BB,Q2
61.15,LIN-BB+,5.49,12.5,33.25,9.91,"{'duration': 22.3, 'spread': 0.98, 'liquidity': 20, 'momentum': 50.47, 'stability': 97.96, 'currency': 49.78}",CALCULATED,2025-09-08T20:12:58.797483+00:00,TRE000395,Treasury,AAA,18211584389.976234,2.4353094488906004,4.893907628615816,BB,Q1 (Worst)
71.03,LIN-BBB,17.12,12.5,31.5,9.92,"{'duration': 100.0, 'spread': 0.79, 'liquidity': 20, 'momentum': 50.55, 'stability': 97.96, 'currency': 49.8}",CALCULATED,2025-09-08T20:12:58.797552+00:00,TRE000396,Treasury,AA+,21928069455.73378,13.305436461864772,3.9720642730162483,BBB,Q4
60.93,LIN-BB+,5.26,12.5,33.25,9.91,"{'duration': 18.84, 'spread': 2.92, 'liquidity': 20, 'momentum': 50.54, 'stability': 97.96, 'currency': 49.74}",CALCULATED,2025-09-08T20:12:58.797621+00:00,TRE000397,Treasury,AAA,45983563440.45907,29.360630564090798,14.591514117222129,BB,Q1 (Worst)
68.24,LIN-BBB,12.57,12.5,33.25,9.92,"{'duration': 66.31, 'spread': 4.16, 'liquidity': 20, 'momentum': 50.62, 'stability': 97.96, 'currency': 49.8}",CALCULATED,2025-09-08T20:12:58.797685+00:00,TRE000398,Treasury,AAA,39127940073.610725,18.57264824334954,20.7805417949954,BBB,Q3
73.36,LIN-BBB+,17.69,12.5,33.25,9.91,"{'duration': 100.0, 'spread': 4.63, 'liquidity': 20, 'momentum': 50.49, 'stability': 97.96, 'currency': 49.79}",CALCULATED,2025-09-08T20:12:58.797749+00:00,TRE000399,Treasury,AAA,25251194599.615616,1.8470049987985384,23.1338751846551,BBB,Q5 (Best)
72.33,LIN-BBB+,19.47,12.5,30.45,9.9,"{'duration': 96.94, 'spread': 14.48, 'liquidity': 27.61, 'momentum': 50.3, 'stability': 97.96, 'currency': 49.78}",CALCULATED,2025-09-08T20:12:58.797822+00:00,COR000000,Corporate-Industrial,AA,4162493743.884965,10.810596334436148,72.39697694752182,BBB,Q4
71.84,LIN-BBB,18.97,12.5,30.45,9.92,"{'duration': 88.71, 'spread': 19.51, 'liquidity': 27.38, 'momentum': 50.47, 'stability': 97.96, 'currency': 49.91}",CALCULATED,2025-09-08T20:12:58.797890+00:00,COR000001,Corporate-Industrial,AA,4273533313.973373,6.694206051630636,97.55504615597475,BBB,Q4
77.9,LIN-A-,22.23,12.5,33.25,9.92,"{'duration': 100.0, 'spread': 29.97, 'liquidity': 27.39, 'momentum': 50.42, 'stability': 97.96, 'currency': 49.94}",CALCULATED,2025-09-08T20:12:58.797958+00:00,COR000002,Corporate-Industrial,AAA,4269749872.2126412,6.8153930900896045,149.8284675249085,A,Q5 (Best)
72.18,LIN-BBB+,22.46,12.5,27.3,9.92,"{'duration': 95.16, 'spread': 35.41, 'liquidity': 28.77, 'momentum': 50.58, 'stability': 97.96, 'currency': 49.78}",CALCULATED,2025-09-08T20:12:58.798023+00:00,COR000003,Corporate-Industrial,A,3642259113.2188873,6.838952118686732,177.03991151768582,BBB,Q4
77.81,LIN-A-,22.15,12.5,33.25,9.92,"{'duration': 63.39, 'spread': 57.72, 'liquidity': 39.82, 'momentum': 50.62, 'stability': 97.96, 'currency': 49.74}",CALCULATED,2025-09-08T20:12:58.798087+00:00,COR000004,Corporate-Industrial,AAA,1020992968.4295025,10.26842213646492,288.60824726943247,A,Q5 (Best)
66.55,LIN-BBB-,20.34,12.5,23.8,9.92,"{'duration': 100.0, 'spread': 15.12, 'liquidity': 30.68, 'momentum': 50.6, 'stability': 97.96, 'currency': 49.8}",CALCULATED,2025-09-08T20:12:58.798150+00:00,COR000005,Corporate-Industrial,BBB,2922813047.0253844,13.407347897920555,75.5840723616243,BBB,Q2
65.32,LIN-BBB-,15.61,12.5,27.3,9.91,"{'duration': 65.36, 'spread': 21.07, 'liquidity': 26.47, 'momentum': 50.41, 'stability': 97.96, 'currency': 49.87}",CALCULATED,2025-09-08T20:12:58.798216+00:00,COR000006,Corporate-Industrial,A,4746961129.6759815,13.459312939481007,105.34075707426422,BBB,Q2
70.31,LIN-BBB,24.08,12.5,23.8,9.92,"{'duration': 100.0, 'spread': 38.83, 'liquidity': 32.6, 'momentum': 50.77, 'stability': 97.96, 'currency': 49.73}",CALCULATED,2025-09-08T20:12:58.798281+00:00,COR000007,Corporate-Industrial,BBB,2344672369.5743427,7.236031647523796,194.13293505592725,BBB,Q3
80.43,LIN-A,24.75,12.5,33.25,9.92,"{'duration': 100.0, 'spread': 44.21, 'liquidity': 31.2, 'momentum': 50.78, 'stability': 97.96, 'currency': 49.74}",CALCULATED,2025-09-08T20:12:58.798343+00:00,COR000008,Corporate-Industrial,AAA,2754063047.3742237,17.491266378486397,221.0563726074366,A,Q5 (Best)
69.74,LIN-BBB,20.03,12.5,27.3,9.91,"{'duration': 95.36, 'spread': 19.67, 'liquidity': 27.78, 'momentum': 50.57, 'stability': 97.96, 'currency': 49.69}",CALCULATED,2025-09-08T20:12:58.798406+00:00,COR000009,Corporate-Industrial,A,4085011302.6067166,11.270452717894203,98.36813304962666,BBB,Q3
62.5,LIN-BB+,16.27,12.5,23.8,9.93,"{'duration': 61.65, 'spread': 23.02, 'liquidity': 35.71, 'momentum': 50.75, 'stability': 97.96, 'currency': 49.83}",CALCULATED,2025-09-08T20:12:58.798468+00:00,COR000010,Corporate-Industrial,BBB,1638889028.444537,13.215091383449073,115.09374171577193,BB,Q1 (Worst)
63.71,LIN-BB+,23.79,12.5,17.5,9.92,"{'duration': 100.0, 'spread': 37.83, 'liquidity': 31.1, 'momentum': 50.57, 'stability': 97.96, 'currency': 49.92}",CALCULATED,2025-09-08T20:12:58.798531+00:00,COR000011,Corporate-Industrial,BB,2785199296.268866,18.22944172235821,189.16543426404502,BB,Q2
76.89,LIN-A-,24.01,12.5,30.45,9.92,"{'duration': 100.0, 'spread': 38.55, 'liquidity': 32.31, 'momentum': 50.68, 'stability': 97.96, 'currency': 49.83}",CALCULATED,2025-09-08T20:12:58.798594+00:00,COR000012,Corporate-Industrial,AA,2423677098.1374273,9.513932112252588,192.75008511318882,A,Q5 (Best)
81.23,LIN-A+,25.57,12.5,33.25,9.92,"{'duration': 100.0, 'spread': 52.69, 'liquidity': 26.62, 'momentum': 50.58, 'stability': 97.96, 'currency': 49.76}",CALCULATED,2025-09-08T20:12:58.798654+00:00,COR000013,Corporate-Industrial,AAA,4668344809.045595,5.26705651102159,263.46263827836555,A,Q5 (Best)
73.05,LIN-BBB+,20.16,12.5,30.45,9.95,"{'duration': 100.0, 'spread': 14.75, 'liquidity': 29.43, 'momentum': 51.02, 'stability': 97.96, 'currency': 49.95}",CALCULATED,2025-09-08T20:12:58.798718+00:00,COR000014,Corporate-Industrial,AA,3375327707.3800106,17.45806499372799,73.74574922227227,BBB,Q4
69.72,LIN-BBB,23.49,12.5,23.8,9.93,"{'duration': 89.16, 'spread': 47.93, 'liquidity': 29.26, 'momentum': 50.79, 'stability': 97.96, 'currency': 49.82}",CALCULATED,2025-09-08T20:12:58.798782+00:00,COR000015,Corporate-Industrial,BBB,3443324402.9239454,6.035701384587098,239.64238862799294,BBB,Q3
69.4,LIN-BBB,23.2,12.5,23.8,9.9,"{'duration': 100.0, 'spread': 37.15, 'liquidity': 26.24, 'momentum': 50.3, 'stability': 97.96, 'currency': 49.8}",CALCULATED,2025-09-08T20:12:58.798844+00:00,COR000016,Corporate-Industrial,BBB,4878025329.516121,14.691624316592144,185.74683616944407,BBB,Q3
70.01,LIN-BBB,23.78,12.5,23.8,9.93,"{'duration': 86.11, 'spread': 52.43, 'liquidity': 29.98, 'momentum': 50.81, 'stability': 97.96, 'currency': 49.83}",CALCULATED,2025-09-08T20:12:58.798909+00:00,COR000017,Corporate-Industrial,BBB,3169312223.0780864,16.34836438309093,262.16328526818234,BBB,Q3
67.53,LIN-BBB-,17.82,12.5,27.3,9.92,"{'duration': 49.32, 'spread': 40.82, 'liquidity': 42.97, 'momentum': 50.56, 'stability': 97.96, 'currency': 49.79}",CALCULATED,2025-09-08T20:12:58.798971+00:00,COR000018,Corporate-Industrial,A,709987430.15869,15.405388287316772,204.09705590584065,BBB,Q3
73.95,LIN-BBB+,24.23,12.5,27.3,9.92,"{'duration': 100.0, 'spread': 35.1, 'liquidity': 39.68, 'momentum': 50.69, 'stability': 97.96, 'currency': 49.67}",CALCULATED,2025-09-08T20:12:58.799032+00:00,COR000019,Corporate-Industrial,A,1037182335.8853446,4.5443162875064615,175.50564387098856,BBB,Q5 (Best)
74.28,LIN-BBB+,24.58,12.5,27.3,9.89,"{'duration': 100.0, 'spread': 40.25, 'liquidity': 35.46, 'momentum': 50.23, 'stability': 97.96, 'currency': 49.66}",CALCULATED,2025-09-08T20:12:58.799094+00:00,COR000020,Corporate-Industrial,A,1686393378.2823768,11.992352779624154,201.2588916811157,BBB,Q5 (Best)
63.84,LIN-BB+,17.64,12.5,23.8,9.9,"{'duration': 63.79, 'spread': 36.44, 'liquidity': 26.04, 'momentum': 50.2, 'stability': 97.96, 'currency': 49.77}",CALCULATED,2025-09-08T20:12:58.799155+00:00,COR000021,Corporate-Industrial,BBB,4988472778.212866,10.55991765329772,182.19056169042818,BB,Q2
64.98,LIN-BB+,18.77,12.5,23.8,9.9,"{'duration': 70.76, 'spread': 30.85, 'liquidity': 35.31, 'momentum': 50.32, 'stability': 97.96, 'currency': 49.8}",CALCULATED,2025-09-08T20:12:58.799216+00:00,COR000022,Corporate-Industrial,BBB,1716708860.6079457,19.348716457059115,154.26643019591617,BB,Q2
70.82,LIN-BBB,24.59,12.5,23.8,9.93,"{'duration': 100.0, 'spread': 44.03, 'liquidity': 29.87, 'momentum': 50.67, 'stability': 97.96, 'currency': 49.87}",CALCULATED,2025-09-08T20:12:58.799278+00:00,COR000023,Corporate-Industrial,BBB,3210955190.2310815,14.776578413980738,220.164136743834,BBB,Q4
74.45,LIN-BBB+,21.58,12.5,30.45,9.92,"{'duration': 100.0, 'spread': 25.26, 'liquidity': 27.92, 'momentum': 50.56, 'stability': 97.96, 'currency': 49.84}",CALCULATED,2025-09-08T20:12:58.799368+00:00,COR000024,Corporate-Industrial,AA,4020079171.3397017,9.045137292392127,126.27921420525827,BBB,Q5 (Best)
60.54,LIN-BB+,14.33,12.5,23.8,9.91,"{'duration': 23.8, 'spread': 51.65, 'liquidity': 30.09, 'momentum': 50.53, 'stability': 97.96, 'currency': 49.8}",CALCULATED,2025-09-08T20:12:58.799448+00:00,COR000025,Corporate-Industrial,BBB,3129282327.594794,10.736525005075581,258.2456197035152,BB,Q1 (Worst)
69.42,LIN-BBB,23.23,12.5,23.8,9.89,"{'duration': 100.0, 'spread': 36.01, 'liquidity': 28.25, 'momentum': 50.29, 'stability': 97.96, 'currency': 49.65}",CALCULATED,2025-09-08T20:12:58.799519+00:00,COR000026,Corporate-Industrial,BBB,3870066512.6764574,15.469349675501737,180.06519750187954,BBB,Q3
66.42,LIN-BBB-,20.21,12.5,23.8,9.91,"{'duration': 61.93, 'spread': 49.54, 'liquidity': 34.87, 'momentum': 50.37, 'stability': 97.96, 'currency': 49.95}",CALCULATED,2025-09-08T20:12:58.799587+00:00,COR000027,Corporate-Industrial,BBB,1804121740.5508997,8.40409155637899,247.67710039726705,BBB,Q2
61.78,LIN-BB+,15.55,12.5,23.8,9.93,"{'duration': 59.71, 'spread': 19.75, 'liquidity': 36.36, 'momentum': 50.7, 'stability': 97.96, 'currency': 49.88}",CALCULATED,2025-09-08T20:12:58.799650+00:00,COR000028,Corporate-Industrial,BBB,1520295826.0127363,16.90386693878613,98.73504732211325,BB,Q1 (Worst)
68.99,LIN-BBB,22.77,12.5,23.8,9.92,"{'duration': 100.0, 'spread': 28.74, 'liquidity': 34.55, 'momentum': 50.67, 'stability': 97.96, 'currency': 49.77}",CALCULATED,2025-09-08T20:12:58.799716+00:00,COR000029,Corporate-Industrial,BBB,1873585280.5001285,14.66621148659829,143.70892049844417,BBB,Q3
65.33,LIN-BBB-,15.62,12.5,27.3,9.91,"{'duration': 54.78, 'spread': 31.89, 'liquidity': 26.17, 'momentum': 50.34, 'stability': 97.96, 'currency': 49.92}",CALCULATED,2025-09-08T20:12:58.799780+00:00,COR000030,Corporate-Industrial,A,4912811775.639422,9.241109169965073,159.427560693308,BBB,Q2
67.29,LIN-BBB-,21.07,12.5,23.8,9.92,"{'duration': 67.69, 'spread': 53.6, 'liquidity': 28.75, 'momentum': 50.61, 'stability': 97.96, 'currency': 49.89}",CALCULATED,2025-09-08T20:12:58.799842+00:00,COR000031,Corporate-Industrial,BBB,3652497365.8169117,13.992820402783572,267.9835644558965,BBB,Q2
61.27,LIN-BB+,21.36,12.5,17.5,9.91,"{'duration': 100.0, 'spread': 20.86, 'liquidity': 32.34, 'momentum': 50.58, 'stability': 97.96, 'currency': 49.68}",CALCULATED,2025-09-08T20:12:58.799903+00:00,COR000032,Corporate-Industrial,BB,2416845245.801039,19.226526223223722,104.30662074912024,BB,Q1 (Worst)
52.25,LIN-BB,12.34,12.5,17.5,9.91,"{'duration': 46.97, 'spread': 17.52, 'liquidity': 26.68, 'momentum': 50.37, 'stability': 97.96, 'currency': 49.8}",CALCULATED,2025-09-08T20:12:58.799965+00:00,COR000033,Corporate-Industrial,BB,4635203660.815725,16.526418421034137,87.59614118085926,BB,Q1 (Worst)
72.19,LIN-BBB+,22.49,12.5,27.3,9.9,"{'duration': 75.57, 'spread': 56.1, 'liquidity': 27.34, 'momentum': 50.39, 'stability': 97.96, 'currency': 49.68}",CALCULATED,2025-09-08T20:12:58.800030+00:00,COR000034,Corporate-Industrial,A,4292955007.29414,19.990802425168564,280.51650544243637,BBB,Q4
77.43,LIN-A-,24.57,12.5,30.45,9.91,"{'duration': 100.0, 'spread': 40.19, 'liquidity': 35.42, 'momentum': 50.41, 'stability': 97.96, 'currency': 49.89}",CALCULATED,2025-09-08T20:12:58.800094+00:00,COR000035,Corporate-Industrial,AA,1694451213.272087,12.63321217188314,200.9596809313656,A,Q5 (Best)
48.67,LIN-BB-,8.76,12.5,17.5,9.91,"{'duration': 20.42, 'spread': 19.85, 'liquidity': 27.17, 'momentum': 50.28, 'stability': 97.96, 'currency': 49.92}",CALCULATED,2025-09-08T20:12:58.800157+00:00,COR000036,Corporate-Industrial,BB,4382113583.618956,3.029657590675615,99.23865133538325,BB,Q1 (Worst)
77.54,LIN-A-,21.87,12.5,33.25,9.92,"{'duration': 78.15, 'spread': 49.22, 'liquidity': 27.63, 'momentum': 50.39, 'stability': 97.96, 'currency': 50.0}",CALCULATED,2025-09-08T20:12:58.800244+00:00,COR000037,Corporate-Industrial,AAA,4153807717.895097,10.278502148973038,246.10560603801812,A,Q5 (Best)
59.06,LIN-BB+,9.35,12.5,27.3,9.91,"{'duration': 28.23, 'spread': 15.62, 'liquidity': 27.74, 'momentum': 50.47, 'stability': 97.96, 'currency': 49.84}",CALCULATED,2025-09-08T20:12:58.800320+00:00,COR000038,Corporate-Industrial,A,4101231936.412015,9.85512005317953,78.11011742908997,BB,Q1 (Worst)
50.74,LIN-BB,10.82,12.5,17.5,9.92,"{'duration': 12.15, 'spread': 37.04, 'liquidity': 34.43, 'momentum': 50.47, 'stability': 97.96, 'currency': 50.0}",CALCULATED,2025-09-08T20:12:58.800388+00:00,COR000039,Corporate-Industrial,BB,1899073587.0242996,10.2132021271111,185.18741841703647,BB,Q1 (Worst)
76.23,LIN-A-,26.53,12.5,27.3,9.9,"{'duration': 100.0, 'spread': 51.61, 'liquidity': 37.91, 'momentum': 50.31, 'stability': 97.96, 'currency': 49.75}",CALCULATED,2025-09-08T20:12:58.800454+00:00,COR000040,Corporate-Industrial,A,1272531831.28079,17.731441792857883,258.06584734912366,A,Q5 (Best)
72.54,LIN-BBB+,26.32,12.5,23.8,9.92,"{'duration': 100.0, 'spread': 52.02, 'liquidity': 35.16, 'momentum': 50.64, 'stability': 97.96, 'currency': 49.81}",CALCULATED,2025-09-08T20:12:58.800520+00:00,COR000041,Corporate-Industrial,BBB,1745848229.140602,3.50231409495455,260.0983751914265,BBB,Q4
65.76,LIN-BBB-,12.91,12.5,30.45,9.89,"{'duration': 34.7, 'spread': 28.06, 'liquidity': 34.99, 'momentum': 50.38, 'stability': 97.96, 'currency': 49.56}",CALCULATED,2025-09-08T20:12:58.800585+00:00,COR000042,Corporate-Industrial,AA,1779333423.935934,4.383153111370804,140.3239934838108,BBB,Q2
70.54,LIN-BBB,20.84,12.5,27.3,9.91,"{'duration': 57.87, 'spread': 55.54, 'liquidity': 38.28, 'momentum': 50.4, 'stability': 97.96, 'currency': 49.75}",CALCULATED,2025-09-08T20:12:58.800654+00:00,COR000043,Corporate-Industrial,A,1219638259.5602498,11.904335086185197,277.7051851929252,BBB,Q3
64.71,LIN-BB+,14.99,12.5,27.3,9.92,"{'duration': 22.95, 'spread': 53.9, 'liquidity': 34.62, 'momentum': 50.6, 'stability': 97.96, 'currency': 49.89}",CALCULATED,2025-09-08T20:12:58.800719+00:00,COR000044,Corporate-Industrial,A,1858315079.2025957,7.670267397403567,269.5225022856254,BB,Q2
70.66,LIN-BBB,24.47,12.5,23.8,9.89,"{'duration': 100.0, 'spread': 36.55, 'liquidity': 39.86, 'momentum': 50.13, 'stability': 97.96, 'currency': 49.64}",CALCULATED,2025-09-08T20:12:58.800786+00:00,COR000045,Corporate-Industrial,BBB,1016570404.0510299,7.397977611068199,182.76111613219103,BBB,Q3
72.15,LIN-BBB+,22.42,12.5,27.3,9.92,"{'duration': 100.0, 'spread': 30.0, 'liquidity': 29.22, 'momentum': 50.7, 'stability': 97.96, 'currency': 49.78}",CALCULATED,2025-09-08T20:12:58.800849+00:00,COR000046,Corporate-Industrial,A,3457482029.5131927,3.9958949021028687,150.01890733602318,BBB,Q4
68.49,LIN-BBB,15.65,12.5,30.45,9.89,"{'duration': 46.81, 'spread': 32.5, 'liquidity': 37.5, 'momentum': 50.16, 'stability': 97.96, 'currency': 49.71}",CALCULATED,2025-09-08T20:12:58.800914+00:00,COR000047,Corporate-Industrial,AA,1333283259.7951047,8.313739421557747,162.49095198762552,BBB,Q3
72.31,LIN-BBB+,22.59,12.5,27.3,9.92,"{'duration': 100.0, 'spread': 29.61, 'liquidity': 31.53, 'momentum': 50.82, 'stability': 97.96, 'currency': 49.62}",CALCULATED,2025-09-08T20:12:58.800979+00:00,COR000048,Corporate-Industrial,A,2651258872.832145,10.710102140358792,148.03230160901376,BBB,Q4
74.95,LIN-BBB+,25.24,12.5,27.3,9.92,"{'duration': 100.0, 'spread': 45.4, 'liquidity': 34.25, 'momentum': 50.52, 'stability': 97.96, 'currency': 49.83}",CALCULATED,2025-09-08T20:12:58.801045+00:00,COR000049,Corporate-Industrial,A,1937659428.9284623,11.692377168538089,227.00061789674032,BBB,Q5 (Best)
75.27,LIN-A-,22.4,12.5,30.45,9.91,"{'duration': 91.17, 'spread': 39.55, 'liquidity': 27.96, 'momentum': 50.54, 'stability': 97.96, 'currency': 49.74}",CALCULATED,2025-09-08T20:12:58.801110+00:00,COR000050,Corporate-Industrial,AA,3999720704.5703297,16.500289136087858,197.7465318137111,A,Q5 (Best)
77.5,LIN-A-,24.64,12.5,30.45,9.91,"{'duration': 100.0, 'spread': 42.64, 'liquidity': 32.46, 'momentum': 50.6, 'stability': 97.96, 'currency': 49.65}",CALCULATED,2025-09-08T20:12:58.801173+00:00,COR000051,Corporate-Industrial,AA,2381184986.6647463,4.9116275865431485,213.18006698353628,A,Q5 (Best)
70.61,LIN-BBB,24.4,12.5,23.8,9.91,"{'duration': 100.0, 'spread': 34.59, 'liquidity': 42.16, 'momentum': 50.43, 'stability': 97.96, 'currency': 49.74}",CALCULATED,2025-09-08T20:12:58.801253+00:00,COR000052,Corporate-Industrial,BBB,779617785.102346,9.06177392206623,172.95074164757045,BBB,Q3
77.46,LIN-A-,24.6,12.5,30.45,9.9,"{'duration': 96.88, 'spread': 46.76, 'liquidity': 30.57, 'momentum': 50.29, 'stability': 97.96, 'currency': 49.8}",CALCULATED,2025-09-08T20:12:58.801349+00:00,COR000053,Corporate-Industrial,AA,2961072611.6809435,13.192993667181325,233.7835565569015,A,Q5 (Best)
54.22,LIN-BB,14.31,12.5,17.5,9.91,"{'duration': 48.06, 'spread': 25.14, 'liquidity': 33.3, 'momentum': 50.53, 'stability': 97.96, 'currency': 49.77}",CALCULATED,2025-09-08T20:12:58.801429+00:00,COR000054,Corporate-Industrial,BB,2163899203.7888494,7.825699788504039,125.71251846810625,BB,Q1 (Worst)
66.08,LIN-BBB-,19.87,12.5,23.8,9.91,"{'duration': 59.26, 'spread': 47.85, 'liquidity': 38.02, 'momentum': 50.41, 'stability': 97.96, 'currency': 49.78}",CALCULATED,2025-09-08T20:12:58.801493+00:00,COR000055,Corporate-Industrial,BBB,1255418103.2099562,3.601084782694129,239.2469953356388,BBB,Q2
73.55,LIN-BBB+,27.32,12.5,23.8,9.92,"{'duration': 100.0, 'spread': 58.93, 'liquidity': 34.84, 'momentum': 50.66, 'stability': 97.96, 'currency': 49.83}",CALCULATED,2025-09-08T20:12:58.801616+00:00,COR000056,Corporate-Industrial,BBB,1810676445.2491326,6.282623704612229,294.66814849217184,BBB,Q5 (Best)
55.16,LIN-BB+,8.96,12.5,23.8,9.9,"{'duration': 15.82, 'spread': 25.1, 'liquidity': 28.28, 'momentum': 50.1, 'stability': 97.96, 'currency': 49.91}",CALCULATED,2025-09-08T20:12:58.801867+00:00,COR000057,Corporate-Industrial,BBB,3856891712.611316,19.699099831305492,125.48425028025923,BB,Q1 (Worst)
63.98,LIN-BB+,17.77,12.5,23.8,9.9,"{'duration': 46.91, 'spread': 50.76, 'liquidity': 31.23, 'momentum': 50.23, 'stability': 97.96, 'currency': 49.86}",CALCULATED,2025-09-08T20:12:58.801983+00:00,COR000058,Corporate-Industrial,BBB,2743659917.9440064,11.800982270487022,253.79057137066687,BB,Q2
64.27,LIN-BB+,24.35,12.5,17.5,9.92,"{'duration': 86.72, 'spread': 54.14, 'liquidity': 32.21, 'momentum': 50.5, 'stability': 97.96, 'currency': 49.86}",CALCULATED,2025-09-08T20:12:58.802058+00:00,COR000059,Corporate-Industrial,BB,2452051165.57514,10.050885179444599,270.69446572334834,BB,Q2
59.52,LIN-BB+,19.59,12.5,17.5,9.93,"{'duration': 62.03, 'spread': 45.98, 'liquidity': 33.85, 'momentum': 50.74, 'stability': 97.96, 'currency': 49.86}",CALCULATED,2025-09-08T20:12:58.802130+00:00,COR000060,Corporate-Industrial,BB,2030713357.331303,9.492967641703153,229.91246915217354,BB,Q1 (Worst)
78.76,LIN-A,25.9,12.5,30.45,9.91,"{'duration': 100.0, 'spread': 52.95, 'liquidity': 29.62, 'momentum': 50.38, 'stability': 97.96, 'currency': 49.82}",CALCULATED,2025-09-08T20:12:58.802199+00:00,COR000061,Corporate-Industrial,AA,3302945193.174477,9.212361866065713,264.7445889127171,A,Q5 (Best)
55.45,LIN-BB+,15.55,12.5,17.5,9.91,"{'duration': 36.54, 'spread': 41.94, 'liquidity': 37.75, 'momentum': 50.39, 'stability': 97.96, 'currency': 49.79}",CALCULATED,2025-09-08T20:12:58.802264+00:00,COR000062,Corporate-Industrial,BB,1295766921.4034,5.530141990227072,209.6849648302702,BB,Q1 (Worst)
68.37,LIN-BBB,18.66,12.5,27.3,9.92,"{'duration': 62.53, 'spread': 43.81, 'liquidity': 27.06, 'momentum': 50.7, 'stability': 97.96, 'currency': 49.7}",CALCULATED,2025-09-08T20:12:58.802329+00:00,COR000063,Corporate-Industrial,A,4438527561.428335,3.825083701748685,219.0749114828326,BBB,Q3
61.85,LIN-BB+,12.14,12.5,27.3,9.91,"{'duration': 40.27, 'spread': 14.84, 'liquidity': 38.76, 'momentum': 50.49, 'stability': 97.96, 'currency': 49.73}",CALCULATED,2025-09-08T20:12:58.802430+00:00,COR000064,Corporate-Industrial,A,1153506346.5181792,14.497204117549337,74.17960141174736,BB,Q1 (Worst)
65.21,LIN-BBB-,12.36,12.5,30.45,9.9,"{'duration': 39.98, 'spread': 21.58, 'liquidity': 31.23, 'momentum': 50.4, 'stability': 97.96, 'currency': 49.71}",CALCULATED,2025-09-08T20:12:58.802514+00:00,COR000065,Corporate-Industrial,AA,2744712314.408044,3.7875071504102618,107.9072677051653,BBB,Q2
59.67,LIN-BB+,9.97,12.5,27.3,9.9,"{'duration': 12.26, 'spread': 26.0, 'liquidity': 42.28, 'momentum': 50.39, 'stability': 97.96, 'currency': 49.71}",CALCULATED,2025-09-08T20:12:58.802583+00:00,COR000066,Corporate-Industrial,A,769027927.8779964,12.916737621065451,130.00254796541392,BB,Q1 (Worst)
61.76,LIN-BB+,8.89,12.5,30.45,9.92,"{'duration': 10.62, 'spread': 31.21, 'liquidity': 26.14, 'momentum': 50.59, 'stability': 97.96, 'currency': 49.86}",CALCULATED,2025-09-08T20:12:58.802651+00:00,COR000067,Corporate-Industrial,AA,4931803802.207881,18.431049870637075,156.05297068148133,BB,Q1 (Worst)
70.81,LIN-BBB,24.58,12.5,23.8,9.93,"{'duration': 100.0, 'spread': 34.97, 'liquidity': 43.39, 'momentum': 50.69, 'stability': 97.96, 'currency': 49.86}",CALCULATED,2025-09-08T20:12:58.802719+00:00,COR000068,Corporate-Industrial,BBB,676680194.6134802,16.73527184950843,174.82678021368838,BBB,Q4
63.25,LIN-BB+,10.4,12.5,30.45,9.9,"{'duration': 17.23, 'spread': 30.63, 'liquidity': 32.25, 'momentum': 50.18, 'stability': 97.96, 'currency': 49.89}",CALCULATED,2025-09-08T20:12:58.802786+00:00,COR000069,Corporate-Industrial,AA,2440952243.626754,10.347789388941614,153.1363806560287,BB,Q1 (Worst)
66.41,LIN-BBB-,13.54,12.5,30.45,9.92,"{'duration': 31.43, 'spread': 40.15, 'liquidity': 28.02, 'momentum': 50.54, 'stability': 97.96, 'currency': 49.84}",CALCULATED,2025-09-08T20:12:58.802877+00:00,COR000070,Corporate-Industrial,AA,3971371991.525167,15.304691576721684,200.76314554107327,BBB,Q2
80.44,LIN-A,27.58,12.5,30.45,9.91,"{'duration': 100.0, 'spread': 58.12, 'liquidity': 38.61, 'momentum': 50.51, 'stability': 97.96, 'currency': 49.78}",CALCULATED,2025-09-08T20:12:58.802961+00:00,COR000071,Corporate-Industrial,AA,1173759881.281404,11.543486603117206,290.5862652858141,A,Q5 (Best)
78.48,LIN-A,22.82,12.5,33.25,9.91,"{'duration': 87.58, 'spread': 41.68, 'liquidity': 34.29, 'momentum': 50.56, 'stability': 97.96, 'currency': 49.7}",CALCULATED,2025-09-08T20:12:58.803036+00:00,COR000072,Corporate-Industrial,AAA,1930483164.2753046,10.073654331623032,208.40574096518668,A,Q5 (Best)
65.99,LIN-BBB-,26.09,12.5,17.5,9.9,"{'duration': 100.0, 'spread': 46.94, 'liquidity': 40.47, 'momentum': 50.35, 'stability': 97.96, 'currency': 49.69}",CALCULATED,2025-09-08T20:12:58.803105+00:00,COR000073,Corporate-Industrial,BB,946817281.786866,13.356648351176688,234.6858476624105,BBB,Q2
61.42,LIN-BB+,15.19,12.5,23.8,9.93,"{'duration': 68.71, 'spread': 12.65, 'liquidity': 29.84, 'momentum': 50.79, 'stability': 97.96, 'currency': 49.87}",CALCULATED,2025-09-08T20:12:58.803172+00:00,COR000074,Corporate-Industrial,BBB,3221126726.9898653,6.245811809947968,63.24634761696958,BB,Q1 (Worst)
72.83,LIN-BBB+,26.61,12.5,23.8,9.92,"{'duration': 100.0, 'spread': 54.82, 'liquidity': 33.88, 'momentum': 50.66, 'stability': 97.96, 'currency': 49.85}",CALCULATED,2025-09-08T20:12:58.803237+00:00,COR000075,Corporate-Industrial,BBB,2023038950.2985764,18.14802045490211,274.08973055158856,BBB,Q4
60.12,LIN-BB+,13.91,12.5,23.8,9.91,"{'duration': 26.32, 'spread': 41.91, 'liquidity': 36.78, 'momentum': 50.38, 'stability': 97.96, 'currency': 49.79}",CALCULATED,2025-09-08T20:12:58.803305+00:00,COR000076,Corporate-Industrial,BBB,1448671952.4501538,14.016350347937598,209.55399627042857,BB,Q1 (Worst)
70.98,LIN-BBB,18.13,12.5,30.45,9.9,"{'duration': 71.57, 'spread': 24.75, 'liquidity': 36.84, 'momentum': 50.33, 'stability': 97.96, 'currency': 49.68}",CALCULATED,2025-09-08T20:12:58.803373+00:00,COR000077,Corporate-Industrial,AA,1438026555.8191457,3.8783371176063968,123.77463280180676,BBB,Q4
65.59,LIN-BBB-,25.71,12.5,17.5,9.88,"{'duration': 100.0, 'spread': 53.57, 'liquidity': 26.73, 'momentum': 49.89, 'stability': 97.96, 'currency': 49.74}",CALCULATED,2025-09-08T20:12:58.803441+00:00,COR000078,Corporate-Industrial,BB,4608949149.86549,19.006431409745534,267.85383070528576,BBB,Q2
76.42,LIN-A-,26.73,12.5,27.3,9.89,"{'duration': 100.0, 'spread': 50.23, 'liquidity': 41.95, 'momentum': 50.22, 'stability': 97.96, 'currency': 49.72}",CALCULATED,2025-09-08T20:12:58.803507+00:00,COR000079,Corporate-Industrial,A,799221669.0839334,18.519989289255513,251.1515302279571,A,Q5 (Best)
52.44,LIN-BB,12.52,12.5,17.5,9.92,"{'duration': 41.87, 'spread': 20.44, 'liquidity': 31.7, 'momentum': 50.47, 'stability': 97.96, 'currency': 50.0}",CALCULATED,2025-09-08T20:12:58.803579+00:00,COR000080,Corporate-Industrial,BB,2599381982.3556614,3.0757022187780976,102.1876655292545,BB,Q1 (Worst)
54.93,LIN-BB,15.02,12.5,17.5,9.91,"{'duration': 46.39, 'spread': 35.64, 'liquidity': 27.15, 'momentum': 50.37, 'stability': 97.96, 'currency': 49.96}",CALCULATED,2025-09-08T20:12:58.803650+00:00,COR000081,Corporate-Industrial,BB,4391952457.282896,5.893328466122428,178.1891557319164,BB,Q1 (Worst)
78.52,LIN-A,22.86,12.5,33.25,9.91,"{'duration': 100.0, 'spread': 29.79, 'liquidity': 33.9, 'momentum': 50.53, 'stability': 97.96, 'currency': 49.7}",CALCULATED,2025-09-08T20:12:58.803716+00:00,COR000082,Corporate-Industrial,AAA,2017522841.1987867,13.068447262430574,148.95658795464806,A,Q5 (Best)
66.78,LIN-BBB-,20.57,12.5,23.8,9.91,"{'duration': 100.0, 'spread': 18.14, 'liquidity': 28.49, 'momentum': 50.46, 'stability': 97.96, 'currency': 49.75}",CALCULATED,2025-09-08T20:12:58.803784+00:00,COR000083,Corporate-Industrial,BBB,3762870640.0224314,10.065225163679823,90.71842461568156,BBB,Q2
68.06,LIN-BBB,18.33,12.5,27.3,9.93,"{'duration': 68.93, 'spread': 33.55, 'liquidity': 29.53, 'momentum': 50.89, 'stability': 97.96, 'currency': 49.77}",CALCULATED,2025-09-08T20:12:58.803857+00:00,COR000084,Corporate-Industrial,A,3338094526.538662,9.814035684950426,167.7633070933715,BBB,Q3
56.16,LIN-BB+,16.25,12.5,17.5,9.91,"{'duration': 47.58, 'spread': 41.0, 'liquidity': 29.6, 'momentum': 50.46, 'stability': 97.96, 'currency': 49.78}",CALCULATED,2025-09-08T20:12:58.803926+00:00,COR000085,Corporate-Industrial,BB,3312468115.818082,7.09198848325493,205.01189181903365,BB,Q1 (Worst)
66.11,LIN-BBB-,26.18,12.5,17.5,9.92,"{'duration': 100.0, 'spread': 54.07, 'liquidity': 30.73, 'momentum': 50.64, 'stability': 97.96, 'currency': 49.88}",CALCULATED,2025-09-08T20:12:58.803992+00:00,COR000086,Corporate-Industrial,BB,2907059564.353353,7.007310752518957,270.35285400538714,BBB,Q2
75.59,LIN-A-,25.88,12.5,27.3,9.9,"{'duration': 90.71, 'spread': 57.43, 'liquidity': 36.6, 'momentum': 50.26, 'stability': 97.96, 'currency': 49.87}",CALCULATED,2025-09-08T20:12:58.804062+00:00,COR000087,Corporate-Industrial,A,1479544993.6323905,13.031701083572184,287.1613524138546,A,Q5 (Best)
57.25,LIN-BB+,11.03,12.5,23.8,9.91,"{'duration': 21.08, 'spread': 32.31, 'liquidity': 30.27, 'momentum': 50.75, 'stability': 97.96, 'currency': 49.59}",CALCULATED,2025-09-08T20:12:58.804131+00:00,COR000088,Corporate-Industrial,BBB,3066744855.0402255,15.593058658992815,161.5347048378065,BB,Q1 (Worst)
67.61,LIN-BBB-,21.38,12.5,23.8,9.93,"{'duration': 65.99, 'spread': 58.23, 'liquidity': 27.48, 'momentum': 50.72, 'stability': 97.96, 'currency': 49.94}",CALCULATED,2025-09-08T20:12:58.804199+00:00,COR000089,Corporate-Industrial,BBB,4224385753.648042,15.786763686697805,291.1575788724963,BBB,Q3
74.6,LIN-BBB+,18.91,12.5,33.25,9.94,"{'duration': 57.13, 'spread': 43.21, 'liquidity': 38.63, 'momentum': 51.01, 'stability': 97.96, 'currency': 49.84}",CALCULATED,2025-09-08T20:12:58.804296+00:00,COR000090,Corporate-Industrial,AAA,1171387211.169229,4.594012007243865,216.0673326384467,BBB,Q5 (Best)
65.04,LIN-BBB-,25.11,12.5,17.5,9.93,"{'duration': 100.0, 'spread': 40.39, 'liquidity': 40.56, 'momentum': 50.79, 'stability': 97.96, 'currency': 49.77}",CALCULATED,2025-09-08T20:12:58.804452+00:00,COR000091,Corporate-Industrial,BB,937860219.0470233,5.291880794897231,201.93610792044348,BBB,Q2
81.05,LIN-A+,25.38,12.5,33.25,9.92,"{'duration': 100.0, 'spread': 51.25, 'liquidity': 26.89, 'momentum': 50.58, 'stability': 97.96, 'currency': 49.93}",CALCULATED,2025-09-08T20:12:58.804541+00:00,COR000092,Corporate-Industrial,AAA,4523468231.235498,9.348556940863551,256.2661160104391,A,Q5 (Best)
74.13,LIN-BBB+,21.26,12.5,30.45,9.92,"{'duration': 100.0, 'spread': 22.55, 'liquidity': 28.8, 'momentum': 50.64, 'stability': 97.96, 'currency': 49.72}",CALCULATED,2025-09-08T20:12:58.804625+00:00,COR000093,Corporate-Industrial,AA,3632761017.912645,15.428548117466915,112.73466027924206,BBB,Q5 (Best)
77.15,LIN-A-,24.29,12.5,30.45,9.91,"{'duration': 100.0, 'spread': 37.31, 'liquidity': 36.93, 'momentum': 50.41, 'stability': 97.96, 'currency': 49.74}",CALCULATED,2025-09-08T20:12:58.804693+00:00,COR000094,Corporate-Industrial,AA,1424569693.0505435,10.540731578300813,186.56794055391595,A,Q5 (Best)
63.49,LIN-BB+,10.61,12.5,30.45,9.93,"{'duration': 40.54, 'spread': 12.42, 'liquidity': 26.7, 'momentum': 50.71, 'stability': 97.96, 'currency': 49.84}",CALCULATED,2025-09-08T20:12:58.804766+00:00,COR000095,Corporate-Industrial,AA,4622140928.504493,6.3090788318380575,62.100430140326665,BB,Q1 (Worst)
63.03,LIN-BB+,23.1,12.5,17.5,9.93,"{'duration': 100.0, 'spread': 31.39, 'liquidity': 33.94, 'momentum': 50.81, 'stability': 97.96, 'currency': 49.86}",CALCULATED,2025-09-08T20:12:58.804835+00:00,COR000096,Corporate-Industrial,BB,2008558947.091254,4.211062855914463,156.92891206451168,BB,Q1 (Worst)
61.55,LIN-BB+,11.82,12.5,27.3,9.93,"{'duration': 26.96, 'spread': 34.26, 'liquidity': 26.4, 'momentum': 50.78, 'stability': 97.96, 'currency': 49.79}",CALCULATED,2025-09-08T20:12:58.804906+00:00,COR000097,Corporate-Industrial,A,4785262785.784859,9.16472790067121,171.29295691258676,BB,Q1 (Worst)
67.33,LIN-BBB-,21.09,12.5,23.8,9.94,"{'duration': 100.0, 'spread': 10.42, 'liquidity': 45.23, 'momentum': 50.94, 'stability': 97.96, 'currency': 49.99}",CALCULATED,2025-09-08T20:12:58.804973+00:00,COR000098,Corporate-Industrial,BBB,547473425.0850723,16.537611292381328,52.120348775092765,BBB,Q3
66.53,LIN-BBB-,16.82,12.5,27.3,9.92,"{'duration': 63.04, 'spread': 20.61, 'liquidity': 42.71, 'momentum': 50.61, 'stability': 97.96, 'currency': 49.74}",CALCULATED,2025-09-08T20:12:58.805037+00:00,COR000099,Corporate-Industrial,A,731939368.3044758,17.656021614530932,103.05115997690352,BBB,Q2
80.6,LIN-A,24.93,12.5,33.25,9.92,"{'duration': 100.0, 'spread': 48.65, 'liquidity': 26.32, 'momentum': 50.52, 'stability': 97.96, 'currency': 49.97}",CALCULATED,2025-09-08T20:12:58.805110+00:00,COR000100,Corporate-Industrial,AAA,4831779623.455897,14.409782818377177,243.25071122996152,A,Q5 (Best)
64.32,LIN-BB+,8.67,12.5,33.25,9.89,"{'duration': 19.87, 'spread': 19.21, 'liquidity': 28.08, 'momentum': 50.13, 'stability': 97.96, 'currency': 49.81}",CALCULATED,2025-09-08T20:12:58.805177+00:00,COR000101,Corporate-Industrial,AAA,3943524654.228215,5.591869371112722,96.06160472629273,BB,Q2
70.45,LIN-BBB,24.23,12.5,23.8,9.91,"{'duration': 100.0, 'spread': 42.91, 'liquidity': 27.95, 'momentum': 50.62, 'stability': 97.96, 'currency': 49.72}",CALCULATED,2025-09-08T20:12:58.805247+00:00,COR000102,Corporate-Industrial,BBB,4004247494.7392874,18.382582403949513,214.5443927494527,BBB,Q3
66.18,LIN-BBB-,26.27,12.5,17.5,9.91,"{'duration': 100.0, 'spread': 53.02, 'liquidity': 33.12, 'momentum': 50.8, 'stability': 97.96, 'currency': 49.53}",CALCULATED,2025-09-08T20:12:58.805319+00:00,COR000103,Corporate-Industrial,BB,2207608014.4074225,6.903711372892213,265.0962468454311,BBB,Q2
70.89,LIN-BBB,21.19,12.5,27.3,9.9,"{'duration': 96.13, 'spread': 18.62, 'liquidity': 39.78, 'momentum': 50.21, 'stability': 97.96, 'currency': 49.77}",CALCULATED,2025-09-08T20:12:58.805474+00:00,COR000104,Corporate-Industrial,A,1025796117.3101847,9.449652665981684,93.10440534411794,BBB,Q4
67.3,LIN-BBB-,21.07,12.5,23.8,9.93,"{'duration': 87.91, 'spread': 29.32, 'liquidity': 34.82, 'momentum': 50.74, 'stability': 97.96, 'currency': 49.92}",CALCULATED,2025-09-08T20:12:58.805552+00:00,COR000105,Corporate-Industrial,BBB,1815207150.315674,3.3258952583366788,146.61606286709463,BBB,Q2
68.64,LIN-BBB,22.43,12.5,23.8,9.91,"{'duration': 92.1, 'spread': 32.44, 'liquidity': 37.52, 'momentum': 50.52, 'stability': 97.96, 'currency': 49.65}",CALCULATED,2025-09-08T20:12:58.805622+00:00,COR000106,Corporate-Industrial,BBB,1330620707.692913,14.961622768367977,162.2041279255936,BBB,Q3
68.86,LIN-BBB,19.12,12.5,27.3,9.93,"{'duration': 70.98, 'spread': 37.29, 'liquidity': 28.84, 'momentum': 50.74, 'stability': 97.96, 'currency': 49.95}",CALCULATED,2025-09-08T20:12:58.805697+00:00,COR000107,Corporate-Industrial,A,3613268640.247893,8.045236084172569,186.44201273129153,BBB,Q3
67.08,LIN-BBB-,20.85,12.5,23.8,9.93,"{'duration': 78.2, 'spread': 37.09, 'liquidity': 35.6, 'momentum': 50.8, 'stability': 97.96, 'currency': 49.75}",CALCULATED,2025-09-08T20:12:58.805772+00:00,COR000108,Corporate-Industrial,BBB,1659370956.4704447,14.623516560398286,185.43834935646453,BBB,Q2
56.97,LIN-BB+,17.07,12.5,17.5,9.91,"{'duration': 56.07, 'spread': 35.57, 'liquidity': 33.2, 'momentum': 50.51, 'stability': 97.96, 'currency': 49.69}",CALCULATED,2025-09-08T20:12:58.805842+00:00,COR000109,Corporate-Industrial,BB,2188009582.334799,15.16602189268273,177.86537233922922,BB,Q1 (Worst)
74.36,LIN-BBB+,24.66,12.5,27.3,9.9,"{'duration': 100.0, 'spread': 42.83, 'liquidity': 32.32, 'momentum': 50.43, 'stability': 97.96, 'currency': 49.69}",CALCULATED,2025-09-08T20:12:58.805910+00:00,COR000110,Corporate-Industrial,A,2420075524.6042914,11.038276552613137,214.16354896955136,BBB,Q5 (Best)
66.52,LIN-BBB-,20.31,12.5,23.8,9.91,"{'duration': 91.92, 'spread': 14.27, 'liquidity': 43.86, 'momentum': 50.31, 'stability': 97.96, 'currency': 49.9}",CALCULATED,2025-09-08T20:12:58.805980+00:00,COR000111,Corporate-Industrial,BBB,641368272.9191415,12.616100465262871,71.35028942600894,BBB,Q2
73.24,LIN-BBB+,23.53,12.5,27.3,9.91,"{'duration': 100.0, 'spread': 39.28, 'liquidity': 26.36, 'momentum': 50.6, 'stability': 97.96, 'currency': 49.67}",CALCULATED,2025-09-08T20:12:58.806047+00:00,COR000112,Corporate-Industrial,A,4810320168.100615,3.2832563977845886,196.40147232058413,BBB,Q5 (Best)
74.65,LIN-BBB+,24.94,12.5,27.3,9.9,"{'duration': 100.0, 'spread': 37.6, 'liquidity': 43.04, 'momentum': 50.36, 'stability': 97.96, 'currency': 49.7}",CALCULATED,2025-09-08T20:12:58.806115+00:00,COR000113,Corporate-Industrial,A,704521822.299116,19.491267648712686,188.01385718002933,BBB,Q5 (Best)
65.39,LIN-BBB-,25.45,12.5,17.5,9.94,"{'duration': 100.0, 'spread': 50.34, 'liquidity': 28.99, 'momentum': 50.96, 'stability': 97.96, 'currency': 49.8}",CALCULATED,2025-09-08T20:12:58.806178+00:00,COR000114,Corporate-Industrial,BB,3550202221.907661,18.46697128371837,251.68528644875278,BBB,Q2
75.58,LIN-A-,25.86,12.5,27.3,9.93,"{'duration': 100.0, 'spread': 53.42, 'liquidity': 28.42, 'momentum': 50.79, 'stability': 97.96, 'currency': 49.76}",CALCULATED,2025-09-08T20:12:58.806243+00:00,COR000115,Corporate-Industrial,A,3792281219.4143434,9.41099487388986,267.11011868813296,A,Q5 (Best)
67.4,LIN-BBB-,17.7,12.5,27.3,9.91,"{'duration': 45.01, 'spread': 47.69, 'liquidity': 37.95, 'momentum': 50.41, 'stability': 97.96, 'currency': 49.75}",CALCULATED,2025-09-08T20:12:58.806309+00:00,COR000116,Corporate-Industrial,A,1266311484.0506282,14.054475736374936,238.43310178041725,BBB,Q3
60.79,LIN-BB+,11.1,12.5,27.3,9.89,"{'duration': 18.89, 'spread': 31.66, 'liquidity': 35.14, 'momentum': 50.19, 'stability': 97.96, 'currency': 49.71}",CALCULATED,2025-09-08T20:12:58.806407+00:00,COR000117,Corporate-Industrial,A,1750636695.7673662,5.20842175367066,158.29799224210115,BB,Q1 (Worst)
75.51,LIN-A-,25.8,12.5,27.3,9.91,"{'duration': 100.0, 'spread': 51.08, 'liquidity': 31.38, 'momentum': 50.44, 'stability': 97.96, 'currency': 49.82}",CALCULATED,2025-09-08T20:12:58.806488+00:00,COR000118,Corporate-Industrial,A,2699126817.6662636,12.926879201282768,255.38741727015847,A,Q5 (Best)
67.58,LIN-BBB-,17.88,12.5,27.3,9.9,"{'duration': 61.34, 'spread': 35.79, 'liquidity': 33.1, 'momentum': 50.17, 'stability': 97.96, 'currency': 49.88}",CALCULATED,2025-09-08T20:12:58.806574+00:00,COR000119,Corporate-Industrial,A,2213878834.689699,19.659333073019106,178.9594872450969,BBB,Q3
63.06,LIN-BB+,11.49,14.37,27.3,9.89,"{'duration': 26.57, 'spread': 34.21, 'liquidity': 23.69, 'momentum': 50.21, 'stability': 97.96, 'currency': 49.72}",CALCULATED,2025-09-08T20:12:58.806654+00:00,COR000000,Corporate-Financial,A,6538334900.244588,14.214993240454968,171.0724717026045,BB,Q1 (Worst)
76.26,LIN-A-,21.53,14.37,30.45,9.91,"{'duration': 100.0, 'spread': 18.11, 'liquidity': 38.1, 'momentum': 50.46, 'stability': 97.96, 'currency': 49.81}",CALCULATED,2025-09-08T20:12:58.806726+00:00,COR000001,Corporate-Financial,AA,1244348735.1482878,3.2352464556646665,90.56220024231149,A,Q5 (Best)
61.33,LIN-BB+,19.54,14.37,17.5,9.91,"{'duration': 83.73, 'spread': 28.19, 'liquidity': 27.54, 'momentum': 50.5, 'stability': 97.96, 'currency': 49.75}",CALCULATED,2025-09-08T20:12:58.806794+00:00,COR000002,Corporate-Financial,BB,4195217127.44698,7.779399697831738,140.9514845536575,BB,Q1 (Worst)
71.65,LIN-BBB,23.55,14.37,23.8,9.92,"{'duration': 100.0, 'spread': 35.55, 'liquidity': 32.22, 'momentum': 50.63, 'stability': 97.96, 'currency': 49.79}",CALCULATED,2025-09-08T20:12:58.806867+00:00,COR000003,Corporate-Financial,BBB,2448351006.191246,3.964527849176255,177.73034663831618,BBB,Q4
73.51,LIN-BBB+,21.91,14.37,27.3,9.92,"{'duration': 100.0, 'spread': 27.32, 'liquidity': 28.16, 'momentum': 50.45, 'stability': 97.96, 'currency': 49.91}",CALCULATED,2025-09-08T20:12:58.806933+00:00,COR000004,Corporate-Financial,A,3907316580.424708,7.740504544830844,136.61757259495076,BBB,Q5 (Best)
65.75,LIN-BBB-,10.98,14.37,30.45,9.94,"{'duration': 36.75, 'spread': 22.54, 'liquidity': 20.9, 'momentum': 50.9, 'stability': 97.96, 'currency': 49.96}",CALCULATED,2025-09-08T20:12:58.806996+00:00,COR000005,Corporate-Financial,AA,9012395553.982391,4.959022763275693,112.694725824883,BBB,Q2
63.26,LIN-BB+,11.69,14.37,27.3,9.89,"{'duration': 24.66, 'spread': 38.13, 'liquidity': 22.71, 'momentum': 50.09, 'stability': 97.96, 'currency': 49.75}",CALCULATED,2025-09-08T20:12:58.807060+00:00,COR000006,Corporate-Financial,A,7317255118.312038,13.190342210267664,190.64601429789468,BB,Q1 (Worst)
61.76,LIN-BB+,10.16,14.37,27.3,9.93,"{'duration': 15.1, 'spread': 30.56, 'liquidity': 33.1, 'momentum': 50.84, 'stability': 97.96, 'currency': 49.81}",CALCULATED,2025-09-08T20:12:58.807126+00:00,COR000007,Corporate-Financial,A,2214216907.112009,4.661541594680547,152.78892306386592,BB,Q1 (Worst)
67.67,LIN-BBB-,12.93,14.37,30.45,9.91,"{'duration': 24.71, 'spread': 41.1, 'liquidity': 30.63, 'momentum': 50.4, 'stability': 97.96, 'currency': 49.83}",CALCULATED,2025-09-08T20:12:58.807190+00:00,COR000008,Corporate-Financial,AA,2941176195.362851,10.371028825999788,205.50744581015582,BBB,Q3
67.14,LIN-BBB-,15.55,14.37,27.3,9.91,"{'duration': 60.83, 'spread': 28.91, 'liquidity': 20.93, 'momentum': 50.37, 'stability': 97.96, 'currency': 49.9}",CALCULATED,2025-09-08T20:12:58.807253+00:00,COR000009,Corporate-Financial,A,8982785979.443485,13.798456727239106,144.5549018851794,BBB,Q2
63.74,LIN-BB+,15.65,14.37,23.8,9.92,"{'duration': 37.74, 'spread': 47.46, 'liquidity': 28.68, 'momentum': 50.52, 'stability': 97.96, 'currency': 49.84}",CALCULATED,2025-09-08T20:12:58.807318+00:00,COR000010,Corporate-Financial,BBB,3679794122.627584,12.46009452832115,237.2907056202265,BB,Q2
57.6,LIN-BB+,9.51,14.37,23.8,9.92,"{'duration': 19.75, 'spread': 28.98, 'liquidity': 22.01, 'momentum': 50.5, 'stability': 97.96, 'currency': 49.84}",CALCULATED,2025-09-08T20:12:58.807380+00:00,COR000011,Corporate-Financial,BBB,7935968475.411671,2.0031962260459055,144.88980891363107,BB,Q1 (Worst)
70.07,LIN-BBB,18.49,14.37,27.3,9.91,"{'duration': 94.97, 'spread': 12.83, 'liquidity': 23.19, 'momentum': 50.49, 'stability': 97.96, 'currency': 49.74}",CALCULATED,2025-09-08T20:12:58.807444+00:00,COR000012,Corporate-Financial,A,6928468389.418991,9.80697662376442,64.14826586975772,BBB,Q3
66.86,LIN-BBB-,18.77,14.37,23.8,9.92,"{'duration': 88.44, 'spread': 13.28, 'liquidity': 35.1, 'momentum': 50.6, 'stability': 97.96, 'currency': 49.8}",CALCULATED,2025-09-08T20:12:58.807506+00:00,COR000013,Corporate-Financial,BBB,1758266763.4754212,3.9299871504524777,66.38106012631891,BBB,Q2
66.4,LIN-BBB-,11.66,14.37,30.45,9.91,"{'duration': 18.85, 'spread': 43.61, 'liquidity': 22.95, 'momentum': 50.37, 'stability': 97.96, 'currency': 49.82}",CALCULATED,2025-09-08T20:12:58.807569+00:00,COR000014,Corporate-Financial,AA,7116255607.603285,2.408945246650564,218.0431180393657,BBB,Q2
64.99,LIN-BB+,10.27,14.37,30.45,9.89,"{'duration': 39.34, 'spread': 12.16, 'liquidity': 25.49, 'momentum': 50.18, 'stability': 97.96, 'currency': 49.63}",CALCULATED,2025-09-08T20:12:58.807632+00:00,COR000015,Corporate-Financial,AA,5312068062.41931,12.150622905480194,60.78064593846248,BB,Q2
71.17,LIN-BBB,19.59,14.37,27.3,9.91,"{'duration': 100.0, 'spread': 17.11, 'liquidity': 20.22, 'momentum': 50.55, 'stability': 97.96, 'currency': 49.71}",CALCULATED,2025-09-08T20:12:58.807697+00:00,COR000016,Corporate-Financial,A,9749988697.76668,9.635933258986139,85.56033050739822,BBB,Q4
65.44,LIN-BBB-,23.66,14.37,17.5,9.91,"{'duration': 100.0, 'spread': 40.81, 'liquidity': 25.38, 'momentum': 50.4, 'stability': 97.96, 'currency': 49.83}",CALCULATED,2025-09-08T20:12:58.807764+00:00,COR000017,Corporate-Financial,BB,5380415667.571519,11.615178452185269,204.03316481758296,BBB,Q2
72.9,LIN-BBB+,21.31,14.37,27.3,9.91,"{'duration': 100.0, 'spread': 22.88, 'liquidity': 28.83, 'momentum': 50.44, 'stability': 97.96, 'currency': 49.78}",CALCULATED,2025-09-08T20:12:58.807828+00:00,COR000018,Corporate-Financial,A,3617620315.2362022,9.362222696727748,114.37642555639619,BBB,Q4
73.32,LIN-BBB+,18.59,14.37,30.45,9.9,"{'duration': 100.0, 'spread': 10.15, 'liquidity': 20.66, 'momentum': 50.46, 'stability': 97.96, 'currency': 49.67}",CALCULATED,2025-09-08T20:12:58.807940+00:00,COR000019,Corporate-Financial,AA,9264410035.58511,13.214136352682809,50.74022955306416,BBB,Q5 (Best)
75.57,LIN-A-,23.99,14.37,27.3,9.91,"{'duration': 100.0, 'spread': 43.53, 'liquidity': 24.58, 'momentum': 50.53, 'stability': 97.96, 'currency': 49.73}",CALCULATED,2025-09-08T20:12:58.808011+00:00,COR000020,Corporate-Financial,A,5900797908.390602,10.461760768900067,217.64302598768336,A,Q5 (Best)
59.25,LIN-BB+,11.17,14.37,23.8,9.9,"{'duration': 14.42, 'spread': 42.42, 'liquidity': 26.46, 'momentum': 50.24, 'stability': 97.96, 'currency': 49.88}",CALCULATED,2025-09-08T20:12:58.808076+00:00,COR000021,Corporate-Financial,BBB,4752955127.587353,4.703345133121218,212.08560791939848,BB,Q1 (Worst)
69.57,LIN-BBB,14.84,14.37,30.45,9.91,"{'duration': 43.43, 'spread': 38.57, 'liquidity': 25.36, 'momentum': 50.49, 'stability': 97.96, 'currency': 49.78}",CALCULATED,2025-09-08T20:12:58.808146+00:00,COR000022,Corporate-Financial,AA,5394605261.403454,10.099260467659535,192.83990210799396,BBB,Q3
62.84,LIN-BB+,14.75,14.37,23.8,9.91,"{'duration': 55.88, 'spread': 28.78, 'liquidity': 20.53, 'momentum': 50.36, 'stability': 97.96, 'currency': 49.92}",CALCULATED,2025-09-08T20:12:58.808239+00:00,COR000023,Corporate-Financial,BBB,9409680519.115856,6.571910516417082,143.91119617995355,BB,Q1 (Worst)
64.7,LIN-BB+,13.11,14.37,27.3,9.91,"{'duration': 61.86, 'spread': 12.17, 'liquidity': 20.06, 'momentum': 50.35, 'stability': 97.96, 'currency': 49.93}",CALCULATED,2025-09-08T20:12:58.808314+00:00,COR000024,Corporate-Financial,A,9933943183.642609,9.009751739624239,60.85160101233184,BB,Q2
71.19,LIN-BBB,19.58,14.37,27.3,9.93,"{'duration': 100.0, 'spread': 14.75, 'liquidity': 23.71, 'momentum': 50.67, 'stability': 97.96, 'currency': 49.94}",CALCULATED,2025-09-08T20:12:58.808380+00:00,COR000025,Corporate-Financial,A,6524484387.630026,9.559863265956462,73.76515738908327,BBB,Q4
67.5,LIN-BBB-,12.76,14.37,30.45,9.91,"{'duration': 54.43, 'spread': 15.46, 'liquidity': 22.81, 'momentum': 50.36, 'stability': 97.96, 'currency': 49.93}",CALCULATED,2025-09-08T20:12:58.808444+00:00,COR000026,Corporate-Financial,AA,7234903775.977404,13.594617470175228,77.28440017954753,BBB,Q3
71.51,LIN-BBB,23.41,14.37,23.8,9.92,"{'duration': 100.0, 'spread': 41.01, 'liquidity': 22.6, 'momentum': 50.77, 'stability': 97.96, 'currency': 49.73}",CALCULATED,2025-09-08T20:12:58.808511+00:00,COR000027,Corporate-Financial,BBB,7411197117.254175,12.951497469377562,205.06496241532386,BBB,Q4
61.07,LIN-BB+,12.98,14.37,23.8,9.92,"{'duration': 20.72, 'spread': 46.13, 'liquidity': 29.55, 'momentum': 50.56, 'stability': 97.96, 'currency': 49.82}",CALCULATED,2025-09-08T20:12:58.808576+00:00,COR000028,Corporate-Financial,BBB,3329347768.544175,10.13069079451043,230.64170871371178,BB,Q1 (Worst)
67.22,LIN-BBB-,12.5,14.37,30.45,9.9,"{'duration': 18.77, 'spread': 49.71, 'liquidity': 22.32, 'momentum': 50.24, 'stability': 97.96, 'currency': 49.7}",CALCULATED,2025-09-08T20:12:58.808640+00:00,COR000029,Corporate-Financial,AA,7653865002.247712,5.567504694885956,248.52674262772535,BBB,Q2
61.27,LIN-BB+,19.48,14.37,17.5,9.92,"{'duration': 100.0, 'spread': 13.3, 'liquidity': 24.84, 'momentum': 50.63, 'stability': 97.96, 'currency': 49.84}",CALCULATED,2025-09-08T20:12:58.808701+00:00,COR000030,Corporate-Financial,BB,5729815483.962378,7.41229717376151,66.48341787142547,BB,Q1 (Worst)
63.86,LIN-BB+,22.06,14.37,17.5,9.92,"{'duration': 100.0, 'spread': 30.58, 'liquidity': 24.76, 'momentum': 50.49, 'stability': 97.96, 'currency': 49.92}",CALCULATED,2025-09-08T20:12:58.808763+00:00,COR000031,Corporate-Financial,BB,5778632830.074583,4.850863516974034,152.90293284638156,BB,Q2
70.17,LIN-BBB,22.07,14.37,23.8,9.93,"{'duration': 100.0, 'spread': 29.68, 'liquidity': 26.14, 'momentum': 50.69, 'stability': 97.96, 'currency': 49.95}",CALCULATED,2025-09-08T20:12:58.808829+00:00,COR000032,Corporate-Financial,BBB,4931814293.913591,6.475323752861986,148.38819431815136,BBB,Q3
61.93,LIN-BB+,10.34,14.37,27.3,9.92,"{'duration': 26.29, 'spread': 26.47, 'liquidity': 24.22, 'momentum': 50.77, 'stability': 97.96, 'currency': 49.7}",CALCULATED,2025-09-08T20:12:58.808927+00:00,COR000033,Corporate-Financial,A,6151715981.441308,7.989399314786098,132.35083470319987,BB,Q1 (Worst)
59.87,LIN-BB+,11.78,14.37,23.8,9.91,"{'duration': 26.66, 'spread': 38.1, 'liquidity': 20.64, 'momentum': 50.5, 'stability': 97.96, 'currency': 49.77}",CALCULATED,2025-09-08T20:12:58.809053+00:00,COR000034,Corporate-Financial,BBB,9285585832.115643,14.161359078069376,190.5099308276451,BB,Q1 (Worst)
72.42,LIN-BBB+,17.67,14.37,30.45,9.93,"{'duration': 87.89, 'spread': 9.06, 'liquidity': 31.26, 'momentum': 50.71, 'stability': 97.96, 'currency': 49.94}",CALCULATED,2025-09-08T20:12:58.809126+00:00,COR000035,Corporate-Financial,AA,2736481278.432175,8.600657051522623,45.322271988442665,BBB,Q4
73.76,LIN-BBB+,22.17,14.37,27.3,9.91,"{'duration': 100.0, 'spread': 33.17, 'liquidity': 21.98, 'momentum': 50.32, 'stability': 97.96, 'currency': 49.87}",CALCULATED,2025-09-08T20:12:58.809193+00:00,COR000036,Corporate-Financial,A,7958201478.006729,11.72265689656505,165.82616359576468,BBB,Q5 (Best)
61.32,LIN-BB+,19.54,14.37,17.5,9.91,"{'duration': 100.0, 'spread': 12.54, 'liquidity': 26.59, 'momentum': 50.38, 'stability': 97.96, 'currency': 49.79}",CALCULATED,2025-09-08T20:12:58.809262+00:00,COR000037,Corporate-Financial,BB,4683139299.713369,6.3044939267392905,62.71176426400885,BB,Q1 (Worst)
69.22,LIN-BBB,17.64,14.37,27.3,9.91,"{'duration': 74.01, 'spread': 24.15, 'liquidity': 29.18, 'momentum': 50.29, 'stability': 97.96, 'currency': 49.88}",CALCULATED,2025-09-08T20:12:58.809327+00:00,COR000038,Corporate-Financial,A,3474745196.3608093,7.836521553106884,120.77476949858558,BBB,Q3
71.1,LIN-BBB,23.03,14.37,23.8,9.89,"{'duration': 100.0, 'spread': 39.28, 'liquidity': 21.38, 'momentum': 50.16, 'stability': 97.96, 'currency': 49.74}",CALCULATED,2025-09-08T20:12:58.809391+00:00,COR000039,Corporate-Financial,BBB,8526099180.63593,12.927579570716002,196.41211973826748,BBB,Q4
70.66,LIN-BBB,19.08,14.37,27.3,9.91,"{'duration': 95.26, 'spread': 11.7, 'liquidity': 30.35, 'momentum': 50.5, 'stability': 97.96, 'currency': 49.69}",CALCULATED,2025-09-08T20:12:58.809454+00:00,COR000040,Corporate-Financial,A,3035907581.8369966,11.243887856253652,58.51836131255881,BBB,Q3
64.86,LIN-BB+,13.27,14.37,27.3,9.91,"{'duration': 40.33, 'spread': 27.82, 'liquidity': 30.45, 'momentum': 50.57, 'stability': 97.96, 'currency': 49.74}",CALCULATED,2025-09-08T20:12:58.809518+00:00,COR000041,Corporate-Financial,A,3003689833.8057117,5.53898954386659,139.10426096916035,BB,Q2
61.44,LIN-BB+,9.85,14.37,27.3,9.92,"{'duration': 17.47, 'spread': 24.44, 'liquidity': 35.61, 'momentum': 50.67, 'stability': 97.96, 'currency': 49.83}",CALCULATED,2025-09-08T20:12:58.809584+00:00,COR000042,Corporate-Financial,A,1658173394.084033,14.955971945321647,122.18115184300565,BB,Q1 (Worst)
72.43,LIN-BBB+,17.69,14.37,30.45,9.92,"{'duration': 76.02, 'spread': 25.72, 'liquidity': 24.26, 'momentum': 50.71, 'stability': 97.96, 'currency': 49.68}",CALCULATED,2025-09-08T20:12:58.809648+00:00,COR000043,Corporate-Financial,AA,6125461655.815146,2.673362625276836,128.58645585928616,BBB,Q4
73.32,LIN-BBB+,21.72,14.37,27.3,9.92,"{'duration': 100.0, 'spread': 22.77, 'liquidity': 33.02, 'momentum': 50.76, 'stability': 97.96, 'currency': 49.75}",CALCULATED,2025-09-08T20:12:58.809710+00:00,COR000044,Corporate-Financial,A,2234204244.135168,3.535538346941493,113.85176599544961,BBB,Q5 (Best)
71.35,LIN-BBB,19.77,14.37,27.3,9.9,"{'duration': 66.57, 'spread': 47.15, 'liquidity': 27.13, 'momentum': 50.37, 'stability': 97.96, 'currency': 49.69}",CALCULATED,2025-09-08T20:12:58.809776+00:00,COR000045,Corporate-Financial,A,4401198326.543532,10.038362474187267,235.73422997183295,BBB,Q4
73.61,LIN-BBB+,22.01,14.37,27.3,9.92,"{'duration': 100.0, 'spread': 32.73, 'liquidity': 21.01, 'momentum': 50.66, 'stability': 97.96, 'currency': 49.82}",CALCULATED,2025-09-08T20:12:58.809866+00:00,COR000046,Corporate-Financial,A,8905505485.209862,11.723674643109337,163.66696475277237,BBB,Q5 (Best)
65.25,LIN-BBB-,17.16,14.37,23.8,9.92,"{'duration': 61.64, 'spread': 36.68, 'liquidity': 24.13, 'momentum': 50.65, 'stability': 97.96, 'currency': 49.75}",CALCULATED,2025-09-08T20:12:58.809960+00:00,COR000047,Corporate-Financial,BBB,6214910933.567555,7.57525742501132,183.4067270059842,BBB,Q2
67.28,LIN-BBB-,15.71,14.37,27.3,9.9,"{'duration': 35.19, 'spread': 46.41, 'liquidity': 34.67, 'momentum': 50.26, 'stability': 97.96, 'currency': 49.75}",CALCULATED,2025-09-08T20:12:58.810027+00:00,COR000048,Corporate-Financial,A,1846393291.3030264,5.381392338327201,232.027685316664,BBB,Q2
79.26,LIN-A,24.53,14.37,30.45,9.9,"{'duration': 100.0, 'spread': 47.04, 'liquidity': 24.74, 'momentum': 50.31, 'stability': 97.96, 'currency': 49.82}",CALCULATED,2025-09-08T20:12:58.810092+00:00,COR000049,Corporate-Financial,AA,5792643078.395921,2.159417019554023,235.18387334321395,A,Q5 (Best)
72.72,LIN-BBB+,21.13,14.37,27.3,9.91,"{'duration': 100.0, 'spread': 26.36, 'liquidity': 21.78, 'momentum': 50.32, 'stability': 97.96, 'currency': 49.97}",CALCULATED,2025-09-08T20:12:58.810156+00:00,COR000050,Corporate-Financial,A,8150932756.093306,10.723881910654391,131.8238378184534,BBB,Q4
68.57,LIN-BBB,16.98,14.37,27.3,9.91,"{'duration': 62.62, 'spread': 30.66, 'liquidity': 29.87, 'momentum': 50.55, 'stability': 97.96, 'currency': 49.75}",CALCULATED,2025-09-08T20:12:58.810218+00:00,COR000051,Corporate-Financial,A,3209221551.0595846,9.728144691937583,153.2875845909761,BBB,Q3
69.91,LIN-BBB,18.32,14.37,27.3,9.91,"{'duration': 72.68, 'spread': 35.31, 'liquidity': 21.22, 'momentum': 50.51, 'stability': 97.96, 'currency': 49.79}",CALCULATED,2025-09-08T20:12:58.810283+00:00,COR000052,Corporate-Financial,A,8692661587.402828,9.982183418171903,176.5695587243296,BBB,Q3
70.35,LIN-BBB,18.78,14.37,27.3,9.9,"{'duration': 71.94, 'spread': 33.35, 'liquidity': 29.84, 'momentum': 50.37, 'stability': 97.96, 'currency': 49.66}",CALCULATED,2025-09-08T20:12:58.810348+00:00,COR000053,Corporate-Financial,A,3219253030.190702,13.032211751909205,166.7645174177178,BBB,Q3
65.88,LIN-BBB-,14.29,14.37,27.3,9.91,"{'duration': 67.37, 'spread': 10.29, 'liquidity': 26.41, 'momentum': 50.56, 'stability': 97.96, 'currency': 49.69}",CALCULATED,2025-09-08T20:12:58.810412+00:00,COR000054,Corporate-Financial,A,4781875559.1968,6.5307480508455455,51.45219519885957,BBB,Q2
72.87,LIN-BBB+,24.8,14.37,23.8,9.9,"{'duration': 100.0, 'spread': 47.73, 'liquidity': 26.36, 'momentum': 50.11, 'stability': 97.96, 'currency': 49.88}",CALCULATED,2025-09-08T20:12:58.810475+00:00,COR000055,Corporate-Financial,BBB,4806739534.000177,12.715902799151456,238.65212125504806,BBB,Q4
51.89,LIN-BB,10.1,14.37,17.5,9.91,"{'duration': 11.65, 'spread': 35.92, 'liquidity': 29.63, 'momentum': 50.46, 'stability': 97.96, 'currency': 49.86}",CALCULATED,2025-09-08T20:12:58.810540+00:00,COR000056,Corporate-Financial,BB,3300912488.832521,8.944248749821686,179.6132171347461,BB,Q1 (Worst)
67.94,LIN-BBB-,13.2,14.37,30.45,9.92,"{'duration': 31.16, 'spread': 37.72, 'liquidity': 28.7, 'momentum': 50.63, 'stability': 97.96, 'currency': 49.76}",CALCULATED,2025-09-08T20:12:58.810627+00:00,COR000057,Corporate-Financial,AA,3672936470.6539545,4.141474178561426,188.58260886554916,BBB,Q3
59.98,LIN-BB+,8.39,14.37,27.3,9.91,"{'duration': 32.24, 'spread': 10.29, 'liquidity': 20.16, 'momentum': 50.52, 'stability': 97.96, 'currency': 49.81}",CALCULATED,2025-09-08T20:12:58.810692+00:00,COR000058,Corporate-Financial,A,9817258013.8628,4.167311075747277,51.425412317664595,BB,Q1 (Worst)
68.71,LIN-BBB,20.61,14.37,23.8,9.92,"{'duration': 100.0, 'spread': 24.05, 'liquidity': 20.01, 'momentum': 50.71, 'stability': 97.96, 'currency': 49.83}",CALCULATED,2025-09-08T20:12:58.810755+00:00,COR000059,Corporate-Financial,BBB,9989085473.037167,3.7361074951644775,120.25281827834,BBB,Q3
67.33,LIN-BBB-,15.75,14.37,27.3,9.91,"{'duration': 51.64, 'spread': 39.02, 'liquidity': 21.52, 'momentum': 50.4, 'stability': 97.96, 'currency': 49.74}",CALCULATED,2025-09-08T20:12:58.810818+00:00,COR000060,Corporate-Financial,A,8396900435.915142,6.350758581510339,195.0761157974767,BBB,Q3
73.5,LIN-BBB+,21.92,14.37,27.3,9.9,"{'duration': 100.0, 'spread': 30.96, 'liquidity': 22.79, 'momentum': 50.25, 'stability': 97.96, 'currency': 49.88}",CALCULATED,2025-09-08T20:12:58.810911+00:00,COR000061,Corporate-Financial,A,7255991746.106865,13.835797239957172,154.80208693614804,BBB,Q5 (Best)
72.95,LIN-BBB+,24.86,14.37,23.8,9.91,"{'duration': 100.0, 'spread': 43.07, 'liquidity': 34.0, 'momentum': 50.63, 'stability': 97.96, 'currency': 49.69}",CALCULATED,2025-09-08T20:12:58.810989+00:00,COR000062,Corporate-Financial,BBB,1995680800.2877562,5.49962206194698,215.37316346338838,BBB,Q4
69.3,LIN-BBB,14.57,14.37,30.45,9.91,"{'duration': 57.9, 'spread': 25.13, 'liquidity': 21.14, 'momentum': 50.54, 'stability': 97.96, 'currency': 49.71}",CALCULATED,2025-09-08T20:12:58.811054+00:00,COR000063,Corporate-Financial,AA,8766673031.7214,14.22959776798833,125.64231522394941,BBB,Q3
67.85,LIN-BBB-,13.12,14.37,30.45,9.91,"{'duration': 24.52, 'spread': 47.75, 'liquidity': 22.8, 'momentum': 50.49, 'stability': 97.96, 'currency': 49.73}",CALCULATED,2025-09-08T20:12:58.811122+00:00,COR000064,Corporate-Financial,AA,7241940873.892295,9.49311177559766,238.72755265226695,BBB,Q3
63.08,LIN-BB+,21.3,14.37,17.5,9.91,"{'duration': 90.35, 'spread': 32.08, 'liquidity': 29.38, 'momentum': 50.46, 'stability': 97.96, 'currency': 49.68}",CALCULATED,2025-09-08T20:12:58.811185+00:00,COR000065,Corporate-Financial,BB,3397193476.782498,11.750353015669608,160.3763927307945,BB,Q1 (Worst)
67.3,LIN-BBB-,19.21,14.37,23.8,9.92,"{'duration': 100.0, 'spread': 11.53, 'liquidity': 24.78, 'momentum': 50.59, 'stability': 97.96, 'currency': 49.86}",CALCULATED,2025-09-08T20:12:58.811249+00:00,COR000066,Corporate-Financial,BBB,5766657247.202913,4.9697148874000305,57.668194199532664,BBB,Q2
72.41,LIN-BBB+,24.33,14.37,23.8,9.91,"{'duration': 100.0, 'spread': 45.28, 'liquidity': 25.41, 'momentum': 50.46, 'stability': 97.96, 'currency': 49.73}",CALCULATED,2025-09-08T20:12:58.811315+00:00,COR000067,Corporate-Financial,BBB,5362328684.566217,2.011829642184047,226.37967873142324,BBB,Q4
72.84,LIN-BBB+,21.26,14.37,27.3,9.9,"{'duration': 100.0, 'spread': 23.29, 'liquidity': 27.67, 'momentum': 50.44, 'stability': 97.96, 'currency': 49.7}",CALCULATED,2025-09-08T20:12:58.811383+00:00,COR000068,Corporate-Financial,A,4137361058.559574,8.42054384634061,116.46346557914681,BBB,Q4
64.22,LIN-BB+,9.48,14.37,30.45,9.91,"{'duration': 18.02, 'spread': 29.8, 'liquidity': 23.06, 'momentum': 50.57, 'stability': 97.96, 'currency': 49.71}",CALCULATED,2025-09-08T20:12:58.811448+00:00,COR000069,Corporate-Financial,AA,7031497660.438427,10.803427774088316,149.0026119866915,BB,Q2
55.87,LIN-BB+,14.08,14.37,17.5,9.92,"{'duration': 59.28, 'spread': 12.43, 'liquidity': 33.22, 'momentum': 50.72, 'stability': 97.96, 'currency': 49.67}",CALCULATED,2025-09-08T20:12:58.811512+00:00,COR000070,Corporate-Financial,BB,2182075385.6996794,4.086140732327989,62.128974230280456,BB,Q1 (Worst)
76.59,LIN-A-,25.01,14.37,27.3,9.9,"{'duration': 100.0, 'spread': 42.1, 'liquidity': 36.97, 'momentum': 50.43, 'stability': 97.96, 'currency': 49.69}",CALCULATED,2025-09-08T20:12:58.811577+00:00,COR000071,Corporate-Financial,A,1416684307.038248,5.344622437963608,210.49282610545941,A,Q5 (Best)
75.42,LIN-A-,23.84,14.37,27.3,9.91,"{'duration': 97.16, 'spread': 46.25, 'liquidity': 23.23, 'momentum': 50.36, 'stability': 97.96, 'currency': 49.94}",CALCULATED,2025-09-08T20:12:58.811639+00:00,COR000072,Corporate-Financial,A,6892208698.61014,13.73245177587308,231.2529756085053,A,Q5 (Best)
73.45,LIN-BBB+,18.7,14.37,30.45,9.92,"{'duration': 100.0, 'spread': 9.75, 'liquidity': 22.39, 'momentum': 50.5, 'stability': 97.96, 'currency': 49.94}",CALCULATED,2025-09-08T20:12:58.811707+00:00,COR000073,Corporate-Financial,AA,7597484629.079544,6.254390896702506,48.74742367992394,BBB,Q5 (Best)
66.62,LIN-BBB-,18.53,14.37,23.8,9.92,"{'duration': 100.0, 'spread': 9.32, 'liquidity': 21.3, 'momentum': 50.63, 'stability': 97.96, 'currency': 49.83}",CALCULATED,2025-09-08T20:12:58.811771+00:00,COR000074,Corporate-Financial,BBB,8612126381.388014,9.240571625816559,46.62352462187578,BBB,Q2
68.7,LIN-BBB,13.97,14.37,30.45,9.9,"{'duration': 41.87, 'spread': 36.06, 'liquidity': 22.83, 'momentum': 50.46, 'stability': 97.96, 'currency': 49.61}",CALCULATED,2025-09-08T20:12:58.811833+00:00,COR000075,Corporate-Financial,AA,7220657405.40825,10.935455067107538,180.3232755561733,BBB,Q3
70.36,LIN-BBB,18.78,14.37,27.3,9.91,"{'duration': 100.0, 'spread': 8.91, 'liquidity': 24.42, 'momentum': 50.65, 'stability': 97.96, 'currency': 49.52}",CALCULATED,2025-09-08T20:12:58.812110+00:00,COR000076,Corporate-Financial,A,6009697087.462746,9.104788209852876,44.55339180292494,BBB,Q3
64.88,LIN-BB+,16.79,14.37,23.8,9.91,"{'duration': 49.94, 'spread': 48.0, 'liquidity': 21.03, 'momentum': 50.45, 'stability': 97.96, 'currency': 49.87}",CALCULATED,2025-09-08T20:12:58.812250+00:00,COR000077,Corporate-Financial,BBB,8880538011.807526,6.937957431196445,240.0062193316209,BB,Q2
64.24,LIN-BB+,12.66,14.37,27.3,9.9,"{'duration': 49.76, 'spread': 21.22, 'liquidity': 20.11, 'momentum': 50.47, 'stability': 97.96, 'currency': 49.66}",CALCULATED,2025-09-08T20:12:58.812337+00:00,COR000078,Corporate-Financial,A,9875612325.236391,10.327262772669048,106.09168765404702,BB,Q2
63.57,LIN-BB+,11.99,14.37,27.3,9.91,"{'duration': 24.76, 'spread': 36.43, 'liquidity': 28.08, 'momentum': 50.44, 'stability': 97.96, 'currency': 49.85}",CALCULATED,2025-09-08T20:12:58.812408+00:00,COR000079,Corporate-Financial,A,3944600126.769248,4.334333672404421,182.16238097322184,BB,Q1 (Worst)
68.42,LIN-BBB,20.32,14.37,23.8,9.92,"{'duration': 100.0, 'spread': 20.46, 'liquidity': 22.56, 'momentum': 50.67, 'stability': 97.96, 'currency': 49.86}",CALCULATED,2025-09-08T20:12:58.812490+00:00,COR000080,Corporate-Financial,BBB,7446928794.574584,14.410731502437965,102.27664858633435,BBB,Q3
59.76,LIN-BB+,8.17,14.37,27.3,9.91,"{'duration': 20.68, 'spread': 17.16, 'liquidity': 24.94, 'momentum': 50.51, 'stability': 97.96, 'currency': 49.83}",CALCULATED,2025-09-08T20:12:58.812561+00:00,COR000081,Corporate-Financial,A,5661853308.007833,13.805814800661768,85.81614239179453,BB,Q1 (Worst)
66.71,LIN-BBB-,15.12,14.37,27.3,9.92,"{'duration': 45.94, 'spread': 39.03, 'liquidity': 23.74, 'momentum': 50.58, 'stability': 97.96, 'currency': 49.79}",CALCULATED,2025-09-08T20:12:58.812626+00:00,COR000082,Corporate-Financial,A,6500863411.282949,3.6807415314365124,195.15462261896465,BBB,Q2
59.08,LIN-BB+,10.98,14.37,23.8,9.92,"{'duration': 36.35, 'spread': 21.79, 'liquidity': 22.63, 'momentum': 50.5, 'stability': 97.96, 'currency': 49.89}",CALCULATED,2025-09-08T20:12:58.812691+00:00,COR000083,Corporate-Financial,BBB,7386921224.941624,11.147522825383172,108.9656841967184,BB,Q1 (Worst)
73.68,LIN-BBB+,18.94,14.37,30.45,9.91,"{'duration': 79.22, 'spread': 26.58, 'liquidity': 30.73, 'momentum': 50.53, 'stability': 97.96, 'currency': 49.69}",CALCULATED,2025-09-08T20:12:58.812755+00:00,COR000084,Corporate-Financial,AA,2906806361.4038186,8.356682557614878,132.8998016514193,BBB,Q5 (Best)
69.28,LIN-BBB,21.17,14.37,23.8,9.93,"{'duration': 100.0, 'spread': 25.02, 'liquidity': 24.14, 'momentum': 50.97, 'stability': 97.96, 'currency': 49.76}",CALCULATED,2025-09-08T20:12:58.813004+00:00,COR000085,Corporate-Financial,BBB,6212048228.346233,4.247275239074771,125.11539883266992,BBB,Q3
75.83,LIN-A-,24.23,14.37,27.3,9.92,"{'duration': 100.0, 'spread': 42.55, 'liquidity': 28.46, 'momentum': 50.52, 'stability': 97.96, 'currency': 49.97}",CALCULATED,2025-09-08T20:12:58.813086+00:00,COR000086,Corporate-Financial,A,3775707425.6015944,3.222975587774882,212.7303613114785,A,Q5 (Best)
66.79,LIN-BBB-,18.71,14.37,23.8,9.91,"{'duration': 88.32, 'spread': 12.6, 'liquidity': 35.75, 'momentum': 50.37, 'stability': 97.96, 'currency': 49.77}",CALCULATED,2025-09-08T20:12:58.813164+00:00,COR000087,Corporate-Financial,BBB,1631649153.7573504,2.323062186154464,62.99862244638898,BBB,Q2
67.81,LIN-BBB-,13.07,14.37,30.45,9.92,"{'duration': 22.28, 'spread': 38.4, 'liquidity': 39.63, 'momentum': 50.63, 'stability': 97.96, 'currency': 49.71}",CALCULATED,2025-09-08T20:12:58.813231+00:00,COR000088,Corporate-Financial,AA,1043515050.3225844,2.4745423174775234,191.99906924398752,BBB,Q3
71.96,LIN-BBB,23.88,14.37,23.8,9.91,"{'duration': 100.0, 'spread': 44.73, 'liquidity': 21.67, 'momentum': 50.45, 'stability': 97.96, 'currency': 49.76}",CALCULATED,2025-09-08T20:12:58.813297+00:00,COR000089,Corporate-Financial,BBB,8251184527.169217,9.180345333535726,223.64194679077247,BBB,Q4
63.6,LIN-BB+,8.89,14.37,30.45,9.89,"{'duration': 26.87, 'spread': 14.06, 'liquidity': 27.52, 'momentum': 50.19, 'stability': 97.96, 'currency': 49.62}",CALCULATED,2025-09-08T20:12:58.813362+00:00,COR000090,Corporate-Financial,AA,4206773416.5655713,6.292574610331722,70.28092264020226,BB,Q1 (Worst)
62.61,LIN-BB+,11.0,14.37,27.3,9.93,"{'duration': 42.42, 'spread': 14.43, 'liquidity': 24.73, 'momentum': 50.83, 'stability': 97.96, 'currency': 49.89}",CALCULATED,2025-09-08T20:12:58.813429+00:00,COR000091,Corporate-Financial,A,5800441668.4523945,8.297643898774194,72.14637279876155,BB,Q1 (Worst)
72.61,LIN-BBB+,24.53,14.37,23.8,9.91,"{'duration': 100.0, 'spread': 48.17, 'liquidity': 23.02, 'momentum': 50.53, 'stability': 97.96, 'currency': 49.68}",CALCULATED,2025-09-08T20:12:58.813496+00:00,COR000092,Corporate-Financial,BBB,7066002996.459272,7.576421140446839,240.83324868554215,BBB,Q4
70.94,LIN-BBB,22.87,14.37,23.8,9.9,"{'duration': 100.0, 'spread': 35.59, 'liquidity': 25.29, 'momentum': 50.26, 'stability': 97.96, 'currency': 49.84}",CALCULATED,2025-09-08T20:12:58.813562+00:00,COR000093,Corporate-Financial,BBB,5441730620.487077,7.176699185333977,177.93205673028208,BBB,Q4
72.58,LIN-BBB+,24.5,14.37,23.8,9.9,"{'duration': 100.0, 'spread': 44.51, 'liquidity': 28.21, 'momentum': 50.31, 'stability': 97.96, 'currency': 49.78}",CALCULATED,2025-09-08T20:12:58.813627+00:00,COR000094,Corporate-Financial,BBB,3884045526.224781,9.045768785807454,222.57136889293977,BBB,Q4
72.41,LIN-BBB+,20.84,14.37,27.3,9.89,"{'duration': 100.0, 'spread': 23.5, 'liquidity': 23.16, 'momentum': 50.01, 'stability': 97.96, 'currency': 49.82}",CALCULATED,2025-09-08T20:12:58.813692+00:00,COR000095,Corporate-Financial,A,6952431029.476341,12.65481610177886,117.49173878709534,BBB,Q4
71.1,LIN-BBB,19.53,14.37,27.3,9.9,"{'duration': 98.76, 'spread': 14.84, 'liquidity': 24.84, 'momentum': 50.42, 'stability': 97.96, 'currency': 49.66}",CALCULATED,2025-09-08T20:12:58.813762+00:00,COR000096,Corporate-Financial,A,5726742525.937159,5.953843238887605,74.20889674310155,BBB,Q4
65.9,LIN-BBB-,14.31,14.37,27.3,9.91,"{'duration': 67.17, 'spread': 12.24, 'liquidity': 24.03, 'momentum': 50.54, 'stability': 97.96, 'currency': 49.78}",CALCULATED,2025-09-08T20:12:58.813833+00:00,COR000097,Corporate-Financial,A,6288095932.653275,6.8991245153265925,61.22266703020636,BBB,Q2
64.28,LIN-BB+,12.69,14.37,27.3,9.91,"{'duration': 23.26, 'spread': 41.94, 'liquidity': 29.08, 'momentum': 50.6, 'stability': 97.96, 'currency': 49.73}",CALCULATED,2025-09-08T20:12:58.813903+00:00,COR000098,Corporate-Financial,A,3516007567.7968693,3.6359686695949733,209.68646563477037,BB,Q2
75.43,LIN-A-,20.67,14.37,30.45,9.93,"{'duration': 100.0, 'spread': 20.06, 'liquidity': 26.61, 'momentum': 50.81, 'stability': 97.96, 'currency': 49.85}",CALCULATED,2025-09-08T20:12:58.814007+00:00,COR000099,Corporate-Financial,AA,4670063002.859445,8.415279318853003,100.31410795274222,A,Q5 (Best)
75.09,LIN-A-,20.35,14.37,30.45,9.92,"{'duration': 62.54, 'spread': 46.54, 'liquidity': 39.86, 'momentum': 50.62, 'stability': 97.96, 'currency': 49.77}",CALCULATED,2025-09-08T20:12:58.814081+00:00,COR000100,Corporate-Financial,AA,1016529009.7563633,10.206412972020685,232.71729777015634,A,Q5 (Best)
66.52,LIN-BBB-,11.78,14.37,30.45,9.92,"{'duration': 25.11, 'spread': 31.89, 'liquidity': 32.32, 'momentum': 50.56, 'stability': 97.96, 'currency': 49.8}",CALCULATED,2025-09-08T20:12:58.814160+00:00,COR000101,Corporate-Financial,AA,2422217110.549399,11.726283786226581,159.43694376183097,BBB,Q2
72.09,LIN-BBB+,17.34,14.37,30.45,9.92,"{'duration': 54.83, 'spread': 41.52, 'liquidity': 28.89, 'momentum': 50.76, 'stability': 97.96, 'currency': 49.72}",CALCULATED,2025-09-08T20:12:58.814235+00:00,COR000102,Corporate-Financial,AA,3593158299.548965,12.129093613103013,207.5999962107906,BBB,Q4
72.64,LIN-BBB+,21.05,14.37,27.3,9.91,"{'duration': 92.95, 'spread': 32.43, 'liquidity': 22.43, 'momentum': 50.43, 'stability': 97.96, 'currency': 49.81}",CALCULATED,2025-09-08T20:12:58.814315+00:00,COR000103,Corporate-Financial,A,7555993670.623878,11.38946154020702,162.1717941872908,BBB,Q4
69.86,LIN-BBB,15.12,14.37,30.45,9.91,"{'duration': 37.19, 'spread': 47.17, 'liquidity': 24.65, 'momentum': 50.46, 'stability': 97.96, 'currency': 49.87}",CALCULATED,2025-09-08T20:12:58.814388+00:00,COR000104,Corporate-Financial,AA,5853127912.948295,5.056118384310773,235.86350689735352,BBB,Q3
74.0,LIN-BBB+,19.26,14.37,30.45,9.91,"{'duration': 99.87, 'spread': 15.2, 'liquidity': 20.02, 'momentum': 50.54, 'stability': 97.96, 'currency': 49.69}",CALCULATED,2025-09-08T20:12:58.814463+00:00,COR000105,Corporate-Financial,AA,9976723727.117735,4.827250335187292,75.97900189652779,BBB,Q5 (Best)
68.22,LIN-BBB,16.63,14.37,27.3,9.92,"{'duration': 68.57, 'spread': 24.05, 'liquidity': 27.36, 'momentum': 50.62, 'stability': 97.96, 'currency': 49.84}",CALCULATED,2025-09-08T20:12:58.814539+00:00,COR000106,Corporate-Financial,A,4284948389.7410364,5.469974711195711,120.23142152111753,BBB,Q3
65.67,LIN-BBB-,14.09,14.37,27.3,9.91,"{'duration': 50.67, 'spread': 25.5, 'liquidity': 26.65, 'momentum': 50.2, 'stability': 97.96, 'currency': 49.94}",CALCULATED,2025-09-08T20:12:58.814622+00:00,COR000107,Corporate-Financial,A,4650668340.446568,7.701140623591246,127.4921991050406,BBB,Q2
78.03,LIN-A,23.3,14.37,30.45,9.91,"{'duration': 92.97, 'spread': 43.31, 'liquidity': 28.56, 'momentum': 50.42, 'stability': 97.96, 'currency': 49.84}",CALCULATED,2025-09-08T20:12:58.814699+00:00,COR000108,Corporate-Financial,AA,3731013565.8667645,2.7185713244919345,216.54069073793866,A,Q5 (Best)
68.54,LIN-BBB,20.46,14.37,23.8,9.9,"{'duration': 100.0, 'spread': 21.75, 'liquidity': 21.98, 'momentum': 50.39, 'stability': 97.96, 'currency': 49.72}",CALCULATED,2025-09-08T20:12:58.814778+00:00,COR000109,Corporate-Financial,BBB,7961510287.993742,12.856136703594425,108.7628842860509,BBB,Q3
70.61,LIN-BBB,22.53,14.37,23.8,9.91,"{'duration': 100.0, 'spread': 33.09, 'liquidity': 25.62, 'momentum': 50.33, 'stability': 97.96, 'currency': 49.89}",CALCULATED,2025-09-08T20:12:58.814853+00:00,COR000110,Corporate-Financial,BBB,5234087626.034972,12.7715069365336,165.43375054757425,BBB,Q3
77.77,LIN-A-,23.04,14.37,30.45,9.91,"{'duration': 100.0, 'spread': 36.55, 'liquidity': 25.58, 'momentum': 50.34, 'stability': 97.96, 'currency': 49.84}",CALCULATED,2025-09-08T20:12:58.814945+00:00,COR000111,Corporate-Financial,AA,5260928107.606974,3.2574126412268347,182.74282547597397,A,Q5 (Best)
69.64,LIN-BBB,18.05,14.37,27.3,9.91,"{'duration': 86.59, 'spread': 19.46, 'liquidity': 21.48, 'momentum': 50.56, 'stability': 97.96, 'currency': 49.76}",CALCULATED,2025-09-08T20:12:58.815035+00:00,COR000112,Corporate-Financial,A,8438135760.574547,8.730783574971568,97.3111150291916,BBB,Q3
66.87,LIN-BBB-,18.79,14.37,23.8,9.9,"{'duration': 85.69, 'spread': 24.93, 'liquidity': 21.98, 'momentum': 50.31, 'stability': 97.96, 'currency': 49.79}",CALCULATED,2025-09-08T20:12:58.815110+00:00,COR000113,Corporate-Financial,BBB,7960937007.055245,9.607733992548198,124.63096626165462,BBB,Q2
64.39,LIN-BB+,12.8,14.37,27.3,9.92,"{'duration': 19.6, 'spread': 49.77, 'liquidity': 23.91, 'momentum': 50.58, 'stability': 97.96, 'currency': 49.91}",CALCULATED,2025-09-08T20:12:58.815186+00:00,COR000114,Corporate-Financial,A,6372521844.072448,11.060069172531131,248.85595262840073,BB,Q2
71.73,LIN-BBB,16.98,14.37,30.45,9.92,"{'duration': 74.29, 'spread': 14.77, 'liquidity': 36.23, 'momentum': 50.6, 'stability': 97.96, 'currency': 49.84}",CALCULATED,2025-09-08T20:12:58.815260+00:00,COR000115,Corporate-Financial,AA,1543246856.7815423,14.932829478752874,73.85950893712926,BBB,Q4
57.81,LIN-BB+,16.04,14.37,17.5,9.89,"{'duration': 38.97, 'spread': 45.21, 'liquidity': 34.14, 'momentum': 50.31, 'stability': 97.96, 'currency': 49.61}",CALCULATED,2025-09-08T20:12:58.815332+00:00,COR000116,Corporate-Financial,BB,1964007396.7470183,13.04990045608624,226.04192542867173,BB,Q1 (Worst)
63.69,LIN-BB+,21.9,14.37,17.5,9.91,"{'duration': 85.41, 'spread': 42.31, 'liquidity': 27.42, 'momentum': 50.4, 'stability': 97.96, 'currency': 49.88}",CALCULATED,2025-09-08T20:12:58.815406+00:00,COR000117,Corporate-Financial,BB,4256964908.0010796,5.404153384009522,211.56375185214398,BB,Q2
64.57,LIN-BB+,22.79,14.37,17.5,9.9,"{'duration': 100.0, 'spread': 31.05, 'liquidity': 31.36, 'momentum': 50.27, 'stability': 97.96, 'currency': 49.83}",CALCULATED,2025-09-08T20:12:58.815476+00:00,COR000118,Corporate-Financial,BB,2705432613.590208,8.330360725617968,155.24703156859556,BB,Q2
61.51,LIN-BB+,9.93,14.37,27.3,9.91,"{'duration': 13.84, 'spread': 29.71, 'liquidity': 33.94, 'momentum': 50.35, 'stability': 97.96, 'currency': 49.9}",CALCULATED,2025-09-08T20:12:58.815544+00:00,COR000119,Corporate-Financial,A,2009586305.7337995,13.269184323020976,148.54400257287244,BB,Q1 (Worst)
64.3,LIN-BB+,9.56,14.37,30.45,9.91,"{'duration': 11.54, 'spread': 38.63, 'liquidity': 20.39, 'momentum': 50.44, 'stability': 97.96, 'currency': 49.72}",CALCULATED,2025-09-08T20:12:58.815617+00:00,COR000120,Corporate-Financial,AA,9555817550.326454,4.669963965921431,193.14732699535514,BB,Q2
62.86,LIN-BB+,11.28,14.37,27.3,9.9,"{'duration': 15.24, 'spread': 43.29, 'liquidity': 25.01, 'momentum': 50.32, 'stability': 97.96, 'currency': 49.79}",CALCULATED,2025-09-08T20:12:58.815686+00:00,COR000121,Corporate-Financial,A,5615311860.011506,13.115514494148453,216.42930402229442,BB,Q1 (Worst)
72.3,LIN-BBB+,24.2,14.37,23.8,9.93,"{'duration': 100.0, 'spread': 44.92, 'liquidity': 24.6, 'momentum': 50.62, 'stability': 97.96, 'currency': 49.95}",CALCULATED,2025-09-08T20:12:58.815756+00:00,COR000122,Corporate-Financial,BBB,5886061997.406222,3.4874600502254873,224.5845594916652,BBB,Q4
70.34,LIN-BBB,18.75,14.37,27.3,9.91,"{'duration': 80.8, 'spread': 22.97, 'liquidity': 31.81, 'momentum': 50.56, 'stability': 97.96, 'currency': 49.77}",CALCULATED,2025-09-08T20:12:58.815823+00:00,COR000123,Corporate-Financial,A,2566053388.56784,7.673002799310599,114.85881389596781,BBB,Q3
59.12,LIN-BB+,11.03,14.37,23.8,9.91,"{'duration': 39.97, 'spread': 14.65, 'liquidity': 28.43, 'momentum': 50.62, 'stability': 97.96, 'currency': 49.68}",CALCULATED,2025-09-08T20:12:58.815897+00:00,COR000124,Corporate-Financial,BBB,3789405786.0601296,12.152627090960909,73.22926796159908,BB,Q1 (Worst)
63.88,LIN-BB+,22.08,14.37,17.5,9.93,"{'duration': 100.0, 'spread': 28.39, 'liquidity': 28.19, 'momentum': 50.78, 'stability': 97.96, 'currency': 49.8}",CALCULATED,2025-09-08T20:12:58.816012+00:00,COR000125,Corporate-Financial,BB,3894001700.165238,6.420398779909992,141.9685829054178,BB,Q2
54.7,LIN-BB,12.92,14.37,17.5,9.9,"{'duration': 36.51, 'spread': 29.9, 'liquidity': 29.62, 'momentum': 50.4, 'stability': 97.96, 'currency': 49.7}",CALCULATED,2025-09-08T20:12:58.816090+00:00,COR000126,Corporate-Financial,BB,3303401653.679912,12.960870387290003,149.508801365805,BB,Q1 (Worst)
57.86,LIN-BB+,6.26,14.37,27.3,9.92,"{'duration': 15.17, 'spread': 9.45, 'liquidity': 25.71, 'momentum': 50.61, 'stability': 97.96, 'currency': 49.9}",CALCULATED,2025-09-08T20:12:58.816163+00:00,COR000127,Corporate-Financial,A,5183539129.668232,9.706205432475313,47.225725047367156,BB,Q1 (Worst)
64.45,LIN-BB+,22.65,14.37,17.5,9.92,"{'duration': 100.0, 'spread': 36.77, 'liquidity': 21.33, 'momentum': 50.57, 'stability': 97.96, 'currency': 49.95}",CALCULATED,2025-09-08T20:12:58.816273+00:00,COR000128,Corporate-Financial,BB,8584619701.363168,14.329307903693714,183.86260343102154,BB,Q2
66.56,LIN-BBB-,18.45,14.37,23.8,9.93,"{'duration': 71.29, 'spread': 25.97, 'liquidity': 38.62, 'momentum': 50.87, 'stability': 97.96, 'currency': 49.87}",CALCULATED,2025-09-08T20:12:58.816363+00:00,COR000129,Corporate-Financial,BBB,1172173448.435412,5.984257611216542,129.84284801924582,BBB,Q2
74.63,LIN-BBB+,18.97,12.5,33.25,9.91,"{'duration': 97.18, 'spread': 15.97, 'liquidity': 20, 'momentum': 50.48, 'stability': 97.96, 'currency': 49.79}",CALCULATED,2025-09-08T20:12:58.816434+00:00,SEC000000,Securitized-MBS,AAA,16948042900.851974,15.56438471273416,79.835835156923,BBB,Q5 (Best)
67.0,LIN-BBB-,11.32,12.5,33.25,9.93,"{'duration': 51.08, 'spread': 6.08, 'liquidity': 27.45, 'momentum': 50.88, 'stability': 97.96, 'currency': 49.79}",CALCULATED,2025-09-08T20:12:58.816503+00:00,SEC000001,Securitized-MBS,AAA,4243644343.622359,26.926192538096352,30.399393506650235,BBB,Q2
69.55,LIN-BBB,13.88,12.5,33.25,9.92,"{'duration': 71.78, 'spread': 6.55, 'liquidity': 21.31, 'momentum': 50.62, 'stability': 97.96, 'currency': 49.78}",CALCULATED,2025-09-08T20:12:58.816570+00:00,SEC000002,Securitized-MBS,AAA,8604468192.66151,9.500079260696829,32.765273405308236,BBB,Q3
57.07,LIN-BB+,7.35,12.5,27.3,9.91,"{'duration': 17.13, 'spread': 18.56, 'liquidity': 20, 'momentum': 50.34, 'stability': 97.96, 'currency': 49.98}",CALCULATED,2025-09-08T20:12:58.816639+00:00,SEC000003,Securitized-MBS,A,18838514223.22263,27.25454309010832,92.78027217897062,BB,Q1 (Worst)
67.05,LIN-BBB-,17.34,12.5,27.3,9.91,"{'duration': 90.56, 'spread': 11.42, 'liquidity': 20.39, 'momentum': 50.38, 'stability': 97.96, 'currency': 49.88}",CALCULATED,2025-09-08T20:12:58.816704+00:00,SEC000004,Securitized-MBS,A,9555551353.169891,13.990672801391325,57.11218111995172,BBB,Q2
67.81,LIN-BBB-,12.16,12.5,33.25,9.9,"{'duration': 47.64, 'spread': 14.57, 'liquidity': 28.26, 'momentum': 50.32, 'stability': 97.96, 'currency': 49.81}",CALCULATED,2025-09-08T20:12:58.816771+00:00,SEC000005,Securitized-MBS,AAA,3864941926.7074885,14.65467896053436,72.83543605615759,BBB,Q3
67.4,LIN-BBB-,11.75,12.5,33.25,9.91,"{'duration': 55.89, 'spread': 6.37, 'liquidity': 24.07, 'momentum': 50.42, 'stability': 97.96, 'currency': 49.74}",CALCULATED,2025-09-08T20:12:58.816836+00:00,SEC000006,Securitized-MBS,AAA,6260341926.456383,9.459519979356799,31.86573161506854,BBB,Q3
73.71,LIN-BBB+,18.05,12.5,33.25,9.91,"{'duration': 86.46, 'spread': 16.41, 'liquidity': 26.18, 'momentum': 50.48, 'stability': 97.96, 'currency': 49.82}",CALCULATED,2025-09-08T20:12:58.816929+00:00,SEC000007,Securitized-MBS,AAA,4908892806.50252,26.328759727824455,82.06160732330922,BBB,Q5 (Best)
74.74,LIN-BBB+,19.09,12.5,33.25,9.89,"{'duration': 100.0, 'spread': 13.96, 'liquidity': 20, 'momentum': 50.01, 'stability': 97.96, 'currency': 49.85}",CALCULATED,2025-09-08T20:12:58.817021+00:00,SEC000008,Securitized-MBS,AAA,12521514713.784246,17.752221327342063,69.8043577686974,BBB,Q5 (Best)
72.54,LIN-BBB+,19.68,12.5,30.45,9.91,"{'duration': 100.0, 'spread': 17.88, 'liquidity': 20, 'momentum': 50.29, 'stability': 97.96, 'currency': 49.88}",CALCULATED,2025-09-08T20:12:58.817088+00:00,SEC000009,Securitized-MBS,AA,15545901061.517994,23.58293749885056,89.41441191371098,BBB,Q4
63.76,LIN-BB+,10.88,12.5,30.45,9.93,"{'duration': 53.05, 'spread': 6.16, 'liquidity': 20, 'momentum': 50.7, 'stability': 97.96, 'currency': 49.89}",CALCULATED,2025-09-08T20:12:58.817159+00:00,SEC000010,Securitized-MBS,AA,13056990814.302946,9.221316630602093,30.819782306262873,BB,Q2
69.62,LIN-BBB,16.77,12.5,30.45,9.9,"{'duration': 94.26, 'spread': 4.24, 'liquidity': 20, 'momentum': 50.37, 'stability': 97.96, 'currency': 49.59}",CALCULATED,2025-09-08T20:12:58.817223+00:00,SEC000011,Securitized-MBS,AA,11331110882.465248,10.644166769620401,21.186960455813484,BBB,Q3
62.23,LIN-BB+,6.56,12.5,33.25,9.92,"{'duration': 20.75, 'spread': 9.67, 'liquidity': 20, 'momentum': 50.62, 'stability': 97.96, 'currency': 49.76}",CALCULATED,2025-09-08T20:12:58.817287+00:00,SEC000012,Securitized-MBS,AAA,19181769463.39423,7.996420258650659,48.37163138282833,BB,Q1 (Worst)
64.21,LIN-BB+,8.55,12.5,33.25,9.91,"{'duration': 38.58, 'spread': 4.9, 'liquidity': 20.27, 'momentum': 50.44, 'stability': 97.96, 'currency': 49.9}",CALCULATED,2025-09-08T20:12:58.817350+00:00,SEC000013,Securitized-MBS,AAA,9690341751.544558,6.251541947369289,24.490477487968825,BB,Q2
70.89,LIN-BBB,18.04,12.5,30.45,9.9,"{'duration': 94.93, 'spread': 11.98, 'liquidity': 20, 'momentum': 50.24, 'stability': 97.96, 'currency': 49.79}",CALCULATED,2025-09-08T20:12:58.817414+00:00,SEC000014,Securitized-MBS,AA,18618616004.80653,25.02168157778348,59.91611122043348,BBB,Q4
59.34,LIN-BB+,6.49,12.5,30.45,9.91,"{'duration': 21.58, 'spread': 6.63, 'liquidity': 22.56, 'momentum': 50.48, 'stability': 97.96, 'currency': 49.69}",CALCULATED,2025-09-08T20:12:58.817477+00:00,SEC000015,Securitized-MBS,AA,7446913570.002449,13.800708170773161,33.13637605462013,BB,Q1 (Worst)
67.11,LIN-BBB-,11.43,12.5,33.25,9.93,"{'duration': 54.24, 'spread': 7.12, 'liquidity': 22.25, 'momentum': 50.67, 'stability': 97.96, 'currency': 49.98}",CALCULATED,2025-09-08T20:12:58.817540+00:00,SEC000016,Securitized-MBS,AAA,7716846698.45134,14.25248326494423,35.59672363745278,BBB,Q2
66.29,LIN-BBB-,10.61,12.5,33.25,9.93,"{'duration': 42.32, 'spread': 12.69, 'liquidity': 23.54, 'momentum': 50.76, 'stability': 97.96, 'currency': 49.94}",CALCULATED,2025-09-08T20:12:58.817607+00:00,SEC000017,Securitized-MBS,AAA,6655649104.958351,14.095794946467766,63.43992182907957,BBB,Q2
65.2,LIN-BBB-,12.35,12.5,30.45,9.9,"{'duration': 53.9, 'spread': 15.11, 'liquidity': 20, 'momentum': 50.4, 'stability': 97.96, 'currency': 49.68}",CALCULATED,2025-09-08T20:12:58.817671+00:00,SEC000018,Securitized-MBS,AA,17163773081.846323,7.692846064097109,75.55398603736543,BBB,Q2
63.79,LIN-BB+,8.14,12.5,33.25,9.9,"{'duration': 32.95, 'spread': 7.98, 'liquidity': 20, 'momentum': 50.17, 'stability': 97.96, 'currency': 49.83}",CALCULATED,2025-09-08T20:12:58.817735+00:00,SEC000019,Securitized-MBS,AAA,13817250987.605762,13.687874839726609,39.91360903642601,BB,Q2
75.3,LIN-A-,19.64,12.5,33.25,9.91,"{'duration': 100.0, 'spread': 17.6, 'liquidity': 20, 'momentum': 50.42, 'stability': 97.96, 'currency': 49.74}",CALCULATED,2025-09-08T20:12:58.817799+00:00,SEC000020,Securitized-MBS,AAA,17225869681.12584,5.259463909841531,88.01950952578437,A,Q5 (Best)
68.36,LIN-BBB,12.71,12.5,33.25,9.9,"{'duration': 51.35, 'spread': 17.91, 'liquidity': 23.17, 'momentum': 50.44, 'stability': 97.96, 'currency': 49.68}",CALCULATED,2025-09-08T20:12:58.817862+00:00,SEC000021,Securitized-MBS,AAA,6944873115.303744,26.31496673369476,89.5566439995896,BBB,Q3
69.92,LIN-BBB,14.27,12.5,33.25,9.9,"{'duration': 68.92, 'spread': 12.85, 'liquidity': 20, 'momentum': 50.54, 'stability': 97.96, 'currency': 49.52}",CALCULATED,2025-09-08T20:12:58.817946+00:00,SEC000022,Securitized-MBS,AAA,18686795273.846226,7.632644056114408,64.26225732004215,BBB,Q3
73.7,LIN-BBB+,18.04,12.5,33.25,9.91,"{'duration': 91.67, 'spread': 9.96, 'liquidity': 27.94, 'momentum': 50.54, 'stability': 97.96, 'currency': 49.72}",CALCULATED,2025-09-08T20:12:58.818024+00:00,SEC000023,Securitized-MBS,AAA,4007023502.2100887,17.634804846083405,49.79965771449207,BBB,Q5 (Best)
74.02,LIN-BBB+,18.36,12.5,33.25,9.92,"{'duration': 100.0, 'spread': 8.03, 'liquidity': 21.51, 'momentum': 50.66, 'stability': 97.96, 'currency': 49.7}",CALCULATED,2025-09-08T20:12:58.818089+00:00,SEC000024,Securitized-MBS,AAA,8399565730.390119,10.587881127055844,40.172000012627336,BBB,Q5 (Best)
75.2,LIN-A-,19.56,12.5,33.25,9.9,"{'duration': 100.0, 'spread': 17.04, 'liquidity': 20, 'momentum': 50.19, 'stability': 97.96, 'currency': 49.76}",CALCULATED,2025-09-08T20:12:58.818154+00:00,SEC000025,Securitized-MBS,AAA,11258923674.707294,19.623193648382262,85.19831221773977,A,Q5 (Best)
73.67,LIN-BBB+,18.01,12.5,33.25,9.91,"{'duration': 100.0, 'spread': 6.74, 'liquidity': 20, 'momentum': 50.43, 'stability': 97.96, 'currency': 49.73}",CALCULATED,2025-09-08T20:12:58.818218+00:00,SEC000026,Securitized-MBS,AAA,13410060727.869106,26.78861200602303,33.69071748152195,BBB,Q5 (Best)
72.94,LIN-BBB+,17.28,12.5,33.25,9.92,"{'duration': 84.7, 'spread': 10.04, 'liquidity': 30.63, 'momentum': 50.48, 'stability': 97.96, 'currency': 49.9}",CALCULATED,2025-09-08T20:12:58.818284+00:00,SEC000027,Securitized-MBS,AAA,2939354911.448845,14.46421196704373,50.19581449978992,BBB,Q4
74.19,LIN-BBB+,18.53,12.5,33.25,9.9,"{'duration': 100.0, 'spread': 6.93, 'liquidity': 24.95, 'momentum': 50.3, 'stability': 97.96, 'currency': 49.75}",CALCULATED,2025-09-08T20:12:58.818350+00:00,SEC000028,Securitized-MBS,AAA,5655571637.027654,7.277362275168573,34.64594477454685,BBB,Q5 (Best)
73.01,LIN-BBB+,17.35,12.5,33.25,9.9,"{'duration': 93.63, 'spread': 8.73, 'liquidity': 20, 'momentum': 50.5, 'stability': 97.96, 'currency': 49.6}",CALCULATED,2025-09-08T20:12:58.818421+00:00,SEC000029,Securitized-MBS,AAA,12914199023.92642,6.602819103672531,43.65153558475079,BBB,Q4
70.17,LIN-BBB,14.5,12.5,33.25,9.92,"{'duration': 70.81, 'spread': 4.85, 'liquidity': 31.51, 'momentum': 50.63, 'stability': 97.96, 'currency': 49.79}",CALCULATED,2025-09-08T20:12:58.818487+00:00,SEC000030,Securitized-MBS,AAA,2659181440.3083677,23.84089574158292,24.270443151821723,BBB,Q3
73.61,LIN-BBB+,17.95,12.5,33.25,9.92,"{'duration': 86.84, 'spread': 19.46, 'liquidity': 20, 'momentum': 50.61, 'stability': 97.96, 'currency': 49.75}",CALCULATED,2025-09-08T20:12:58.818553+00:00,SEC000031,Securitized-MBS,AAA,10577498286.693434,12.621495612794767,97.30402775024325,BBB,Q5 (Best)
65.36,LIN-BBB-,12.5,12.5,30.45,9.91,"{'duration': 49.82, 'spread': 17.74, 'liquidity': 23.63, 'momentum': 50.55, 'stability': 97.96, 'currency': 49.69}",CALCULATED,2025-09-08T20:12:58.818618+00:00,SEC000032,Securitized-MBS,AA,6584564723.172773,25.09997777342307,88.69133613332109,BBB,Q2
71.77,LIN-BBB,18.89,12.5,30.45,9.93,"{'duration': 100.0, 'spread': 12.59, 'liquidity': 20, 'momentum': 50.65, 'stability': 97.96, 'currency': 49.97}",CALCULATED,2025-09-08T20:12:58.818681+00:00,SEC000033,Securitized-MBS,AA,19883743290.809883,25.164803938384722,62.96553937733848,BBB,Q4
70.26,LIN-BBB,17.4,12.5,30.45,9.91,"{'duration': 91.25, 'spread': 11.4, 'liquidity': 20, 'momentum': 50.38, 'stability': 97.96, 'currency': 49.93}",CALCULATED,2025-09-08T20:12:58.818743+00:00,SEC000034,Securitized-MBS,AA,17673732561.18395,13.006327716558978,57.01329795915518,BBB,Q3
66.42,LIN-BBB-,10.77,12.5,33.25,9.9,"{'duration': 48.24, 'spread': 10.22, 'liquidity': 20, 'momentum': 50.26, 'stability': 97.96, 'currency': 49.76}",CALCULATED,2025-09-08T20:12:58.818806+00:00,SEC000035,Securitized-MBS,AAA,16737861477.277906,10.050418969502623,51.0850134447889,BBB,Q2
58.29,LIN-BB+,5.44,12.5,30.45,9.89,"{'duration': 14.52, 'spread': 7.57, 'liquidity': 21.3, 'momentum': 50.16, 'stability': 97.96, 'currency': 49.74}",CALCULATED,2025-09-08T20:12:58.818869+00:00,SEC000036,Securitized-MBS,AA,8614530081.510857,18.98788320786513,37.85997139206777,BB,Q1 (Worst)
66.8,LIN-BBB-,11.14,12.5,33.25,9.91,"{'duration': 45.89, 'spread': 15.05, 'liquidity': 20, 'momentum': 50.55, 'stability': 97.96, 'currency': 49.61}",CALCULATED,2025-09-08T20:12:58.818960+00:00,SEC000037,Securitized-MBS,AAA,15596548726.434568,14.6140748999232,75.26653152682543,BBB,Q2
67.43,LIN-BBB-,14.59,12.5,30.45,9.89,"{'duration': 69.26, 'spread': 14.67, 'liquidity': 20, 'momentum': 49.99, 'stability': 97.96, 'currency': 49.77}",CALCULATED,2025-09-08T20:12:58.819035+00:00,SEC000038,Securitized-MBS,AA,14324173098.61434,19.739887554314777,73.36099752449357,BBB,Q3
76.03,LIN-A-,20.38,12.5,33.25,9.9,"{'duration': 100.0, 'spread': 16.84, 'liquidity': 28.52, 'momentum': 50.48, 'stability': 97.96, 'currency': 49.57}",CALCULATED,2025-09-08T20:12:58.819101+00:00,SEC000039,Securitized-MBS,AAA,3750616997.0150037,29.42848992410974,84.19321233028101,A,Q5 (Best)
67.47,LIN-BBB-,14.62,12.5,30.45,9.9,"{'duration': 53.69, 'spread': 17.28, 'liquidity': 39.72, 'momentum': 50.29, 'stability': 97.96, 'currency': 49.71}",CALCULATED,2025-09-08T20:12:58.819165+00:00,SEC000040,Securitized-MBS,AA,1033337059.4694078,18.662698877690026,86.40935607252175,BBB,Q3
66.18,LIN-BBB-,13.32,12.5,30.45,9.91,"{'duration': 70.9, 'spread': 4.56, 'liquidity': 20, 'momentum': 50.36, 'stability': 97.96, 'currency': 49.86}",CALCULATED,2025-09-08T20:12:58.819227+00:00,SEC000041,Securitized-MBS,AA,14915211945.850796,20.998797640221113,22.778630956163717,BBB,Q2
71.55,LIN-BBB,15.88,12.5,33.25,9.92,"{'duration': 81.72, 'spread': 4.03, 'liquidity': 30.21, 'momentum': 50.65, 'stability': 97.96, 'currency': 49.8}",CALCULATED,2025-09-08T20:12:58.819292+00:00,SEC000042,Securitized-MBS,AAA,3085986534.5113688,22.9486137145285,20.170205282059925,BBB,Q4
73.84,LIN-BBB+,18.19,12.5,33.25,9.91,"{'duration': 89.51, 'spread': 13.44, 'liquidity': 27.43, 'momentum': 50.36, 'stability': 97.96, 'currency': 49.82}",CALCULATED,2025-09-08T20:12:58.819354+00:00,SEC000043,Securitized-MBS,AAA,4249803057.524728,22.490446483638948,67.21134235206728,BBB,Q5 (Best)
64.02,LIN-BB+,11.15,12.5,30.45,9.92,"{'duration': 43.16, 'spread': 17.72, 'liquidity': 20.14, 'momentum': 50.79, 'stability': 97.96, 'currency': 49.69}",CALCULATED,2025-09-08T20:12:58.819421+00:00,SEC000044,Securitized-MBS,AA,9840736424.435543,26.716963073227866,88.58512389120774,BB,Q2
72.78,LIN-BBB+,17.11,12.5,33.25,9.92,"{'duration': 94.69, 'spread': 5.69, 'liquidity': 20.56, 'momentum': 50.47, 'stability': 97.96, 'currency': 49.91}",CALCULATED,2025-09-08T20:12:58.819487+00:00,SEC000045,Securitized-MBS,AAA,9378414798.175106,7.67967870487604,28.43855386564103,BBB,Q4
59.27,LIN-BB+,6.4,12.5,30.45,9.92,"{'duration': 18.08, 'spread': 9.62, 'liquidity': 22.42, 'momentum': 50.64, 'stability': 97.96, 'currency': 49.86}",CALCULATED,2025-09-08T20:12:58.819551+00:00,SEC000046,Securitized-MBS,AA,7566805499.1506195,25.351264095928435,48.09902158167553,BB,Q1 (Worst)
72.38,LIN-BBB+,19.51,12.5,30.45,9.91,"{'duration': 100.0, 'spread': 16.75, 'liquidity': 20, 'momentum': 50.66, 'stability': 97.96, 'currency': 49.65}",CALCULATED,2025-09-08T20:12:58.819618+00:00,SEC000047,Securitized-MBS,AA,18849837110.04172,29.174687578527003,83.74103330323051,BBB,Q4
74.44,LIN-BBB+,18.76,12.5,33.25,9.93,"{'duration': 100.0, 'spread': 11.72, 'liquidity': 20, 'momentum': 50.98, 'stability': 97.96, 'currency': 49.74}",CALCULATED,2025-09-08T20:12:58.819684+00:00,SEC000048,Securitized-MBS,AAA,12868489737.19249,26.70954811847859,58.58113770658999,BBB,Q5 (Best)
73.88,LIN-BBB+,18.2,12.5,33.25,9.94,"{'duration': 98.81, 'spread': 9.16, 'liquidity': 20, 'momentum': 50.79, 'stability': 97.96, 'currency': 49.96}",CALCULATED,2025-09-08T20:12:58.819748+00:00,SEC000049,Securitized-MBS,AAA,18638484708.373047,6.213001418238008,45.79787274325054,BBB,Q5 (Best)
67.85,LIN-BBB-,12.19,12.5,33.25,9.92,"{'duration': 42.03, 'spread': 19.45, 'liquidity': 29.63, 'momentum': 50.8, 'stability': 97.96, 'currency': 49.57}",CALCULATED,2025-09-08T20:12:58.819821+00:00,SEC000050,Securitized-MBS,AAA,3299762677.349273,9.928480519444047,97.22927150807284,BBB,Q3
60.28,LIN-BB+,4.62,12.5,33.25,9.91,"{'duration': 10.31, 'spread': 7.16, 'liquidity': 20, 'momentum': 50.36, 'stability': 97.96, 'currency': 49.82}",CALCULATED,2025-09-08T20:12:58.819884+00:00,SEC000051,Securitized-MBS,AAA,10457525841.926058,6.174724988265863,35.82357726345178,BB,Q1 (Worst)
66.92,LIN-BBB-,11.27,12.5,33.25,9.9,"{'duration': 44.26, 'spread': 17.52, 'liquidity': 20, 'momentum': 50.3, 'stability': 97.96, 'currency': 49.83}",CALCULATED,2025-09-08T20:12:58.819977+00:00,SEC000052,Securitized-MBS,AAA,13141424970.39984,16.95183651460411,87.61413155495491,BBB,Q2
66.96,LIN-BBB-,11.3,12.5,33.25,9.92,"{'duration': 49.69, 'spread': 12.28, 'liquidity': 20, 'momentum': 50.61, 'stability': 97.96, 'currency': 49.74}",CALCULATED,2025-09-08T20:12:58.820044+00:00,SEC000053,Securitized-MBS,AAA,15860185560.276031,21.36862826981144,61.407924266760034,BBB,Q2
74.6,LIN-BBB+,18.94,12.5,33.25,9.91,"{'duration': 100.0, 'spread': 12.94, 'liquidity': 20, 'momentum': 50.36, 'stability': 97.96, 'currency': 49.86}",CALCULATED,2025-09-08T20:12:58.820108+00:00,SEC000054,Securitized-MBS,AAA,19565612072.67583,20.442982327348997,64.6994908765847,BBB,Q5 (Best)
62.35,LIN-BB+,9.5,12.5,30.45,9.91,"{'duration': 42.96, 'spread': 7.02, 'liquidity': 20, 'momentum': 50.34, 'stability': 97.96, 'currency': 49.83}",CALCULATED,2025-09-08T20:12:58.820172+00:00,SEC000055,Securitized-MBS,AA,19711259684.087852,23.057329446527476,35.082904937288355,BB,Q1 (Worst)
75.61,LIN-A-,19.93,12.5,33.25,9.94,"{'duration': 100.0, 'spread': 19.51, 'liquidity': 20, 'momentum': 50.87, 'stability': 97.96, 'currency': 49.89}",CALCULATED,2025-09-08T20:12:58.820253+00:00,SEC000056,Securitized-MBS,AAA,16160170055.871786,13.437759531917113,97.57213392134787,A,Q5 (Best)
73.17,LIN-BBB+,17.5,12.5,33.25,9.92,"{'duration': 89.38, 'spread': 13.98, 'liquidity': 20, 'momentum': 50.71, 'stability': 97.96, 'currency': 49.74}",CALCULATED,2025-09-08T20:12:58.820325+00:00,SEC000057,Securitized-MBS,AAA,14818699788.313953,21.265913121595897,69.92455076944765,BBB,Q5 (Best)
69.54,LIN-BBB,13.86,12.5,33.25,9.93,"{'duration': 62.55, 'spread': 15.75, 'liquidity': 21.11, 'momentum': 50.88, 'stability': 97.96, 'currency': 49.75}",CALCULATED,2025-09-08T20:12:58.820392+00:00,SEC000058,Securitized-MBS,AAA,8796291760.696123,20.88067044189742,78.75561528780474,BBB,Q3
73.13,LIN-BBB+,17.46,12.5,33.25,9.92,"{'duration': 85.41, 'spread': 14.8, 'liquidity': 24.27, 'momentum': 50.55, 'stability': 97.96, 'currency': 49.83}",CALCULATED,2025-09-08T20:12:58.820453+00:00,SEC000059,Securitized-MBS,AAA,6113699224.985541,28.10449488380421,74.01684308251356,BBB,Q5 (Best)
76.64,LIN-A-,20.96,12.5,33.25,9.93,"{'duration': 100.0, 'spread': 17.84, 'liquidity': 32.86, 'momentum': 50.74, 'stability': 97.96, 'currency': 49.93}",CALCULATED,2025-09-08T20:12:58.820516+00:00,SEC000060,Securitized-MBS,AAA,2276257839.528864,21.92672747807836,89.20503433292366,A,Q5 (Best)
75.4,LIN-A-,19.75,12.5,33.25,9.9,"{'duration': 100.0, 'spread': 13.69, 'liquidity': 26.95, 'momentum': 50.36, 'stability': 97.96, 'currency': 49.74}",CALCULATED,2025-09-08T20:12:58.820580+00:00,SEC000061,Securitized-MBS,AAA,4491121297.694065,12.795474012250462,68.46047294186069,A,Q5 (Best)
66.41,LIN-BBB-,10.77,12.5,33.25,9.89,"{'duration': 52.33, 'spread': 6.11, 'liquidity': 20, 'momentum': 50.19, 'stability': 97.96, 'currency': 49.67}",CALCULATED,2025-09-08T20:12:58.820644+00:00,SEC000062,Securitized-MBS,AAA,15724149282.652931,28.297181174296323,30.552921519918126,BBB,Q2
67.16,LIN-BBB-,11.5,12.5,33.25,9.91,"{'duration': 45.14, 'spread': 18.04, 'liquidity': 20.27, 'momentum': 50.5, 'stability': 97.96, 'currency': 49.72}",CALCULATED,2025-09-08T20:12:58.820706+00:00,SEC000063,Securitized-MBS,AAA,9699399604.474792,26.408661315191075,90.1953904642142,BBB,Q2
70.41,LIN-BBB,17.55,12.5,30.45,9.91,"{'duration': 91.52, 'spread': 12.13, 'liquidity': 20, 'momentum': 50.44, 'stability': 97.96, 'currency': 49.79}",CALCULATED,2025-09-08T20:12:58.820769+00:00,SEC000064,Securitized-MBS,AA,12514289633.438126,28.015771469261935,60.648477614409764,BBB,Q3
74.4,LIN-BBB+,18.76,12.5,33.25,9.89,"{'duration': 100.0, 'spread': 6.49, 'liquidity': 27.91, 'momentum': 50.04, 'stability': 97.96, 'currency': 49.7}",CALCULATED,2025-09-08T20:12:58.820832+00:00,SEC000065,Securitized-MBS,AAA,4024653052.605602,21.738972947624397,32.44665050346053,BBB,Q5 (Best)
75.5,LIN-A-,19.85,12.5,33.25,9.9,"{'duration': 100.0, 'spread': 19.02, 'liquidity': 20, 'momentum': 50.29, 'stability': 97.96, 'currency': 49.76}",CALCULATED,2025-09-08T20:12:58.821109+00:00,SEC000066,Securitized-MBS,AAA,12956535276.297823,17.380062244156882,95.12086985119404,A,Q5 (Best)
76.1,LIN-A-,20.44,12.5,33.25,9.91,"{'duration': 100.0, 'spread': 15.4, 'liquidity': 31.31, 'momentum': 50.47, 'stability': 97.96, 'currency': 49.76}",CALCULATED,2025-09-08T20:12:58.821258+00:00,SEC000067,Securitized-MBS,AAA,2720860748.638034,16.103987196842944,76.98640124783293,A,Q5 (Best)
76.65,LIN-A-,21.0,12.5,33.25,9.9,"{'duration': 100.0, 'spread': 13.44, 'liquidity': 39.87, 'momentum': 50.38, 'stability': 97.96, 'currency': 49.68}",CALCULATED,2025-09-08T20:12:58.821334+00:00,SEC000068,Securitized-MBS,AAA,1015179997.744249,5.7648962566044695,67.200656325056,A,Q5 (Best)
70.89,LIN-BBB,18.02,12.5,30.45,9.91,"{'duration': 95.29, 'spread': 11.54, 'liquidity': 20, 'momentum': 50.64, 'stability': 97.96, 'currency': 49.65}",CALCULATED,2025-09-08T20:12:58.821405+00:00,SEC000069,Securitized-MBS,AA,14839565571.931074,19.595884070026674,57.69502181838539,BBB,Q4
62.36,LIN-BB+,12.64,12.5,27.3,9.92,"{'duration': 66.54, 'spread': 4.01, 'liquidity': 20.59, 'momentum': 50.56, 'stability': 97.96, 'currency': 49.81}",CALCULATED,2025-09-08T20:12:58.821471+00:00,SEC000070,Securitized-MBS,A,9342489133.609562,29.34572494626217,20.033613281519543,BB,Q1 (Worst)
69.3,LIN-BBB,19.59,12.5,27.3,9.91,"{'duration': 100.0, 'spread': 17.25, 'liquidity': 20, 'momentum': 50.44, 'stability': 97.96, 'currency': 49.85}",CALCULATED,2025-09-08T20:12:58.821536+00:00,SEC000071,Securitized-MBS,A,16810512102.459259,18.592225922478832,86.22662266063612,BBB,Q3
71.72,LIN-BBB,18.84,12.5,30.45,9.92,"{'duration': 100.0, 'spread': 10.15, 'liquidity': 23.22, 'momentum': 50.54, 'stability': 97.96, 'currency': 49.99}",CALCULATED,2025-09-08T20:12:58.821600+00:00,SEC000072,Securitized-MBS,AA,6903934277.299063,5.306167842260563,50.76644868468869,BBB,Q4
68.26,LIN-BBB,12.6,12.5,33.25,9.91,"{'duration': 55.59, 'spread': 10.59, 'liquidity': 26.7, 'momentum': 50.47, 'stability': 97.96, 'currency': 49.75}",CALCULATED,2025-09-08T20:12:58.821665+00:00,SEC000073,Securitized-MBS,AAA,4624606928.284704,26.881641599808095,52.94941737244358,BBB,Q3
73.29,LIN-BBB+,17.62,12.5,33.25,9.92,"{'duration': 100.0, 'spread': 4.11, 'liquidity': 20, 'momentum': 50.79, 'stability': 97.96, 'currency': 49.72}",CALCULATED,2025-09-08T20:12:58.821730+00:00,SEC000074,Securitized-MBS,AAA,17972372219.589073,25.718046239145366,20.549701187866354,BBB,Q5 (Best)
74.31,LIN-BBB+,18.64,12.5,33.25,9.92,"{'duration': 100.0, 'spread': 10.53, 'liquidity': 20.61, 'momentum': 50.61, 'stability': 97.96, 'currency': 49.86}",CALCULATED,2025-09-08T20:12:58.821815+00:00,SEC000075,Securitized-MBS,AAA,9317732212.724998,11.107901847870576,52.67147253370567,BBB,Q5 (Best)
69.84,LIN-BBB,14.2,12.5,33.25,9.89,"{'duration': 73.81, 'spread': 7.5, 'liquidity': 20, 'momentum': 50.04, 'stability': 97.96, 'currency': 49.79}",CALCULATED,2025-09-08T20:12:58.821887+00:00,SEC000076,Securitized-MBS,AAA,12714391376.823713,8.792757720134713,37.51026945189622,BBB,Q3
63.44,LIN-BB+,7.79,12.5,33.25,9.91,"{'duration': 30.86, 'spread': 7.71, 'liquidity': 20, 'momentum': 50.47, 'stability': 97.96, 'currency': 49.7}",CALCULATED,2025-09-08T20:12:58.821956+00:00,SEC000077,Securitized-MBS,AAA,12975868632.647303,14.707906251720797,38.54730397046658,BB,Q1 (Worst)
68.92,LIN-BBB,16.05,12.5,30.45,9.91,"{'duration': 77.96, 'spread': 15.73, 'liquidity': 20, 'momentum': 50.38, 'stability': 97.96, 'currency': 49.94}",CALCULATED,2025-09-08T20:12:58.822021+00:00,SEC000078,Securitized-MBS,AA,19045647185.38757,6.958810903192484,78.6401514793624,BBB,Q3
71.66,LIN-BBB,18.8,12.5,30.45,9.91,"{'duration': 100.0, 'spread': 12.01, 'liquidity': 20, 'momentum': 50.51, 'stability': 97.96, 'currency': 49.79}",CALCULATED,2025-09-08T20:12:58.822084+00:00,SEC000079,Securitized-MBS,AA,19588671742.598816,8.77841476483661,60.0374634842073,BBB,Q4
73.06,LIN-BBB+,17.39,12.5,33.25,9.92,"{'duration': 86.61, 'spread': 15.99, 'liquidity': 20, 'momentum': 50.5, 'stability': 97.96, 'currency': 49.88}",CALCULATED,2025-09-08T20:12:58.822147+00:00,SEC000080,Securitized-MBS,AAA,12790770906.392296,16.556763334393878,79.93672040521113,BBB,Q4
66.56,LIN-BBB-,10.89,12.5,33.25,9.92,"{'duration': 48.84, 'spread': 10.43, 'liquidity': 20, 'momentum': 50.7, 'stability': 97.96, 'currency': 49.78}",CALCULATED,2025-09-08T20:12:58.822212+00:00,SEC000081,Securitized-MBS,AAA,19485867995.42306,9.044333482209463,52.170567158295576,BBB,Q2
74.89,LIN-BBB+,19.22,12.5,33.25,9.93,"{'duration': 96.28, 'spread': 18.51, 'liquidity': 20, 'momentum': 50.69, 'stability': 97.96, 'currency': 49.86}",CALCULATED,2025-09-08T20:12:58.822275+00:00,SEC000082,Securitized-MBS,AAA,12059533779.347942,18.56964784015254,92.56821567325449,BBB,Q5 (Best)
72.94,LIN-BBB+,17.27,12.5,33.25,9.92,"{'duration': 82.89, 'spread': 18.92, 'liquidity': 20, 'momentum': 50.61, 'stability': 97.96, 'currency': 49.9}",CALCULATED,2025-09-08T20:12:58.822338+00:00,SEC000083,Securitized-MBS,AAA,19139844770.888626,6.3609660535442885,94.58466238844166,BBB,Q4
64.3,LIN-BB+,8.62,12.5,33.25,9.93,"{'duration': 36.84, 'spread': 5.27, 'liquidity': 22.99, 'momentum': 50.81, 'stability': 97.96, 'currency': 49.85}",CALCULATED,2025-09-08T20:12:58.822427+00:00,SEC000084,Securitized-MBS,AAA,7087036277.981533,20.203498021510015,26.34436563341806,BB,Q2
61.38,LIN-BB+,11.67,12.5,27.3,9.91,"{'duration': 52.43, 'spread': 8.18, 'liquidity': 25.77, 'momentum': 50.56, 'stability': 97.96, 'currency': 49.73}",CALCULATED,2025-09-08T20:12:58.822507+00:00,SEC000085,Securitized-MBS,A,5143454571.037888,11.356032444865605,40.87998425870709,BB,Q1 (Worst)
72.22,LIN-BBB+,19.36,12.5,30.45,9.91,"{'duration': 100.0, 'spread': 15.73, 'liquidity': 20, 'momentum': 50.29, 'stability': 97.96, 'currency': 49.88}",CALCULATED,2025-09-08T20:12:58.822573+00:00,SEC000086,Securitized-MBS,AA,13815139260.75144,25.663213431563054,78.66529405932909,BBB,Q4
61.57,LIN-BB+,5.92,12.5,33.25,9.91,"{'duration': 12.0, 'spread': 12.33, 'liquidity': 22.7, 'momentum': 50.39, 'stability': 97.96, 'currency': 49.76}",CALCULATED,2025-09-08T20:12:58.822645+00:00,SEC000087,Securitized-MBS,AAA,7329987991.163189,9.666894417051708,61.633823210789856,BB,Q1 (Worst)
59.71,LIN-BB+,6.85,12.5,30.45,9.91,"{'duration': 18.7, 'spread': 7.39, 'liquidity': 29.36, 'momentum': 50.39, 'stability': 97.96, 'currency': 49.93}",CALCULATED,2025-09-08T20:12:58.822712+00:00,SEC000088,Securitized-MBS,AA,3404727219.120789,22.010543347416057,36.92585876324078,BB,Q1 (Worst)
66.93,LIN-BBB-,14.06,12.5,30.45,9.92,"{'duration': 67.08, 'spread': 10.04, 'liquidity': 24.93, 'momentum': 50.77, 'stability': 97.96, 'currency': 49.7}",CALCULATED,2025-09-08T20:12:58.822777+00:00,SEC000089,Securitized-MBS,AA,5671922417.742175,16.248936568079472,50.21627399199207,BBB,Q2
56.39,LIN-BB+,6.69,12.5,27.3,9.9,"{'duration': 16.03, 'spread': 15.21, 'liquidity': 20, 'momentum': 50.26, 'stability': 97.96, 'currency': 49.81}",CALCULATED,2025-09-08T20:12:58.822841+00:00,SEC000090,Securitized-MBS,A,15955675844.533155,23.531643323467943,76.07188694077186,BB,Q1 (Worst)
68.63,LIN-BBB,12.96,12.5,33.25,9.92,"{'duration': 48.64, 'spread': 12.55, 'liquidity': 37.85, 'momentum': 50.57, 'stability': 97.96, 'currency': 49.89}",CALCULATED,2025-09-08T20:12:58.822905+00:00,SEC000091,Securitized-MBS,AAA,1280692163.8181815,6.218331255745311,62.754856132643475,BBB,Q3
74.17,LIN-BBB+,18.51,12.5,33.25,9.9,"{'duration': 100.0, 'spread': 10.09, 'liquidity': 20, 'momentum': 50.31, 'stability': 97.96, 'currency': 49.78}",CALCULATED,2025-09-08T20:12:58.822967+00:00,SEC000092,Securitized-MBS,AAA,18118906386.896408,28.8170976231781,50.455337378015344,BBB,Q5 (Best)
74.46,LIN-BBB+,18.8,12.5,33.25,9.92,"{'duration': 99.19, 'spread': 12.81, 'liquidity': 20, 'momentum': 50.5, 'stability': 97.96, 'currency': 49.86}",CALCULATED,2025-09-08T20:12:58.823035+00:00,SEC000093,Securitized-MBS,AAA,16209028730.846275,26.928601409796812,64.03228452066418,BBB,Q5 (Best)
62.99,LIN-BB+,13.26,12.5,27.3,9.93,"{'duration': 57.24, 'spread': 15.3, 'liquidity': 23.82, 'momentum': 50.75, 'stability': 97.96, 'currency': 49.88}",CALCULATED,2025-09-08T20:12:58.823097+00:00,SEC000094,Securitized-MBS,A,6440609297.2421665,24.42661627140927,76.47847046566429,BB,Q1 (Worst)
62.13,LIN-BB+,9.26,12.5,30.45,9.92,"{'duration': 30.62, 'spread': 11.71, 'liquidity': 29.11, 'momentum': 50.56, 'stability': 97.96, 'currency': 49.81}",CALCULATED,2025-09-08T20:12:58.823162+00:00,SEC000095,Securitized-MBS,AA,3503937214.7608085,18.764004181217842,58.549192323975,BB,Q1 (Worst)
64.03,LIN-BB+,8.36,12.5,33.25,9.92,"{'duration': 21.17, 'spread': 14.89, 'liquidity': 29.51, 'momentum': 50.44, 'stability': 97.96, 'currency': 49.93}",CALCULATED,2025-09-08T20:12:58.823223+00:00,SEC000096,Securitized-MBS,AAA,3345835202.018313,6.70482018158021,74.47367729052968,BB,Q2
67.21,LIN-BBB-,11.55,12.5,33.25,9.9,"{'duration': 55.29, 'spread': 5.04, 'liquidity': 25.05, 'momentum': 50.42, 'stability': 97.96, 'currency': 49.65}",CALCULATED,2025-09-08T20:12:58.823287+00:00,SEC000097,Securitized-MBS,AAA,5589950192.836672,5.939826688669848,25.188612087520113,BBB,Q2
71.39,LIN-BBB,15.72,12.5,33.25,9.92,"{'duration': 79.12, 'spread': 12.34, 'liquidity': 20, 'momentum': 50.78, 'stability': 97.96, 'currency': 49.68}",CALCULATED,2025-09-08T20:12:58.823350+00:00,SEC000098,Securitized-MBS,AAA,10174892084.961008,13.53294899101275,61.691243648791314,BBB,Q4
60.16,LIN-BB+,4.47,12.5,33.25,9.94,"{'duration': 12.01, 'spread': 4.46, 'liquidity': 20, 'momentum': 50.74, 'stability': 97.96, 'currency': 50.0}",CALCULATED,2025-09-08T20:12:58.823426+00:00,SEC000099,Securitized-MBS,AAA,13676861503.523458,27.72352137644336,22.28939927742931,BB,Q1 (Worst)
67.36,LIN-BBB-,17.64,12.5,27.3,9.92,"{'duration': 100.0, 'spread': 4.13, 'liquidity': 20.25, 'momentum': 50.63, 'stability': 97.96, 'currency': 49.73}",CALCULATED,2025-09-08T20:12:58.823506+00:00,SEC000100,Securitized-MBS,A,9715521291.809675,26.357728162095107,20.628595987516427,BBB,Q3
69.21,LIN-BBB,19.5,12.5,27.3,9.91,"{'duration': 100.0, 'spread': 16.68, 'liquidity': 20, 'momentum': 50.4, 'stability': 97.96, 'currency': 49.77}",CALCULATED,2025-09-08T20:12:58.823571+00:00,SEC000101,Securitized-MBS,A,17081751480.862,14.033875665897728,83.41386102493573,BBB,Q3
75.49,LIN-A-,19.82,12.5,33.25,9.92,"{'duration': 100.0, 'spread': 18.78, 'liquidity': 20, 'momentum': 50.77, 'stability': 97.96, 'currency': 49.71}",CALCULATED,2025-09-08T20:12:58.823634+00:00,SEC000102,Securitized-MBS,AAA,11109434034.094421,18.147261329954013,93.91214692723037,A,Q5 (Best)
66.86,LIN-BBB-,11.19,12.5,33.25,9.91,"{'duration': 52.94, 'spread': 8.36, 'liquidity': 20, 'momentum': 50.75, 'stability': 97.96, 'currency': 49.58}",CALCULATED,2025-09-08T20:12:58.823697+00:00,SEC000103,Securitized-MBS,AAA,18897290237.106678,16.791716498538637,41.775086811196154,BBB,Q2
75.21,LIN-A-,19.57,12.5,33.25,9.89,"{'duration': 100.0, 'spread': 17.12, 'liquidity': 20, 'momentum': 50.15, 'stability': 97.96, 'currency': 49.74}",CALCULATED,2025-09-08T20:12:58.823759+00:00,SEC000104,Securitized-MBS,AAA,17008186907.621353,21.488059212993363,85.61386724245664,A,Q5 (Best)
72.63,LIN-BBB+,16.97,12.5,33.25,9.91,"{'duration': 80.82, 'spread': 18.96, 'liquidity': 20, 'momentum': 50.35, 'stability': 97.96, 'currency': 49.9}",CALCULATED,2025-09-08T20:12:58.823822+00:00,SEC000105,Securitized-MBS,AAA,13185737056.293701,21.414685820977216,94.78484139481768,BBB,Q4
58.19,LIN-BB+,8.45,12.5,27.3,9.93,"{'duration': 34.08, 'spread': 8.95, 'liquidity': 20, 'momentum': 50.78, 'stability': 97.96, 'currency': 49.96}",CALCULATED,2025-09-08T20:12:58.823890+00:00,SEC000106,Securitized-MBS,A,16638019876.666533,25.611046346765587,44.74150073749243,BB,Q1 (Worst)
64.67,LIN-BB+,9.02,12.5,33.25,9.9,"{'duration': 22.88, 'spread': 18.81, 'liquidity': 27.7, 'momentum': 50.29, 'stability': 97.96, 'currency': 49.7}",CALCULATED,2025-09-08T20:12:58.823958+00:00,SEC000107,Securitized-MBS,AAA,4122600928.2384586,28.790608592380128,94.06246286233512,BB,Q2
74.17,LIN-BBB+,18.51,12.5,33.25,9.91,"{'duration': 100.0, 'spread': 10.06, 'liquidity': 20, 'momentum': 50.39, 'stability': 97.96, 'currency': 49.87}",CALCULATED,2025-09-08T20:12:58.824021+00:00,SEC000108,Securitized-MBS,AAA,14269863889.474274,26.19893459799547,50.30249628988126,BBB,Q5 (Best)
55.71,LIN-BB+,6.0,12.5,27.3,9.9,"{'duration': 19.77, 'spread': 5.03, 'liquidity': 22.83, 'momentum': 50.47, 'stability': 97.96, 'currency': 49.62}",CALCULATED,2025-09-08T20:12:58.824084+00:00,SEC000109,Securitized-MBS,A,7223442847.729753,19.1076511103199,25.15292740817553,BB,Q1 (Worst)
70.38,LIN-BBB,14.73,12.5,33.25,9.91,"{'duration': 72.34, 'spread': 6.0, 'liquidity': 29.77, 'momentum': 50.42, 'stability': 97.96, 'currency': 49.76}",CALCULATED,2025-09-08T20:12:58.824147+00:00,SEC000110,Securitized-MBS,AAA,3247112764.708617,11.829030056170257,29.993314156880018,BBB,Q3
75.54,LIN-A-,19.87,12.5,33.25,9.92,"{'duration': 100.0, 'spread': 19.15, 'liquidity': 20, 'momentum': 50.73, 'stability': 97.96, 'currency': 49.74}",CALCULATED,2025-09-08T20:12:58.824251+00:00,SEC000111,Securitized-MBS,AAA,13726184104.018257,26.39352455266002,95.72720155305366,A,Q5 (Best)
62.6,LIN-BB+,6.94,12.5,33.25,9.91,"{'duration': 14.81, 'spread': 18.09, 'liquidity': 20, 'momentum': 50.42, 'stability': 97.96, 'currency': 49.87}",CALCULATED,2025-09-08T20:12:58.824338+00:00,SEC000112,Securitized-MBS,AAA,15392861083.579483,14.98193606573891,90.47343797961473,BB,Q1 (Worst)
72.74,LIN-BBB+,17.08,12.5,33.25,9.92,"{'duration': 78.08, 'spread': 12.25, 'liquidity': 35.27, 'momentum': 50.62, 'stability': 97.96, 'currency': 49.78}",CALCULATED,2025-09-08T20:12:58.824415+00:00,SEC000113,Securitized-MBS,AAA,1723976341.0172505,9.928781558479507,61.25273999853584,BBB,Q4
74.94,LIN-BBB+,19.26,12.5,33.25,9.93,"{'duration': 100.0, 'spread': 12.48, 'liquidity': 23.88, 'momentum': 50.87, 'stability': 97.96, 'currency': 49.81}",CALCULATED,2025-09-08T20:12:58.824496+00:00,SEC000114,Securitized-MBS,AAA,6399604981.223128,19.949127606066654,62.40276745942416,BBB,Q5 (Best)
66.22,LIN-BBB-,13.35,12.5,30.45,9.91,"{'duration': 62.2, 'spread': 11.9, 'liquidity': 22.37, 'momentum': 50.44, 'stability': 97.96, 'currency': 49.85}",CALCULATED,2025-09-08T20:12:58.824564+00:00,SEC000115,Securitized-MBS,AA,7608900961.351612,22.634158881576262,59.51968850337788,BBB,Q2
68.37,LIN-BBB,12.68,12.5,33.25,9.94,"{'duration': 58.47, 'spread': 12.74, 'liquidity': 20, 'momentum': 50.84, 'stability': 97.96, 'currency': 49.98}",CALCULATED,2025-09-08T20:12:58.824629+00:00,SEC000116,Securitized-MBS,AAA,17721155383.73397,10.404147062748518,63.6805010479236,BBB,Q3
70.18,LIN-BBB,17.32,12.5,30.45,9.91,"{'duration': 96.06, 'spread': 4.3, 'liquidity': 22.67, 'momentum': 50.57, 'stability': 97.96, 'currency': 49.7}",CALCULATED,2025-09-08T20:12:58.824699+00:00,SEC000117,Securitized-MBS,AA,7349541942.460374,17.12867906887542,21.482733495547983,BBB,Q3
73.65,LIN-BBB+,17.97,12.5,33.25,9.92,"{'duration': 100.0, 'spread': 6.5, 'liquidity': 20, 'momentum': 50.74, 'stability': 97.96, 'currency': 49.79}",CALCULATED,2025-09-08T20:12:58.824764+00:00,SEC000118,Securitized-MBS,AAA,10356614916.87966,13.95826039341905,32.48046319868665,BBB,Q5 (Best)
63.07,LIN-BB+,10.19,12.5,30.45,9.92,"{'duration': 33.84, 'spread': 11.85, 'liquidity': 33.42, 'momentum': 50.54, 'stability': 97.96, 'currency': 49.91}",CALCULATED,2025-09-08T20:12:58.824828+00:00,SEC000119,Securitized-MBS,AA,2133415905.3930993,28.738089001879075,59.24470140168495,BB,Q1 (Worst)
64.68,LIN-BB+,11.8,12.5,30.45,9.93,"{'duration': 60.78, 'spread': 4.54, 'liquidity': 20, 'momentum': 50.77, 'stability': 97.96, 'currency': 49.94}",CALCULATED,2025-09-08T20:12:58.824890+00:00,SEC000120,Securitized-MBS,AA,17855222591.258663,15.585994094717185,22.71474783308875,BB,Q2
74.17,LIN-BBB+,18.49,12.5,33.25,9.93,"{'duration': 100.0, 'spread': 8.24, 'liquidity': 22.53, 'momentum': 50.78, 'stability': 97.96, 'currency': 49.83}",CALCULATED,2025-09-08T20:12:58.824954+00:00,SEC000121,Securitized-MBS,AAA,7473807498.36901,5.7143366499385015,41.18157819070404,BBB,Q5 (Best)
69.13,LIN-BBB,13.48,12.5,33.25,9.9,"{'duration': 61.9, 'spread': 14.65, 'liquidity': 20, 'momentum': 50.45, 'stability': 97.96, 'currency': 49.64}",CALCULATED,2025-09-08T20:12:58.825016+00:00,SEC000122,Securitized-MBS,AAA,15477812155.785141,6.150263274556954,73.27427960146213,BBB,Q3
71.61,LIN-BBB,18.74,12.5,30.45,9.91,"{'duration': 100.0, 'spread': 11.61, 'liquidity': 20, 'momentum': 50.59, 'stability': 97.96, 'currency': 49.72}",CALCULATED,2025-09-08T20:12:58.825079+00:00,SEC000123,Securitized-MBS,AA,13861553209.869537,17.523646528501747,58.06605652949483,BBB,Q4
69.01,LIN-BBB,13.36,12.5,33.25,9.9,"{'duration': 57.65, 'spread': 18.11, 'liquidity': 20, 'momentum': 50.23, 'stability': 97.96, 'currency': 49.76}",CALCULATED,2025-09-08T20:12:58.825139+00:00,SEC000124,Securitized-MBS,AAA,16328347919.522436,13.128257123022884,90.56114821907582,BBB,Q3
65.22,LIN-BBB-,12.36,12.5,30.45,9.91,"{'duration': 54.24, 'spread': 10.34, 'liquidity': 26.75, 'momentum': 50.3, 'stability': 97.96, 'currency': 49.93}",CALCULATED,2025-09-08T20:12:58.825205+00:00,SEC000125,Securitized-MBS,AA,4594784804.1772585,6.8263456725656795,51.69228172415047,BBB,Q2
74.27,LIN-BBB+,18.62,12.5,33.25,9.91,"{'duration': 98.25, 'spread': 7.17, 'liquidity': 28.04, 'momentum': 50.3, 'stability': 97.96, 'currency': 49.86}",CALCULATED,2025-09-08T20:12:58.825270+00:00,SEC000126,Securitized-MBS,AAA,3964512092.2930813,24.93573423759797,35.84377347795784,BBB,Q5 (Best)
72.58,LIN-BBB+,19.7,12.5,30.45,9.93,"{'duration': 100.0, 'spread': 12.83, 'liquidity': 27.71, 'momentum': 50.74, 'stability': 97.96, 'currency': 49.94}",CALCULATED,2025-09-08T20:12:58.825340+00:00,SEC000127,Securitized-MBS,AA,4117468530.8049054,6.710672540494174,64.15389711297253,BBB,Q4
61.87,LIN-BB+,9.0,12.5,30.45,9.92,"{'duration': 37.63, 'spread': 8.02, 'liquidity': 21.56, 'momentum': 50.67, 'stability': 97.96, 'currency': 49.71}",CALCULATED,2025-09-08T20:12:58.825443+00:00,SEC000128,Securitized-MBS,AA,8359201117.426951,10.126941589795178,40.12170973909282,BB,Q1 (Worst)
70.6,LIN-BBB,17.73,12.5,30.45,9.92,"{'duration': 85.2, 'spread': 10.33, 'liquidity': 34.05, 'momentum': 50.58, 'stability': 97.96, 'currency': 49.8}",CALCULATED,2025-09-08T20:12:58.825526+00:00,SEC000129,Securitized-MBS,AA,1984219205.71911,20.143011906558492,51.64007276999772,BBB,Q3
65.14,LIN-BBB-,9.47,12.5,33.25,9.92,"{'duration': 44.95, 'spread': 4.24, 'liquidity': 20.87, 'momentum': 50.72, 'stability': 97.96, 'currency': 49.72}",CALCULATED,2025-09-08T20:12:58.825593+00:00,SEC000130,Securitized-MBS,AAA,9050269129.471478,25.428501253302052,21.20302956013755,BBB,Q2
63.98,LIN-BB+,14.25,12.5,27.3,9.93,"{'duration': 65.05, 'spread': 16.59, 'liquidity': 20, 'momentum': 50.76, 'stability': 97.96, 'currency': 49.9}",CALCULATED,2025-09-08T20:12:58.825659+00:00,SEC000131,Securitized-MBS,A,19360615344.87769,8.334182482147819,82.9618726033,BB,Q2
61.87,LIN-BB+,9.0,12.5,30.45,9.92,"{'duration': 39.86, 'spread': 6.83, 'liquidity': 20, 'momentum': 50.51, 'stability': 97.96, 'currency': 49.89}",CALCULATED,2025-09-08T20:12:58.825723+00:00,SEC000132,Securitized-MBS,AA,13071997558.52189,28.550300290696587,34.131299634282016,BB,Q1 (Worst)
62.33,LIN-BB+,9.47,12.5,30.45,9.92,"{'duration': 43.08, 'spread': 6.69, 'liquidity': 20, 'momentum': 50.66, 'stability': 97.96, 'currency': 49.76}",CALCULATED,2025-09-08T20:12:58.825787+00:00,SEC000133,Securitized-MBS,AA,11552779975.704016,20.017037341076733,33.44534991154629,BB,Q1 (Worst)
69.98,LIN-BBB,14.32,12.5,33.25,9.91,"{'duration': 72.24, 'spread': 6.35, 'liquidity': 25.36, 'momentum': 50.38, 'stability': 97.96, 'currency': 49.79}",CALCULATED,2025-09-08T20:12:58.825850+00:00,SEC000134,Securitized-MBS,AAA,5396646484.202161,22.209224995382584,31.731208406055824,BBB,Q3
68.12,LIN-BBB,18.39,12.5,27.3,9.93,"{'duration': 92.92, 'spread': 16.37, 'liquidity': 20, 'momentum': 50.85, 'stability': 97.96, 'currency': 49.81}",CALCULATED,2025-09-08T20:12:58.825913+00:00,SEC000135,Securitized-MBS,A,16426483486.102957,24.696752089615323,81.8697334065995,BBB,Q3
65.45,LIN-BBB-,9.78,12.5,33.25,9.92,"{'duration': 46.39, 'spread': 4.08, 'liquidity': 22.13, 'momentum': 50.75, 'stability': 97.96, 'currency': 49.7}",CALCULATED,2025-09-08T20:12:58.825976+00:00,SEC000136,Securitized-MBS,AAA,7825150636.250324,18.737582668683572,20.389745045309347,BBB,Q2
66.25,LIN-BBB-,16.54,12.5,27.3,9.91,"{'duration': 90.02, 'spread': 6.89, 'liquidity': 20, 'momentum': 50.47, 'stability': 97.96, 'currency': 49.85}",CALCULATED,2025-09-08T20:12:58.826044+00:00,SEC000137,Securitized-MBS,A,19799909222.43735,27.995248679898637,34.45394309978688,BBB,Q2
72.36,LIN-BBB+,19.51,12.5,30.45,9.9,"{'duration': 100.0, 'spread': 16.74, 'liquidity': 20, 'momentum': 50.25, 'stability': 97.96, 'currency': 49.75}",CALCULATED,2025-09-08T20:12:58.826109+00:00,SEC000138,Securitized-MBS,AA,15233998352.025372,12.515190738462955,83.68755327854731,BBB,Q4
74.88,LIN-BBB+,19.23,12.5,33.25,9.9,"{'duration': 100.0, 'spread': 14.86, 'liquidity': 20, 'momentum': 50.14, 'stability': 97.96, 'currency': 49.86}",CALCULATED,2025-09-08T20:12:58.826172+00:00,SEC000139,Securitized-MBS,AAA,17974464546.754265,15.773830756238384,74.30007242888051,BBB,Q5 (Best)
74.82,LIN-BBB+,19.15,12.5,33.25,9.92,"{'duration': 100.0, 'spread': 14.32, 'liquidity': 20, 'momentum': 50.44, 'stability': 97.96, 'currency': 49.96}",CALCULATED,2025-09-08T20:12:58.826233+00:00,SEC000140,Securitized-MBS,AAA,16657271253.362854,19.691291184816805,71.59130771193126,BBB,Q5 (Best)
65.25,LIN-BBB-,12.38,12.5,30.45,9.92,"{'duration': 51.06, 'spread': 13.4, 'liquidity': 27.07, 'momentum': 50.61, 'stability': 97.96, 'currency': 49.89}",CALCULATED,2025-09-08T20:12:58.826296+00:00,SEC000141,Securitized-MBS,AA,4429665195.166449,26.651643641525087,66.9753449065714,BBB,Q2
74.38,LIN-BBB+,18.71,12.5,33.25,9.93,"{'duration': 100.0, 'spread': 6.38, 'liquidity': 27.5, 'momentum': 50.7, 'stability': 97.96, 'currency': 49.84}",CALCULATED,2025-09-08T20:12:58.826362+00:00,SEC000142,Securitized-MBS,AAA,4216350336.7440295,26.422859395610253,31.896114940539704,BBB,Q5 (Best)
69.04,LIN-BBB,13.36,12.5,33.25,9.94,"{'duration': 50.37, 'spread': 16.21, 'liquidity': 33.7, 'momentum': 51.03, 'stability': 97.96, 'currency': 49.76}",CALCULATED,2025-09-08T20:12:58.826427+00:00,SEC000143,Securitized-MBS,AAA,2065855798.6339025,28.313047129632402,81.02664901067051,BBB,Q3
71.57,LIN-BBB,15.89,12.5,33.25,9.93,"{'duration': 79.32, 'spread': 13.26, 'liquidity': 20, 'momentum': 50.77, 'stability': 97.96, 'currency': 49.91}",CALCULATED,2025-09-08T20:12:58.826490+00:00,SEC000144,Securitized-MBS,AAA,15836107827.365927,26.188599908485568,66.30105626826804,BBB,Q4
61.92,LIN-BB+,12.2,12.5,27.3,9.92,"{'duration': 60.18, 'spread': 7.82, 'liquidity': 20, 'momentum': 50.71, 'stability': 97.96, 'currency': 49.79}",CALCULATED,2025-09-08T20:12:58.826552+00:00,SEC000145,Securitized-MBS,A,15084133345.549952,19.534181198835043,39.09647212643449,BB,Q1 (Worst)
73.1,LIN-BBB+,17.44,12.5,33.25,9.92,"{'duration': 98.06, 'spread': 4.87, 'liquidity': 20, 'momentum': 50.63, 'stability': 97.96, 'currency': 49.73}",CALCULATED,2025-09-08T20:12:58.826620+00:00,SEC000146,Securitized-MBS,AAA,11023842039.667433,8.99176557635339,24.333260132975248,BBB,Q5 (Best)
59.96,LIN-BB+,7.1,12.5,30.45,9.91,"{'duration': 15.79, 'spread': 16.83, 'liquidity': 22.05, 'momentum': 50.52, 'stability': 97.96, 'currency': 49.81}",CALCULATED,2025-09-08T20:12:58.826683+00:00,SEC000147,Securitized-MBS,AA,7893160372.193826,18.565650760391158,84.1642582625607,BB,Q1 (Worst)
62.3,LIN-BB+,6.62,12.5,33.25,9.92,"{'duration': 22.28, 'spread': 6.56, 'liquidity': 22.98, 'momentum': 50.72, 'stability': 97.96, 'currency': 49.75}",CALCULATED,2025-09-08T20:12:58.826745+00:00,SEC000148,Securitized-MBS,AAA,7097182043.023852,20.85988138848756,32.81198974180452,BB,Q1 (Worst)
71.78,LIN-BBB,18.92,12.5,30.45,9.92,"{'duration': 100.0, 'spread': 12.77, 'liquidity': 20, 'momentum': 50.65, 'stability': 97.96, 'currency': 49.73}",CALCULATED,2025-09-08T20:12:58.826806+00:00,SEC000149,Securitized-MBS,AA,13211755940.91694,28.656193058288316,63.84975361013376,BBB,Q4
71.0,LIN-BBB,15.34,12.5,33.25,9.91,"{'duration': 78.15, 'spread': 10.75, 'liquidity': 20, 'momentum': 50.45, 'stability': 97.96, 'currency': 49.86}",CALCULATED,2025-09-08T20:12:58.826877+00:00,SEC000150,Securitized-MBS,AAA,17822875233.593765,15.06069280485461,53.7667041786198,BBB,Q4
70.2,LIN-BBB,14.54,12.5,33.25,9.91,"{'duration': 68.08, 'spread': 15.53, 'liquidity': 20, 'momentum': 50.42, 'stability': 97.96, 'currency': 49.84}",CALCULATED,2025-09-08T20:12:58.826987+00:00,SEC000151,Securitized-MBS,AAA,11422320725.07146,6.780795177669766,77.6615425181977,BBB,Q3
57.44,LIN-BB+,7.72,12.5,27.3,9.92,"{'duration': 24.41, 'spread': 12.06, 'liquidity': 22.48, 'momentum': 50.66, 'stability': 97.96, 'currency': 49.8}",CALCULATED,2025-09-08T20:12:58.827062+00:00,SEC000152,Securitized-MBS,A,7517820482.375392,15.288979158394291,60.30248263261781,BB,Q1 (Worst)
74.41,LIN-BBB+,18.77,12.5,33.25,9.89,"{'duration': 100.0, 'spread': 6.91, 'liquidity': 27.3, 'momentum': 50.04, 'stability': 97.96, 'currency': 49.9}",CALCULATED,2025-09-08T20:12:58.827126+00:00,SEC000153,Securitized-MBS,AAA,4317471125.269594,6.003393173619946,34.533610695634536,BBB,Q5 (Best)
67.3,LIN-BBB-,11.65,12.5,33.25,9.91,"{'duration': 54.65, 'spread': 9.65, 'liquidity': 20, 'momentum': 50.45, 'stability': 97.96, 'currency': 49.74}",CALCULATED,2025-09-08T20:12:58.827217+00:00,SEC000154,Securitized-MBS,AAA,13169016025.071785,11.845382794994041,48.25377101831889,BBB,Q2
69.39,LIN-BBB,16.52,12.5,30.45,9.91,"{'duration': 85.34, 'spread': 7.3, 'liquidity': 26.27, 'momentum': 50.53, 'stability': 97.96, 'currency': 49.77}",CALCULATED,2025-09-08T20:12:58.827288+00:00,SEC000155,Securitized-MBS,AA,4858972827.744595,7.130244360581473,36.50248651578197,BBB,Q3
69.08,LIN-BBB,19.39,12.5,27.3,9.9,"{'duration': 100.0, 'spread': 13.83, 'liquidity': 23.12, 'momentum': 50.36, 'stability': 97.96, 'currency': 49.59}",CALCULATED,2025-09-08T20:12:58.827352+00:00,SEC000156,Securitized-MBS,A,6986301575.377435,10.668747973764866,69.13697213236401,BBB,Q3
71.17,LIN-BBB,18.31,12.5,30.45,9.91,"{'duration': 100.0, 'spread': 8.71, 'liquidity': 20, 'momentum': 50.61, 'stability': 97.96, 'currency': 49.69}",CALCULATED,2025-09-08T20:12:58.827423+00:00,SEC000157,Securitized-MBS,AA,18389537045.621162,23.634084889079197,43.535353494104015,BBB,Q4
67.84,LIN-BBB-,14.98,12.5,30.45,9.92,"{'duration': 70.74, 'spread': 8.64, 'liquidity': 30.7, 'momentum': 50.54, 'stability': 97.96, 'currency': 49.83}",CALCULATED,2025-09-08T20:12:58.827488+00:00,SEC000158,Securitized-MBS,AA,2916752044.920734,29.234385200825432,43.210293039545135,BBB,Q3
68.91,LIN-BBB,16.04,12.5,30.45,9.92,"{'duration': 81.1, 'spread': 12.48, 'liquidity': 20, 'momentum': 50.62, 'stability': 97.96, 'currency': 49.87}",CALCULATED,2025-09-08T20:12:58.827552+00:00,SEC000159,Securitized-MBS,AA,11235271141.619373,27.07728654688429,62.387249237084134,BBB,Q3
63.24,LIN-BB+,10.37,12.5,30.45,9.92,"{'duration': 48.65, 'spread': 6.66, 'liquidity': 20.72, 'momentum': 50.66, 'stability': 97.96, 'currency': 49.87}",CALCULATED,2025-09-08T20:12:58.827614+00:00,SEC000160,Securitized-MBS,AA,9199477360.504274,6.301423163070369,33.31213956988384,BB,Q1 (Worst)
75.61,LIN-A-,19.94,12.5,33.25,9.91,"{'duration': 100.0, 'spread': 19.61, 'liquidity': 20, 'momentum': 50.51, 'stability': 97.96, 'currency': 49.83}",CALCULATED,2025-09-08T20:12:58.827678+00:00,SEC000161,Securitized-MBS,AAA,16090878804.657274,6.848083972979916,98.06781232503268,A,Q5 (Best)
59.97,LIN-BB+,7.09,12.5,30.45,9.93,"{'duration': 27.16, 'spread': 6.79, 'liquidity': 20, 'momentum': 50.84, 'stability': 97.96, 'currency': 49.79}",CALCULATED,2025-09-08T20:12:58.827740+00:00,SEC000162,Securitized-MBS,AA,17211300200.44452,10.317701552964962,33.966559691649046,BB,Q1 (Worst)
61.26,LIN-BB+,8.4,12.5,30.45,9.92,"{'duration': 29.82, 'spread': 12.82, 'liquidity': 20, 'momentum': 50.67, 'stability': 97.96, 'currency': 49.71}",CALCULATED,2025-09-08T20:12:58.827804+00:00,SEC000163,Securitized-MBS,AA,10581738260.172672,6.251234630724602,64.1213640393359,BB,Q1 (Worst)
75.07,LIN-A-,19.41,12.5,33.25,9.91,"{'duration': 98.78, 'spread': 17.28, 'liquidity': 20, 'momentum': 50.47, 'stability': 97.96, 'currency': 49.67}",CALCULATED,2025-09-08T20:12:58.827868+00:00,SEC000164,Securitized-MBS,AAA,10190681696.413721,15.561970628615555,86.4238534510845,A,Q5 (Best)
67.5,LIN-BBB-,17.77,12.5,27.3,9.93,"{'duration': 100.0, 'spread': 5.16, 'liquidity': 20, 'momentum': 50.73, 'stability': 97.96, 'currency': 49.87}",CALCULATED,2025-09-08T20:12:58.827951+00:00,SEC000165,Securitized-MBS,A,12323105592.984333,29.20756822608701,25.8241462832318,BBB,Q3
75.47,LIN-A-,19.79,12.5,33.25,9.93,"{'duration': 100.0, 'spread': 18.41, 'liquidity': 20.26, 'momentum': 50.68, 'stability': 97.96, 'currency': 50.0}",CALCULATED,2025-09-08T20:12:58.828030+00:00,SEC000166,Securitized-MBS,AAA,9706265853.173096,25.726468112112126,92.04299951724994,A,Q5 (Best)
74.2,LIN-BBB+,18.51,12.5,33.25,9.94,"{'duration': 100.0, 'spread': 8.62, 'liquidity': 22.18, 'momentum': 51.01, 'stability': 97.96, 'currency': 49.74}",CALCULATED,2025-09-08T20:12:58.828099+00:00,SEC000167,Securitized-MBS,AAA,7782553331.2473135,14.832509707414735,43.11107801204541,BBB,Q5 (Best)
75.02,LIN-A-,19.36,12.5,33.25,9.92,"{'duration': 100.0, 'spread': 15.7, 'liquidity': 20, 'momentum': 50.61, 'stability': 97.96, 'currency': 49.79}",CALCULATED,2025-09-08T20:12:58.828163+00:00,SEC000168,Securitized-MBS,AAA,18919539508.58999,26.107147006931417,78.52125213721443,A,Q5 (Best)
67.49,LIN-BBB-,11.81,12.5,33.25,9.92,"{'duration': 60.59, 'spread': 4.83, 'liquidity': 20, 'momentum': 50.63, 'stability': 97.96, 'currency': 49.86}",CALCULATED,2025-09-08T20:12:58.828268+00:00,SEC000169,Securitized-MBS,AAA,16292198309.053846,15.187162081933074,24.1290472371192,BBB,Q3
67.58,LIN-BBB-,14.72,12.5,30.45,9.91,"{'duration': 77.6, 'spread': 7.18, 'liquidity': 20, 'momentum': 50.49, 'stability': 97.96, 'currency': 49.83}",CALCULATED,2025-09-08T20:12:58.828352+00:00,SEC000170,Securitized-MBS,AA,10295925027.705194,6.803231889952511,35.885648222030575,BBB,Q3
71.25,LIN-BBB,18.37,12.5,30.45,9.93,"{'duration': 100.0, 'spread': 9.11, 'liquidity': 20, 'momentum': 50.61, 'stability': 97.96, 'currency': 50.0}",CALCULATED,2025-09-08T20:12:58.828422+00:00,SEC000171,Securitized-MBS,AA,13762202956.339434,24.897677508023403,45.5681161233079,BBB,Q4
74.65,LIN-BBB+,18.98,12.5,33.25,9.92,"{'duration': 100.0, 'spread': 13.21, 'liquidity': 20, 'momentum': 50.37, 'stability': 97.96, 'currency': 49.99}",CALCULATED,2025-09-08T20:12:58.828486+00:00,SEC000172,Securitized-MBS,AAA,11050666343.361376,20.522418717931224,66.064367918184,BBB,Q5 (Best)
68.47,LIN-BBB,18.76,12.5,27.3,9.91,"{'duration': 100.0, 'spread': 6.64, 'liquidity': 27.68, 'momentum': 50.41, 'stability': 97.96, 'currency': 49.85}",CALCULATED,2025-09-08T20:12:58.828551+00:00,SEC000173,Securitized-MBS,A,4131616845.299638,20.659268631834472,33.20233997462263,BBB,Q3
60.42,LIN-BB+,7.57,12.5,30.45,9.9,"{'duration': 26.93, 'spread': 10.22, 'liquidity': 20, 'momentum': 50.18, 'stability': 97.96, 'currency': 49.83}",CALCULATED,2025-09-08T20:12:58.828615+00:00,SEC000174,Securitized-MBS,AA,15949824311.75576,15.401768310920003,51.08546848600361,BB,Q1 (Worst)
64.93,LIN-BB+,9.27,12.5,33.25,9.91,"{'duration': 29.08, 'spread': 19.36, 'liquidity': 20, 'momentum': 50.36, 'stability': 97.96, 'currency': 49.97}",CALCULATED,2025-09-08T20:12:58.828681+00:00,SEC000175,Securitized-MBS,AAA,18611729417.797245,9.512453611429612,96.79858485798735,BB,Q2
71.34,LIN-BBB,15.68,12.5,33.25,9.91,"{'duration': 78.04, 'spread': 13.16, 'liquidity': 20, 'momentum': 50.37, 'stability': 97.96, 'currency': 49.85}",CALCULATED,2025-09-08T20:12:58.828746+00:00,SEC000176,Securitized-MBS,AAA,11365505207.259327,13.295909597254205,65.77663589132,BBB,Q4
68.1,LIN-BBB,18.39,12.5,27.3,9.91,"{'duration': 100.0, 'spread': 7.73, 'liquidity': 22.26, 'momentum': 50.48, 'stability': 97.96, 'currency': 49.82}",CALCULATED,2025-09-08T20:12:58.828816+00:00,SEC000177,Securitized-MBS,A,7705673597.328038,8.220348377332463,38.665465858705545,BBB,Q3
68.49,LIN-BBB,15.63,12.5,30.45,9.91,"{'duration': 77.53, 'spread': 13.32, 'liquidity': 20, 'momentum': 50.53, 'stability': 97.96, 'currency': 49.72}",CALCULATED,2025-09-08T20:12:58.828883+00:00,SEC000178,Securitized-MBS,AA,15402071616.629341,7.788702247459734,66.57569617475153,BBB,Q3
71.85,LIN-BBB,16.2,12.5,33.25,9.9,"{'duration': 83.96, 'spread': 10.16, 'liquidity': 20.83, 'momentum': 50.29, 'stability': 97.96, 'currency': 49.75}",CALCULATED,2025-09-08T20:12:58.828980+00:00,SEC000179,Securitized-MBS,AAA,9086741309.415993,9.967425939743194,50.80652994213885,BBB,Q4
75.32,LIN-A-,19.65,12.5,33.25,9.92,"{'duration': 99.5, 'spread': 18.17, 'liquidity': 20, 'momentum': 50.67, 'stability': 97.96, 'currency': 49.85}",CALCULATED,2025-09-08T20:12:58.829050+00:00,SEC000180,Securitized-MBS,AAA,19875335814.02673,23.063988307130845,90.85150742180758,A,Q5 (Best)
57.78,LIN-BB+,8.06,12.5,27.3,9.92,"{'duration': 32.34, 'spread': 8.06, 'liquidity': 20, 'momentum': 50.56, 'stability': 97.96, 'currency': 49.81}",CALCULATED,2025-09-08T20:12:58.829117+00:00,SEC000181,Securitized-MBS,A,10520243152.676329,25.638341779217008,40.29805253374289,BB,Q1 (Worst)
61.57,LIN-BB+,5.93,12.5,33.25,9.89,"{'duration': 18.17, 'spread': 6.97, 'liquidity': 21.59, 'momentum': 50.45, 'stability': 97.96, 'currency': 49.46}",CALCULATED,2025-09-08T20:12:58.829185+00:00,SEC000182,Securitized-MBS,AAA,8329398010.714991,24.64161596497424,34.84324755436045,BB,Q1 (Worst)
67.79,LIN-BBB-,18.06,12.5,27.3,9.93,"{'duration': 100.0, 'spread': 7.07, 'liquidity': 20, 'momentum': 50.7, 'stability': 97.96, 'currency': 49.97}",CALCULATED,2025-09-08T20:12:58.829256+00:00,SEC000183,Securitized-MBS,A,14364169339.29289,18.417380836968483,35.37133169664657,BBB,Q3
68.72,LIN-BBB,19.0,12.5,27.3,9.92,"{'duration': 100.0, 'spread': 13.35, 'liquidity': 20, 'momentum': 50.56, 'stability': 97.96, 'currency': 49.84}",CALCULATED,2025-09-08T20:12:58.829323+00:00,SEC000184,Securitized-MBS,A,17960525195.791,7.6829558775035895,66.74970869304835,BBB,Q3
67.7,LIN-BBB-,14.86,12.5,30.45,9.89,"{'duration': 65.88, 'spread': 19.84, 'liquidity': 20, 'momentum': 49.98, 'stability': 97.96, 'currency': 49.87}",CALCULATED,2025-09-08T20:12:58.829393+00:00,SEC000185,Securitized-MBS,AA,11241713322.068628,28.561182173774217,99.17941272815827,BBB,Q3
67.25,LIN-BBB-,14.4,12.5,30.45,9.9,"{'duration': 76.8, 'spread': 5.86, 'liquidity': 20, 'momentum': 50.22, 'stability': 97.96, 'currency': 49.8}",CALCULATED,2025-09-08T20:12:58.829460+00:00,SEC000186,Securitized-MBS,AA,19048732538.872334,17.588411449380892,29.28234913373924,BBB,Q2
70.11,LIN-BBB,20.4,12.5,27.3,9.91,"{'duration': 100.0, 'spread': 17.68, 'liquidity': 27.44, 'momentum': 50.31, 'stability': 97.96, 'currency': 49.94}",CALCULATED,2025-09-08T20:12:58.829532+00:00,SEC000187,Securitized-MBS,A,4245127113.645309,11.57724335152391,88.3830149795682,BBB,Q3
71.23,LIN-BBB,18.38,12.5,30.45,9.91,"{'duration': 100.0, 'spread': 5.69, 'liquidity': 25.25, 'momentum': 50.33, 'stability': 97.96, 'currency': 49.84}",CALCULATED,2025-09-08T20:12:58.829603+00:00,SEC000188,Securitized-MBS,AA,5463103625.206795,11.401092708342283,28.43513849295981,BBB,Q4
60.26,LIN-BB+,7.4,12.5,30.45,9.9,"{'duration': 23.95, 'spread': 9.57, 'liquidity': 23.75, 'momentum': 50.54, 'stability': 97.96, 'currency': 49.6}",CALCULATED,2025-09-08T20:12:58.829677+00:00,SEC000189,Securitized-MBS,AA,6491408090.533406,6.420639604528398,47.87433155788146,BB,Q1 (Worst)
65.47,LIN-BBB-,12.61,12.5,30.45,9.92,"{'duration': 55.31, 'spread': 13.28, 'liquidity': 23.19, 'momentum': 50.54, 'stability': 97.96, 'currency': 49.81}",CALCULATED,2025-09-08T20:12:58.829743+00:00,SEC000190,Securitized-MBS,AA,6924723404.158388,15.466749493374158,66.39533042314483,BBB,Q2
70.8,LIN-BBB,15.14,12.5,33.25,9.91,"{'duration': 73.76, 'spread': 8.73, 'liquidity': 27.7, 'momentum': 50.35, 'stability': 97.96, 'currency': 49.79}",CALCULATED,2025-09-08T20:12:58.829811+00:00,SEC000191,Securitized-MBS,AAA,4122467102.8926926,15.2780788691227,43.626988017464505,BBB,Q3
72.77,LIN-BBB+,17.1,12.5,33.25,9.92,"{'duration': 89.27, 'spread': 10.58, 'liquidity': 21.22, 'momentum': 50.63, 'stability': 97.96, 'currency': 49.8}",CALCULATED,2025-09-08T20:12:58.829878+00:00,SEC000192,Securitized-MBS,AAA,8691785445.841787,26.90438222654769,52.920630320504316,BBB,Q4
65.3,LIN-BBB-,12.43,12.5,30.45,9.92,"{'duration': 49.27, 'spread': 14.79, 'liquidity': 28.18, 'momentum': 50.55, 'stability': 97.96, 'currency': 49.84}",CALCULATED,2025-09-08T20:12:58.829969+00:00,SEC000193,Securitized-MBS,AA,3898019244.3007336,23.90718473774335,73.97013370522619,BBB,Q2
71.9,LIN-BBB,19.05,12.5,30.45,9.9,"{'duration': 100.0, 'spread': 4.56, 'liquidity': 33.64, 'momentum': 50.51, 'stability': 97.96, 'currency': 49.53}",CALCULATED,2025-09-08T20:12:58.830043+00:00,SEC000194,Securitized-MBS,AA,2080353551.8004653,26.72289755640179,22.791382877059387,BBB,Q4
74.52,LIN-BBB+,18.83,12.5,33.25,9.94,"{'duration': 100.0, 'spread': 12.23, 'liquidity': 20, 'momentum': 50.89, 'stability': 97.96, 'currency': 49.91}",CALCULATED,2025-09-08T20:12:58.830107+00:00,SEC000195,Securitized-MBS,AAA,14609644506.52836,18.0348949054267,61.141142738335475,BBB,Q5 (Best)
72.25,LIN-BBB+,19.38,12.5,30.45,9.92,"{'duration': 100.0, 'spread': 15.87, 'liquidity': 20, 'momentum': 50.59, 'stability': 97.96, 'currency': 49.87}",CALCULATED,2025-09-08T20:12:58.830171+00:00,SEC000196,Securitized-MBS,AA,17366257761.606228,10.67593053379222,79.34159896678004,BBB,Q4
68.04,LIN-BBB,18.34,12.5,27.3,9.9,"{'duration': 100.0, 'spread': 8.94, 'liquidity': 20, 'momentum': 50.35, 'stability': 97.96, 'currency': 49.73}",CALCULATED,2025-09-08T20:12:58.830242+00:00,SEC000197,Securitized-MBS,A,12736477462.891783,14.741620477113063,44.71980285129209,BBB,Q3
69.85,LIN-BBB,14.18,12.5,33.25,9.92,"{'duration': 62.79, 'spread': 5.49, 'liquidity': 39.37, 'momentum': 50.42, 'stability': 97.96, 'currency': 49.97}",CALCULATED,2025-09-08T20:12:58.830307+00:00,SEC000198,Securitized-MBS,AAA,1075607845.7237756,19.35872392779302,27.46620653233822,BBB,Q3
67.17,LIN-BBB-,11.49,12.5,33.25,9.93,"{'duration': 56.37, 'spread': 6.91, 'liquidity': 20, 'momentum': 50.81, 'stability': 97.96, 'currency': 49.78}",CALCULATED,2025-09-08T20:12:58.830371+00:00,SEC000199,Securitized-MBS,AAA,16124064733.084581,28.142105438358634,34.56938957453914,BBB,Q2
76.79,LIN-A-,21.14,12.5,33.25,9.9,"{'duration': 100.0, 'spread': 19.12, 'liquidity': 32.7, 'momentum': 50.22, 'stability': 97.96, 'currency': 49.87}",CALCULATED,2025-09-08T20:12:58.830433+00:00,SEC000200,Securitized-MBS,AAA,2318336448.503994,17.373320733141128,95.59904816258475,A,Q5 (Best)
70.54,LIN-BBB,14.87,12.5,33.25,9.91,"{'duration': 69.47, 'spread': 11.09, 'liquidity': 27.9, 'momentum': 50.51, 'stability': 97.96, 'currency': 49.77}",CALCULATED,2025-09-08T20:12:58.830495+00:00,SEC000201,Securitized-MBS,AAA,4029298689.6913724,13.877660203029606,55.46472136545969,BBB,Q3
71.29,LIN-BBB,18.44,12.5,30.45,9.9,"{'duration': 100.0, 'spread': 7.43, 'liquidity': 23.22, 'momentum': 50.37, 'stability': 97.96, 'currency': 49.73}",CALCULATED,2025-09-08T20:12:58.830559+00:00,SEC000202,Securitized-MBS,AA,6901619650.968856,19.98178747456802,37.15407145124524,BBB,Q4
63.94,LIN-BB+,14.24,12.5,27.3,9.9,"{'duration': 76.92, 'spread': 4.69, 'liquidity': 20, 'momentum': 50.4, 'stability': 97.96, 'currency': 49.66}",CALCULATED,2025-09-08T20:12:58.830626+00:00,SEC000203,Securitized-MBS,A,18198520987.439007,20.49978651289465,23.461260226841432,BB,Q2
65.26,LIN-BBB-,9.6,12.5,33.25,9.91,"{'duration': 38.08, 'spread': 11.52, 'liquidity': 21.61, 'momentum': 50.21, 'stability': 97.96, 'currency': 49.96}",CALCULATED,2025-09-08T20:12:58.830689+00:00,SEC000204,Securitized-MBS,AAA,8307202708.905901,10.411078970172978,57.60993963973228,BBB,Q2
63.19,LIN-BB+,7.52,12.5,33.25,9.92,"{'duration': 20.34, 'spread': 9.38, 'liquidity': 30.58, 'momentum': 50.5, 'stability': 97.96, 'currency': 49.94}",CALCULATED,2025-09-08T20:12:58.830754+00:00,SEC000205,Securitized-MBS,AAA,2959523138.731083,17.531215315673325,46.904907471851786,BB,Q1 (Worst)
72.99,LIN-BBB+,17.34,12.5,33.25,9.9,"{'duration': 81.9, 'spread': 13.69, 'liquidity': 30.02, 'momentum': 50.35, 'stability': 97.96, 'currency': 49.7}",CALCULATED,2025-09-08T20:12:58.830816+00:00,SEC000206,Securitized-MBS,AAA,3154074671.093902,27.972000904541655,68.44666206982053,BBB,Q4
74.28,LIN-BBB+,18.61,12.5,33.25,9.92,"{'duration': 97.38, 'spread': 13.36, 'liquidity': 20, 'momentum': 50.63, 'stability': 97.96, 'currency': 49.76}",CALCULATED,2025-09-08T20:12:58.830880+00:00,SEC000207,Securitized-MBS,AAA,17721702940.578815,24.02641379089172,66.80154100149235,BBB,Q5 (Best)
62.48,LIN-BB+,6.81,12.5,33.25,9.92,"{'duration': 11.55, 'spread': 12.7, 'liquidity': 31.68, 'momentum': 50.62, 'stability': 97.96, 'currency': 49.9}",CALCULATED,2025-09-08T20:12:58.830975+00:00,SEC000208,Securitized-MBS,AAA,2605833509.7565565,23.80767723877293,63.511648322991825,BB,Q1 (Worst)
68.34,LIN-BBB,15.47,12.5,30.45,9.91,"{'duration': 72.94, 'spread': 13.57, 'liquidity': 24.98, 'momentum': 50.57, 'stability': 97.96, 'currency': 49.68}",CALCULATED,2025-09-08T20:12:58.831045+00:00,SEC000209,Securitized-MBS,AA,5636113014.616109,15.085657452595356,67.83168265512742,BBB,Q3
68.42,LIN-BBB,18.69,12.5,27.3,9.93,"{'duration': 100.0, 'spread': 11.28, 'liquidity': 20, 'momentum': 50.7, 'stability': 97.96, 'currency': 49.96}",CALCULATED,2025-09-08T20:12:58.831111+00:00,SEC000210,Securitized-MBS,A,12172783791.74455,28.789991525921863,56.42458054493459,BBB,Q3
76.79,LIN-A-,21.12,12.5,33.25,9.92,"{'duration': 100.0, 'spread': 19.06, 'liquidity': 32.56, 'momentum': 50.62, 'stability': 97.96, 'currency': 49.92}",CALCULATED,2025-09-08T20:12:58.831177+00:00,SEC000211,Securitized-MBS,AAA,2355080603.4750443,14.230725722998944,95.31298581009753,A,Q5 (Best)
66.44,LIN-BBB-,10.78,12.5,33.25,9.91,"{'duration': 48.03, 'spread': 8.66, 'liquidity': 22.75, 'momentum': 50.56, 'stability': 97.96, 'currency': 49.75}",CALCULATED,2025-09-08T20:12:58.831241+00:00,SEC000212,Securitized-MBS,AAA,7287514727.707781,11.965888191844797,43.27798262147017,BBB,Q2
74.0,LIN-BBB+,18.33,12.5,33.25,9.92,"{'duration': 100.0, 'spread': 8.88, 'liquidity': 20, 'momentum': 50.41, 'stability': 97.96, 'currency': 49.95}",CALCULATED,2025-09-08T20:12:58.831304+00:00,SEC000213,Securitized-MBS,AAA,17175320942.878622,5.724178276731616,44.37621988022829,BBB,Q5 (Best)
74.59,LIN-BBB+,18.92,12.5,33.25,9.92,"{'duration': 93.6, 'spread': 17.51, 'liquidity': 22.55, 'momentum': 50.51, 'stability': 97.96, 'currency': 49.89}",CALCULATED,2025-09-08T20:12:58.831367+00:00,SEC000214,Securitized-MBS,AAA,7458420341.902398,13.358563765147917,87.53916719120171,BBB,Q5 (Best)
63.62,LIN-BB+,7.96,12.5,33.25,9.91,"{'duration': 20.57, 'spread': 18.87, 'liquidity': 20.48, 'momentum': 50.34, 'stability': 97.96, 'currency': 49.93}",CALCULATED,2025-09-08T20:12:58.831434+00:00,SEC000215,Securitized-MBS,AAA,9464968729.806421,5.951368214328946,94.33166861822984,BB,Q1 (Worst)
74.5,LIN-BBB+,18.83,12.5,33.25,9.92,"{'duration': 100.0, 'spread': 10.38, 'liquidity': 22.72, 'momentum': 50.54, 'stability': 97.96, 'currency': 49.89}",CALCULATED,2025-09-08T20:12:58.831497+00:00,SEC000216,Securitized-MBS,AAA,7314364292.697235,29.30366927951982,51.90941880451577,BBB,Q5 (Best)
68.71,LIN-BBB,15.85,12.5,30.45,9.91,"{'duration': 72.03, 'spread': 12.56, 'liquidity': 31.63, 'momentum': 50.46, 'stability': 97.96, 'currency': 49.86}",CALCULATED,2025-09-08T20:12:58.831563+00:00,SEC000217,Securitized-MBS,AA,2621978137.180339,23.602429197972505,62.77535668318379,BBB,Q3
67.98,LIN-BBB-,18.26,12.5,27.3,9.92,"{'duration': 100.0, 'spread': 8.42, 'liquidity': 20, 'momentum': 50.55, 'stability': 97.96, 'currency': 49.88}",CALCULATED,2025-09-08T20:12:58.831627+00:00,SEC000218,Securitized-MBS,A,13610447055.06833,14.729515090655713,42.09769861154784,BBB,Q3
70.79,LIN-BBB,17.91,12.5,30.45,9.94,"{'duration': 100.0, 'spread': 6.05, 'liquidity': 20, 'momentum': 50.75, 'stability': 97.96, 'currency': 50.0}",CALCULATED,2025-09-08T20:12:58.831691+00:00,SEC000219,Securitized-MBS,AA,10694349515.912392,23.955254642424126,30.271008854727548,BBB,Q3
67.82,LIN-BBB-,14.96,12.5,30.45,9.91,"{'duration': 80.27, 'spread': 4.5, 'liquidity': 22.5, 'momentum': 50.33, 'stability': 97.96, 'currency': 49.91}",CALCULATED,2025-09-08T20:12:58.831753+00:00,SEC000220,Securitized-MBS,AA,7495392977.618913,20.35888887029259,22.477794010272937,BBB,Q3
62.41,LIN-BB+,12.69,12.5,27.3,9.92,"{'duration': 56.63, 'spread': 6.55, 'liquidity': 32.08, 'momentum': 50.65, 'stability': 97.96, 'currency': 49.81}",CALCULATED,2025-09-08T20:12:58.831819+00:00,SEC000221,Securitized-MBS,A,2488413845.9530563,16.801786908213664,32.76277942409199,BB,Q1 (Worst)
65.55,LIN-BBB-,9.88,12.5,33.25,9.92,"{'duration': 38.3, 'spread': 13.15, 'liquidity': 21.61, 'momentum': 50.64, 'stability': 97.96, 'currency': 49.71}",CALCULATED,2025-09-08T20:12:58.831880+00:00,SEC000222,Securitized-MBS,AAA,8311720097.541535,6.694551313910591,65.7659272010417,BBB,Q2
71.4,LIN-BBB,18.52,12.5,30.45,9.93,"{'duration': 100.0, 'spread': 10.16, 'liquidity': 20, 'momentum': 50.78, 'stability': 97.96, 'currency': 49.82}",CALCULATED,2025-09-08T20:12:58.831970+00:00,SEC000223,Securitized-MBS,AA,14698250283.314425,24.7989887830291,50.82223441494897,BBB,Q4
66.13,LIN-BBB-,13.27,12.5,30.45,9.92,"{'duration': 58.3, 'spread': 8.2, 'liquidity': 32.92, 'momentum': 50.67, 'stability': 97.96, 'currency': 49.71}",CALCULATED,2025-09-08T20:12:58.832046+00:00,SEC000224,Securitized-MBS,AA,2260546454.9498925,19.72147225674845,41.00312300408157,BBB,Q2
61.81,LIN-BB+,6.15,12.5,33.25,9.91,"{'duration': 13.03, 'spread': 10.14, 'liquidity': 26.79, 'momentum': 50.51, 'stability': 97.96, 'currency': 49.68}",CALCULATED,2025-09-08T20:12:58.832111+00:00,SEC000225,Securitized-MBS,AAA,4575945600.8004055,24.19677785878383,50.68098865500501,BB,Q1 (Worst)
60.01,LIN-BB+,7.14,12.5,30.45,9.91,"{'duration': 20.4, 'spread': 13.89, 'liquidity': 20, 'momentum': 50.46, 'stability': 97.96, 'currency': 49.86}",CALCULATED,2025-09-08T20:12:58.832176+00:00,SEC000226,Securitized-MBS,AA,14269762362.029392,26.168320776243522,69.43581365209955,BB,Q1 (Worst)
70.07,LIN-BBB,17.21,12.5,30.45,9.91,"{'duration': 76.11, 'spread': 17.41, 'liquidity': 31.82, 'momentum': 50.67, 'stability': 97.96, 'currency': 49.65}",CALCULATED,2025-09-08T20:12:58.832438+00:00,SEC000227,Securitized-MBS,AA,2564274239.6585517,21.378785737013736,87.05847669796765,BBB,Q3
68.68,LIN-BBB,18.98,12.5,27.3,9.91,"{'duration': 100.0, 'spread': 13.18, 'liquidity': 20, 'momentum': 50.37, 'stability': 97.96, 'currency': 49.8}",CALCULATED,2025-09-08T20:12:58.832944+00:00,SEC000228,Securitized-MBS,A,17786214228.064957,18.076378129731715,65.91815826869592,BBB,Q3
60.51,LIN-BB+,7.66,12.5,30.45,9.9,"{'duration': 24.83, 'spread': 12.54, 'liquidity': 20.52, 'momentum': 50.23, 'stability': 97.96, 'currency': 49.78}",CALCULATED,2025-09-08T20:12:58.833127+00:00,SEC000229,Securitized-MBS,AA,9419082810.492794,18.97876467845321,62.69029695372494,BB,Q1 (Worst)
72.4,LIN-BBB+,19.52,12.5,30.45,9.92,"{'duration': 100.0, 'spread': 16.83, 'liquidity': 20, 'momentum': 50.71, 'stability': 97.96, 'currency': 49.77}",CALCULATED,2025-09-08T20:12:58.833223+00:00,SEC000230,Securitized-MBS,AA,11356016059.979296,6.189035994631482,84.14188313986459,BBB,Q4
69.4,LIN-BBB,13.73,12.5,33.25,9.92,"{'duration': 68.71, 'spread': 9.47, 'liquidity': 20, 'momentum': 50.57, 'stability': 97.96, 'currency': 49.85}",CALCULATED,2025-09-08T20:12:58.833299+00:00,SEC000231,Securitized-MBS,AAA,18479990928.916454,15.83602672370207,47.35360276631379,BBB,Q3
71.68,LIN-BBB,16.02,12.5,33.25,9.91,"{'duration': 83.65, 'spread': 9.83, 'liquidity': 20, 'momentum': 50.34, 'stability': 97.96, 'currency': 49.88}",CALCULATED,2025-09-08T20:12:58.833369+00:00,SEC000232,Securitized-MBS,AAA,14286093261.790743,13.439363905561475,49.166566818929255,BBB,Q4
71.26,LIN-BBB,18.41,12.5,30.45,9.9,"{'duration': 84.56, 'spread': 17.46, 'liquidity': 31.09, 'momentum': 50.23, 'stability': 97.96, 'currency': 49.81}",CALCULATED,2025-09-08T20:12:58.833435+00:00,SEC000233,Securitized-MBS,AA,2790289910.529397,13.190664115018906,87.29587085799074,BBB,Q4
69.58,LIN-BBB,13.91,12.5,33.25,9.91,"{'duration': 66.62, 'spread': 12.53, 'liquidity': 20.41, 'momentum': 50.57, 'stability': 97.96, 'currency': 49.76}",CALCULATED,2025-09-08T20:12:58.833535+00:00,SEC000234,Securitized-MBS,AAA,9536652329.094904,22.59698989668897,62.6680558994386,BBB,Q3
75.46,LIN-A-,19.77,12.5,33.25,9.94,"{'duration': 100.0, 'spread': 17.46, 'liquidity': 21.55, 'momentum': 50.8, 'stability': 97.96, 'currency': 49.98}",CALCULATED,2025-09-08T20:12:58.833614+00:00,SEC000235,Securitized-MBS,AAA,8361182700.096608,22.05093597398418,87.27553417653893,A,Q5 (Best)
71.82,LIN-BBB,16.17,12.5,33.25,9.9,"{'duration': 80.48, 'spread': 13.97, 'liquidity': 20, 'momentum': 50.28, 'stability': 97.96, 'currency': 49.75}",CALCULATED,2025-09-08T20:12:58.833711+00:00,SEC000236,Securitized-MBS,AAA,16226949674.589188,17.885059530670418,69.86742394507337,BBB,Q4
74.02,LIN-BBB+,18.36,12.5,33.25,9.92,"{'duration': 100.0, 'spread': 4.61, 'liquidity': 26.65, 'momentum': 50.75, 'stability': 97.96, 'currency': 49.61}",CALCULATED,2025-09-08T20:12:58.833798+00:00,SEC000237,Securitized-MBS,AAA,4648834938.501324,5.4506833852359335,23.043695437480316,BBB,Q5 (Best)
61.11,LIN-BB+,8.25,12.5,30.45,9.91,"{'duration': 25.78, 'spread': 14.61, 'liquidity': 21.91, 'momentum': 50.61, 'stability': 97.96, 'currency': 49.72}",CALCULATED,2025-09-08T20:12:58.833868+00:00,SEC000238,Securitized-MBS,AA,8027153482.459342,22.906194516206003,73.0446912645821,BB,Q1 (Worst)
62.99,LIN-BB+,10.13,12.5,30.45,9.9,"{'duration': 43.65, 'spread': 10.58, 'liquidity': 20, 'momentum': 50.23, 'stability': 97.96, 'currency': 49.85}",CALCULATED,2025-09-08T20:12:58.833940+00:00,SEC000239,Securitized-MBS,AA,13511268175.30506,12.002228371405899,52.89714847671355,BB,Q1 (Worst)
75.77,LIN-A-,20.1,12.5,33.25,9.92,"{'duration': 100.0, 'spread': 17.59, 'liquidity': 24.57, 'momentum': 50.72, 'stability': 97.96, 'currency': 49.76}",CALCULATED,2025-09-08T20:12:58.834008+00:00,SEC000240,Securitized-MBS,AAA,5906946272.284373,7.42428066091602,87.93391919548965,A,Q5 (Best)
74.57,LIN-BBB+,18.91,12.5,33.25,9.91,"{'duration': 100.0, 'spread': 12.7, 'liquidity': 20, 'momentum': 50.43, 'stability': 97.96, 'currency': 49.88}",CALCULATED,2025-09-08T20:12:58.834074+00:00,SEC000241,Securitized-MBS,AAA,11463069845.200617,25.84137380136236,63.524467670901,BBB,Q5 (Best)
68.98,LIN-BBB,19.27,12.5,27.3,9.91,"{'duration': 100.0, 'spread': 13.83, 'liquidity': 21.95, 'momentum': 50.65, 'stability': 97.96, 'currency': 49.69}",CALCULATED,2025-09-08T20:12:58.834140+00:00,SEC000242,Securitized-MBS,A,7990572046.047339,15.769503780646422,69.12736366416138,BBB,Q3
67.05,LIN-BBB-,11.38,12.5,33.25,9.92,"{'duration': 45.83, 'spread': 10.41, 'liquidity': 29.45, 'momentum': 50.47, 'stability': 97.96, 'currency': 49.87}",CALCULATED,2025-09-08T20:12:58.834205+00:00,SEC000243,Securitized-MBS,AAA,3370688077.136799,27.770806947942518,52.0582041134368,BBB,Q2
60.27,LIN-BB+,7.41,12.5,30.45,9.9,"{'duration': 25.67, 'spread': 10.42, 'liquidity': 20, 'momentum': 50.37, 'stability': 97.96, 'currency': 49.77}",CALCULATED,2025-09-08T20:12:58.834278+00:00,SEC000244,Securitized-MBS,AA,15672949731.239925,15.403196453836472,52.11108471364322,BB,Q1 (Worst)
76.33,LIN-A-,20.68,12.5,33.25,9.9,"{'duration': 100.0, 'spread': 12.73, 'liquidity': 37.71, 'momentum': 50.22, 'stability': 97.96, 'currency': 49.84}",CALCULATED,2025-09-08T20:12:58.834342+00:00,SEC000245,Securitized-MBS,AAA,1301075777.6743984,20.203633526885806,63.63329116537591,A,Q5 (Best)
72.48,LIN-BBB+,19.62,12.5,30.45,9.92,"{'duration': 100.0, 'spread': 17.44, 'liquidity': 20, 'momentum': 50.52, 'stability': 97.96, 'currency': 49.83}",CALCULATED,2025-09-08T20:12:58.834407+00:00,SEC000246,Securitized-MBS,AA,19954728721.030235,23.737837581189275,87.20196172909912,BBB,Q4
68.77,LIN-BBB,15.91,12.5,30.45,9.91,"{'duration': 76.46, 'spread': 16.3, 'liquidity': 20, 'momentum': 50.25, 'stability': 97.96, 'currency': 49.91}",CALCULATED,2025-09-08T20:12:58.835917+00:00,SEC000247,Securitized-MBS,AA,11980891813.96551,23.327056395042334,81.49402050448538,BBB,Q3
67.39,LIN-BBB-,11.72,12.5,33.25,9.92,"{'duration': 54.52, 'spread': 10.25, 'liquidity': 20, 'momentum': 50.63, 'stability': 97.96, 'currency': 49.9}",CALCULATED,2025-09-08T20:12:58.836311+00:00,SEC000248,Securitized-MBS,AAA,11617517196.823107,10.505258599415196,51.25771923318836,BBB,Q3
63.38,LIN-BB+,7.72,12.5,33.25,9.91,"{'duration': 28.7, 'spread': 5.09, 'liquidity': 26.52, 'momentum': 50.39, 'stability': 97.96, 'currency': 49.9}",CALCULATED,2025-09-08T20:12:58.836470+00:00,SEC000249,Securitized-MBS,AAA,4719337381.534202,15.37309726152856,25.463506774756375,BB,Q1 (Worst)
67.7,LIN-BBB-,17.98,12.5,27.3,9.92,"{'duration': 100.0, 'spread': 6.54, 'liquidity': 20, 'momentum': 50.68, 'stability': 97.96, 'currency': 49.7}",CALCULATED,2025-09-08T20:12:58.836568+00:00,SEC000250,Securitized-MBS,A,18031539959.91834,29.732937107978884,32.68449125850321,BBB,Q3
62.59,LIN-BB+,12.9,12.5,27.3,9.89,"{'duration': 56.31, 'spread': 16.33, 'liquidity': 20, 'momentum': 50.27, 'stability': 97.96, 'currency': 49.59}",CALCULATED,2025-09-08T20:12:58.836654+00:00,SEC000251,Securitized-MBS,A,19785753600.28415,27.732792921580444,81.65695937072367,BB,Q1 (Worst)
63.18,LIN-BB+,7.54,12.5,33.25,9.9,"{'duration': 26.44, 'spread': 10.46, 'liquidity': 20, 'momentum': 50.17, 'stability': 97.96, 'currency': 49.84}",CALCULATED,2025-09-08T20:12:58.836726+00:00,SEC000252,Securitized-MBS,AAA,10610009062.357626,23.530336251209626,52.28653901836576,BB,Q1 (Worst)
66.38,LIN-BBB-,10.73,12.5,33.25,9.9,"{'duration': 37.98, 'spread': 19.47, 'liquidity': 21.16, 'momentum': 50.32, 'stability': 97.96, 'currency': 49.68}",CALCULATED,2025-09-08T20:12:58.836800+00:00,SEC000253,Securitized-MBS,AAA,8745950389.432087,21.637250781405346,97.35798886509247,BBB,Q2
68.9,LIN-BBB,19.18,12.5,27.3,9.91,"{'duration': 100.0, 'spread': 14.57, 'liquidity': 20, 'momentum': 50.48, 'stability': 97.96, 'currency': 49.8}",CALCULATED,2025-09-08T20:12:58.836868+00:00,SEC000254,Securitized-MBS,A,17622496328.10043,24.985261363099298,72.82911241046995,BBB,Q3
68.06,LIN-BBB,12.39,12.5,33.25,9.92,"{'duration': 59.03, 'spread': 10.23, 'liquidity': 20, 'momentum': 50.67, 'stability': 97.96, 'currency': 49.85}",CALCULATED,2025-09-08T20:12:58.836934+00:00,SEC000255,Securitized-MBS,AAA,14253469788.46969,28.331457704333538,51.14513259301849,BBB,Q3
74.27,LIN-BBB+,18.61,12.5,33.25,9.91,"{'duration': 100.0, 'spread': 10.72, 'liquidity': 20, 'momentum': 50.39, 'stability': 97.96, 'currency': 49.8}",CALCULATED,2025-09-08T20:12:58.837000+00:00,SEC000256,Securitized-MBS,AAA,14808110595.99522,18.144428959476627,53.60013892985592,BBB,Q5 (Best)
72.65,LIN-BBB+,16.97,12.5,33.25,9.92,"{'duration': 80.12, 'spread': 12.85, 'liquidity': 30.27, 'momentum': 50.79, 'stability': 97.96, 'currency': 49.71}",CALCULATED,2025-09-08T20:12:58.837069+00:00,SEC000257,Securitized-MBS,AAA,3066682248.8378334,24.194641757526735,64.26420328527934,BBB,Q4
74.41,LIN-BBB+,18.73,12.5,33.25,9.93,"{'duration': 100.0, 'spread': 10.43, 'liquidity': 21.69, 'momentum': 50.75, 'stability': 97.96, 'currency': 49.84}",CALCULATED,2025-09-08T20:12:58.837137+00:00,SEC000258,Securitized-MBS,AAA,8229500384.684902,27.7381875197272,52.13494818056465,BBB,Q5 (Best)
62.38,LIN-BB+,9.52,12.5,30.45,9.91,"{'duration': 36.6, 'spread': 13.51, 'liquidity': 20, 'momentum': 50.6, 'stability': 97.96, 'currency': 49.64}",CALCULATED,2025-09-08T20:12:58.837203+00:00,SEC000259,Securitized-MBS,AA,10556433330.1075,12.097672220063686,67.5576392239873,BB,Q1 (Worst)
70.24,LIN-BBB,14.58,12.5,33.25,9.91,"{'duration': 71.22, 'spread': 12.66, 'liquidity': 20, 'momentum': 50.33, 'stability': 97.96, 'currency': 49.84}",CALCULATED,2025-09-08T20:12:58.837267+00:00,SEC000260,Securitized-MBS,AAA,12398014219.63933,14.679683902818597,63.302290104688765,BBB,Q3
74.09,LIN-BBB+,18.42,12.5,33.25,9.91,"{'duration': 100.0, 'spread': 4.43, 'liquidity': 27.58, 'momentum': 50.5, 'stability': 97.96, 'currency': 49.81}",CALCULATED,2025-09-08T20:12:58.837332+00:00,SEC000261,Securitized-MBS,AAA,4178459124.586061,28.389610963093883,22.16028737590389,BBB,Q5 (Best)
75.11,LIN-A-,19.44,12.5,33.25,9.92,"{'duration': 100.0, 'spread': 16.27, 'liquidity': 20, 'momentum': 50.6, 'stability': 97.96, 'currency': 49.78}",CALCULATED,2025-09-08T20:12:58.837399+00:00,SEC000262,Securitized-MBS,AAA,19988853471.195827,11.581238587908286,81.32606595776322,A,Q5 (Best)
64.82,LIN-BB+,9.16,12.5,33.25,9.91,"{'duration': 31.93, 'spread': 12.9, 'liquidity': 24.35, 'momentum': 50.54, 'stability': 97.96, 'currency': 49.7}",CALCULATED,2025-09-08T20:12:58.837473+00:00,SEC000263,Securitized-MBS,AAA,6062364089.623236,23.462928851045614,64.51485779536682,BB,Q2
64.59,LIN-BB+,11.75,12.5,30.45,9.89,"{'duration': 60.92, 'spread': 4.07, 'liquidity': 20, 'momentum': 50.02, 'stability': 97.96, 'currency': 49.84}",CALCULATED,2025-09-08T20:12:58.837541+00:00,SEC000264,Securitized-MBS,AA,18169959748.917603,8.11431287020506,20.37371148214442,BB,Q2
65.37,LIN-BBB-,12.51,12.5,30.45,9.92,"{'duration': 65.56, 'spread': 4.48, 'liquidity': 20, 'momentum': 50.55, 'stability': 97.96, 'currency': 49.85}",CALCULATED,2025-09-08T20:12:58.837607+00:00,SEC000265,Securitized-MBS,AA,11430106513.061697,23.353768694190897,22.393880440314653,BBB,Q2
62.2,LIN-BB+,9.33,12.5,30.45,9.92,"{'duration': 37.98, 'spread': 10.89, 'liquidity': 20, 'momentum': 50.55, 'stability': 97.96, 'currency': 49.87}",CALCULATED,2025-09-08T20:12:58.837679+00:00,SEC000266,Securitized-MBS,AA,16627315566.233356,27.159824518812098,54.45940813527659,BB,Q1 (Worst)
73.38,LIN-BBB+,17.7,12.5,33.25,9.93,"{'duration': 100.0, 'spread': 4.66, 'liquidity': 20, 'momentum': 50.76, 'stability': 97.96, 'currency': 49.82}",CALCULATED,2025-09-08T20:12:58.837748+00:00,SEC000267,Securitized-MBS,AAA,12831503755.931183,11.640767139568691,23.29214582893932,BBB,Q5 (Best)
61.78,LIN-BB+,6.14,12.5,33.25,9.89,"{'duration': 18.45, 'spread': 9.14, 'liquidity': 20, 'momentum': 50.09, 'stability': 97.96, 'currency': 49.73}",CALCULATED,2025-09-08T20:12:58.837814+00:00,SEC000268,Securitized-MBS,AAA,16966922044.253065,29.9442581917454,45.6922349803786,BB,Q1 (Worst)
75.7,LIN-A-,20.03,12.5,33.25,9.92,"{'duration': 100.0, 'spread': 17.21, 'liquidity': 24.43, 'momentum': 50.55, 'stability': 97.96, 'currency': 49.9}",CALCULATED,2025-09-08T20:12:58.837878+00:00,SEC000269,Securitized-MBS,AAA,6001373845.420641,17.937054089961386,86.05212161257248,A,Q5 (Best)
68.23,LIN-BBB,18.51,12.5,27.3,9.92,"{'duration': 82.84, 'spread': 18.4, 'liquidity': 33.23, 'momentum': 50.61, 'stability': 97.96, 'currency': 49.78}",CALCULATED,2025-09-08T20:12:58.837989+00:00,SEC000000,Securitized-ABS,A,2180720720.3774567,2.217906663931327,92.00693196081006,BBB,Q3
69.49,LIN-BBB,19.78,12.5,27.3,9.91,"{'duration': 79.06, 'spread': 29.12, 'liquidity': 35.53, 'momentum': 50.33, 'stability': 97.96, 'currency': 49.9}",CALCULATED,2025-09-08T20:12:58.838070+00:00,SEC000001,Securitized-ABS,A,1672133704.3542104,6.261190116988347,145.62260320405673,BBB,Q3
54.66,LIN-BB,8.43,12.5,23.8,9.92,"{'duration': 17.4, 'spread': 18.05, 'liquidity': 31.17, 'momentum': 50.69, 'stability': 97.96, 'currency': 49.84}",CALCULATED,2025-09-08T20:12:58.838136+00:00,SEC000002,Securitized-ABS,BBB,2764289896.2031703,4.353048630569636,90.25079733941372,BB,Q1 (Worst)
66.49,LIN-BBB-,10.81,12.5,33.25,9.93,"{'duration': 32.77, 'spread': 11.83, 'liquidity': 41.16, 'momentum': 50.83, 'stability': 97.96, 'currency': 49.87}",CALCULATED,2025-09-08T20:12:58.838201+00:00,SEC000003,Securitized-ABS,AAA,875033658.3614316,2.9940667160139274,59.15909683173765,BBB,Q2
66.63,LIN-BBB-,20.41,12.5,23.8,9.91,"{'duration': 100.0, 'spread': 14.86, 'liquidity': 31.85, 'momentum': 50.59, 'stability': 97.96, 'currency': 49.71}",CALCULATED,2025-09-08T20:12:58.838267+00:00,SEC000004,Securitized-ABS,BBB,2555390117.5039845,4.168006073176532,74.30856505555033,BBB,Q2
66.77,LIN-BBB-,11.1,12.5,33.25,9.92,"{'duration': 40.24, 'spread': 10.28, 'liquidity': 35.22, 'momentum': 50.61, 'stability': 97.96, 'currency': 49.84}",CALCULATED,2025-09-08T20:12:58.838336+00:00,SEC000005,Securitized-ABS,AAA,1734446292.5959244,3.8647948354540445,51.39828205173041,BBB,Q2
59.62,LIN-BB+,9.91,12.5,27.3,9.9,"{'duration': 34.46, 'spread': 9.1, 'liquidity': 33.78, 'momentum': 50.49, 'stability': 97.96, 'currency': 49.63}",CALCULATED,2025-09-08T20:12:58.838403+00:00,SEC000006,Securitized-ABS,A,2046663901.2237563,4.723104061467507,45.522139418025915,BB,Q1 (Worst)
65.89,LIN-BBB-,10.23,12.5,33.25,9.92,"{'duration': 19.82, 'spread': 25.33, 'liquidity': 34.52, 'momentum': 50.52, 'stability': 97.96, 'currency': 49.86}",CALCULATED,2025-09-08T20:12:58.838473+00:00,SEC000007,Securitized-ABS,AAA,1879771318.7890537,5.581462871889961,126.660280388132,BBB,Q2
63.28,LIN-BB+,7.64,12.5,33.25,9.9,"{'duration': 11.78, 'spread': 15.83, 'liquidity': 34.95, 'momentum': 50.28, 'stability': 97.96, 'currency': 49.69}",CALCULATED,2025-09-08T20:12:58.838542+00:00,SEC000008,Securitized-ABS,AAA,1789070534.2582083,2.289007241384711,79.14071046243042,BB,Q1 (Worst)
62.14,LIN-BB+,6.48,12.5,33.25,9.92,"{'duration': 11.29, 'spread': 11.42, 'liquidity': 30.72, 'momentum': 50.59, 'stability': 97.96, 'currency': 49.77}",CALCULATED,2025-09-08T20:12:58.838608+00:00,SEC000009,Securitized-ABS,AAA,2912274054.167362,5.148173485338104,57.09177834626401,BB,Q1 (Worst)
70.16,LIN-BBB,20.46,12.5,27.3,9.9,"{'duration': 100.0, 'spread': 6.04, 'liquidity': 45.54, 'momentum': 50.49, 'stability': 97.96, 'currency': 49.62}",CALCULATED,2025-09-08T20:12:58.838674+00:00,SEC000010,Securitized-ABS,A,528206603.00832164,6.386634737324989,30.180031204422228,BBB,Q3
64.5,LIN-BB+,18.3,12.5,23.8,9.9,"{'duration': 72.3, 'spread': 28.59, 'liquidity': 31.62, 'momentum': 50.52, 'stability': 97.96, 'currency': 49.54}",CALCULATED,2025-09-08T20:12:58.838743+00:00,SEC000011,Securitized-ABS,BBB,2625346544.437193,3.8610710080930417,142.9468786792421,BB,Q2
76.72,LIN-A-,21.07,12.5,33.25,9.9,"{'duration': 100.0, 'spread': 16.36, 'liquidity': 36.17, 'momentum': 50.18, 'stability': 97.96, 'currency': 49.83}",CALCULATED,2025-09-08T20:12:58.838807+00:00,SEC000012,Securitized-ABS,AAA,1554016881.3391523,4.491852467637466,81.8026827693362,A,Q5 (Best)
59.76,LIN-BB+,10.05,12.5,27.3,9.91,"{'duration': 29.13, 'spread': 14.54, 'liquidity': 34.99, 'momentum': 50.35, 'stability': 97.96, 'currency': 49.82}",CALCULATED,2025-09-08T20:12:58.838874+00:00,SEC000013,Securitized-ABS,A,1780483291.1282074,5.4820343169076935,72.68800244518681,BB,Q1 (Worst)
71.48,LIN-BBB,18.62,12.5,30.45,9.91,"{'duration': 84.86, 'spread': 18.38, 'liquidity': 31.33, 'momentum': 50.54, 'stability': 97.96, 'currency': 49.74}",CALCULATED,2025-09-08T20:12:58.838943+00:00,SEC000014,Securitized-ABS,AA,2714193800.396249,3.7131128395781383,91.9048573012336,BBB,Q4
70.87,LIN-BBB,15.2,12.5,33.25,9.92,"{'duration': 54.75, 'spread': 25.26, 'liquidity': 32.0, 'momentum': 50.5, 'stability': 97.96, 'currency': 49.89}",CALCULATED,2025-09-08T20:12:58.839012+00:00,SEC000015,Securitized-ABS,AAA,2511289278.7024837,3.261796914345357,126.31436152420892,BBB,Q4
75.34,LIN-A-,19.67,12.5,33.25,9.92,"{'duration': 100.0, 'spread': 8.79, 'liquidity': 33.55, 'momentum': 50.59, 'stability': 97.96, 'currency': 49.82}",CALCULATED,2025-09-08T20:12:58.839078+00:00,SEC000016,Securitized-ABS,AAA,2101118446.379044,5.070869146220213,43.965827177843025,A,Q5 (Best)
71.89,LIN-BBB,19.04,12.5,30.45,9.91,"{'duration': 79.3, 'spread': 20.82, 'liquidity': 40.17, 'momentum': 50.32, 'stability': 97.96, 'currency': 49.84}",CALCULATED,2025-09-08T20:12:58.839146+00:00,SEC000017,Securitized-ABS,AA,980714815.0792978,2.252037930533882,104.11055701734105,BBB,Q4
69.85,LIN-BBB,14.18,12.5,33.25,9.93,"{'duration': 47.89, 'spread': 22.25, 'liquidity': 36.58, 'momentum': 50.66, 'stability': 97.96, 'currency': 49.89}",CALCULATED,2025-09-08T20:12:58.839209+00:00,SEC000018,Securitized-ABS,AAA,1482123291.3246891,5.913106038048667,111.2570915518146,BBB,Q3
75.77,LIN-A-,20.13,12.5,33.25,9.89,"{'duration': 100.0, 'spread': 11.24, 'liquidity': 34.43, 'momentum': 50.19, 'stability': 97.96, 'currency': 49.71}",CALCULATED,2025-09-08T20:12:58.839274+00:00,SEC000019,Securitized-ABS,AAA,1899521482.2058396,5.7434630172889705,56.189962480244134,A,Q5 (Best)
68.1,LIN-BBB,15.24,12.5,30.45,9.91,"{'duration': 53.23, 'spread': 26.87, 'liquidity': 32.3, 'momentum': 50.51, 'stability': 97.96, 'currency': 49.71}",CALCULATED,2025-09-08T20:12:58.839337+00:00,SEC000020,Securitized-ABS,AA,2427250907.674222,3.3922564264046495,134.3431433632907,BBB,Q3
66.56,LIN-BBB-,13.7,12.5,30.45,9.91,"{'duration': 36.82, 'spread': 29.67, 'liquidity': 37.26, 'momentum': 50.46, 'stability': 97.96, 'currency': 49.86}",CALCULATED,2025-09-08T20:12:58.839402+00:00,SEC000021,Securitized-ABS,AA,1371549914.325728,5.92663981327057,148.34512349611379,BBB,Q2
69.57,LIN-BBB,19.85,12.5,27.3,9.92,"{'duration': 100.0, 'spread': 11.38, 'liquidity': 31.45, 'momentum': 50.66, 'stability': 97.96, 'currency': 49.71}",CALCULATED,2025-09-08T20:12:58.839468+00:00,SEC000022,Securitized-ABS,A,2677366350.4846416,2.5384290418769453,56.91914503585718,BBB,Q3
75.64,LIN-A-,22.76,12.5,30.45,9.93,"{'duration': 100.0, 'spread': 26.94, 'liquidity': 37.16, 'momentum': 50.74, 'stability': 97.96, 'currency': 49.97}",CALCULATED,2025-09-08T20:12:58.839531+00:00,SEC000023,Securitized-ABS,AA,1386248903.1520967,6.281521575934263,134.7240012894109,A,Q5 (Best)
73.59,LIN-BBB+,20.72,12.5,30.45,9.91,"{'duration': 100.0, 'spread': 17.3, 'liquidity': 31.28, 'momentum': 50.36, 'stability': 97.96, 'currency': 49.97}",CALCULATED,2025-09-08T20:12:58.839598+00:00,SEC000024,Securitized-ABS,AA,2730416547.160507,4.232096281623373,86.51105629431154,BBB,Q5 (Best)
76.55,LIN-A-,20.91,12.5,33.25,9.9,"{'duration': 100.0, 'spread': 18.0, 'liquidity': 32.06, 'momentum': 50.29, 'stability': 97.96, 'currency': 49.68}",CALCULATED,2025-09-08T20:12:58.839662+00:00,SEC000025,Securitized-ABS,AAA,2495989399.5391126,2.266921880989809,90.01987636388937,A,Q5 (Best)
73.08,LIN-BBB+,17.43,12.5,33.25,9.91,"{'duration': 56.45, 'spread': 29.68, 'liquidity': 45.08, 'momentum': 50.38, 'stability': 97.96, 'currency': 49.78}",CALCULATED,2025-09-08T20:12:58.839757+00:00,SEC000026,Securitized-ABS,AAA,557085902.8865844,6.382125815276127,148.4036632711979,BBB,Q5 (Best)
75.72,LIN-A-,20.06,12.5,33.25,9.91,"{'duration': 100.0, 'spread': 13.18, 'liquidity': 30.83, 'momentum': 50.44, 'stability': 97.96, 'currency': 49.8}",CALCULATED,2025-09-08T20:12:58.839835+00:00,SEC000027,Securitized-ABS,AAA,2874306612.6717997,2.2502005158295666,65.87592069707993,A,Q5 (Best)
72.75,LIN-BBB+,19.9,12.5,30.45,9.9,"{'duration': 85.71, 'spread': 25.72, 'liquidity': 31.89, 'momentum': 50.19, 'stability': 97.96, 'currency': 49.81}",CALCULATED,2025-09-08T20:12:58.839903+00:00,SEC000028,Securitized-ABS,AA,2544014741.215979,2.808040626488786,128.60540092953391,BBB,Q4
72.17,LIN-BBB+,19.29,12.5,30.45,9.93,"{'duration': 100.0, 'spread': 7.67, 'liquidity': 31.4, 'momentum': 50.67, 'stability': 97.96, 'currency': 49.9}",CALCULATED,2025-09-08T20:12:58.839971+00:00,SEC000029,Securitized-ABS,AA,2692972115.065831,5.13735971410839,38.35794908400719,BBB,Q4
77.77,LIN-A-,22.07,12.5,33.25,9.95,"{'duration': 100.0, 'spread': 24.1, 'liquidity': 34.6, 'momentum': 51.11, 'stability': 97.96, 'currency': 49.85}",CALCULATED,2025-09-08T20:12:58.840035+00:00,SEC000030,Securitized-ABS,AAA,1862282095.3559542,4.4161064886829955,120.50068069555034,A,Q5 (Best)
72.3,LIN-BBB+,22.6,12.5,27.3,9.9,"{'duration': 97.51, 'spread': 29.98, 'liquidity': 34.74, 'momentum': 50.4, 'stability': 97.96, 'currency': 49.73}",CALCULATED,2025-09-08T20:12:58.840099+00:00,SEC000031,Securitized-ABS,A,1832338489.4328694,3.9427990637569916,149.91362429117294,BBB,Q4
71.08,LIN-BBB,21.38,12.5,27.3,9.9,"{'duration': 100.0, 'spread': 16.01, 'liquidity': 39.76, 'momentum': 50.23, 'stability': 97.96, 'currency': 49.84}",CALCULATED,2025-09-08T20:12:58.840165+00:00,SEC000032,Securitized-ABS,A,1028565742.2265055,2.2544097604779907,80.0645867663607,BBB,Q4
70.12,LIN-BBB,20.43,12.5,27.3,9.9,"{'duration': 100.0, 'spread': 14.66, 'liquidity': 32.26, 'momentum': 50.34, 'stability': 97.96, 'currency': 49.65}",CALCULATED,2025-09-08T20:12:58.840247+00:00,SEC000033,Securitized-ABS,A,2437353030.8993187,3.2768072791739513,73.29673028555264,BBB,Q3
68.92,LIN-BBB,22.71,12.5,23.8,9.91,"{'duration': 100.0, 'spread': 28.2, 'liquidity': 34.81, 'momentum': 50.69, 'stability': 97.96, 'currency': 49.51}",CALCULATED,2025-09-08T20:12:58.840323+00:00,SEC000034,Securitized-ABS,BBB,1816903035.23126,5.6805748857379585,141.0190314762631,BBB,Q3
65.6,LIN-BBB-,15.88,12.5,27.3,9.92,"{'duration': 54.18, 'spread': 27.61, 'liquidity': 36.12, 'momentum': 50.61, 'stability': 97.96, 'currency': 49.89}",CALCULATED,2025-09-08T20:12:58.840393+00:00,SEC000035,Securitized-ABS,A,1563485795.1659544,6.193431459017101,138.03309982037672,BBB,Q2
58.48,LIN-BB+,8.79,12.5,27.3,9.89,"{'duration': 16.41, 'spread': 21.31, 'liquidity': 31.3, 'momentum': 50.26, 'stability': 97.96, 'currency': 49.62}",CALCULATED,2025-09-08T20:12:58.840459+00:00,SEC000036,Securitized-ABS,A,2723516201.4287353,5.4809193516506,106.54189684047377,BB,Q1 (Worst)
78.28,LIN-A,22.6,12.5,33.25,9.92,"{'duration': 100.0, 'spread': 29.59, 'liquidity': 31.66, 'momentum': 50.79, 'stability': 97.96, 'currency': 49.69}",CALCULATED,2025-09-08T20:12:58.840529+00:00,SEC000037,Securitized-ABS,AAA,2611626210.451233,2.1173790495909572,147.9477162068702,A,Q5 (Best)
61.51,LIN-BB+,15.27,12.5,23.8,9.94,"{'duration': 70.91, 'spread': 9.25, 'liquidity': 32.46, 'momentum': 50.92, 'stability': 97.96, 'currency': 49.98}",CALCULATED,2025-09-08T20:12:58.840597+00:00,SEC000038,Securitized-ABS,BBB,2381262394.755824,4.929917606119034,46.25354839912322,BB,Q1 (Worst)
67.36,LIN-BBB-,17.62,12.5,27.3,9.94,"{'duration': 70.01, 'spread': 23.83, 'liquidity': 35.39, 'momentum': 50.94, 'stability': 97.96, 'currency': 49.91}",CALCULATED,2025-09-08T20:12:58.840663+00:00,SEC000039,Securitized-ABS,A,1700821518.3415916,6.12836708972979,119.14725506996923,BBB,Q3
73.15,LIN-BBB+,17.49,12.5,33.25,9.91,"{'duration': 55.81, 'spread': 31.15, 'liquidity': 44.45, 'momentum': 50.26, 'stability': 97.96, 'currency': 49.93}",CALCULATED,2025-09-08T20:12:58.840737+00:00,SEC000000,Securitized-CMBS,AAA,599221596.7497008,8.408824769874233,155.72639980453545,BBB,Q5 (Best)
67.94,LIN-BBB-,21.71,12.5,23.8,9.93,"{'duration': 100.0, 'spread': 15.74, 'liquidity': 43.52, 'momentum': 50.78, 'stability': 97.96, 'currency': 49.84}",CALCULATED,2025-09-08T20:12:58.840805+00:00,SEC000001,Securitized-CMBS,BBB,666643528.9226415,7.244757307958931,78.7019032526571,BBB,Q3
77.55,LIN-A-,21.87,12.5,33.25,9.93,"{'duration': 100.0, 'spread': 18.09, 'liquidity': 41.6, 'momentum': 50.63, 'stability': 97.96, 'currency': 49.92}",CALCULATED,2025-09-08T20:12:58.840870+00:00,SEC000002,Securitized-CMBS,AAA,831987489.3168261,5.0920039965641575,90.42890804847538,A,Q5 (Best)
78.59,LIN-A,22.91,12.5,33.25,9.93,"{'duration': 100.0, 'spread': 28.26, 'liquidity': 36.7, 'momentum': 50.75, 'stability': 97.96, 'currency': 49.91}",CALCULATED,2025-09-08T20:12:58.840935+00:00,SEC000003,Securitized-CMBS,AAA,1461937854.7048817,5.274888021383352,141.28648401729095,A,Q5 (Best)
72.68,LIN-BBB+,17.01,12.5,33.25,9.92,"{'duration': 68.18, 'spread': 20.23, 'liquidity': 37.51, 'momentum': 50.67, 'stability': 97.96, 'currency': 49.8}",CALCULATED,2025-09-08T20:12:58.841001+00:00,SEC000004,Securitized-CMBS,AAA,1331265057.7019188,8.773745950548463,101.13285192916908,BBB,Q4
67.34,LIN-BBB-,17.62,12.5,27.3,9.92,"{'duration': 74.49, 'spread': 19.58, 'liquidity': 35.1, 'momentum': 50.41, 'stability': 97.96, 'currency': 49.97}",CALCULATED,2025-09-08T20:12:58.841067+00:00,SEC000005,Securitized-CMBS,A,1757860425.3553696,6.125995126237282,97.89879681250875,BBB,Q3
62.76,LIN-BB+,9.89,12.5,30.45,9.92,"{'duration': 11.59, 'spread': 28.04, 'liquidity': 39.43, 'momentum': 50.78, 'stability': 97.96, 'currency': 49.76}",CALCULATED,2025-09-08T20:12:58.841137+00:00,SEC000006,Securitized-CMBS,AA,1067394487.4744729,6.233266763339715,140.22407761491752,BB,Q1 (Worst)
73.71,LIN-BBB+,20.84,12.5,30.45,9.92,"{'duration': 100.0, 'spread': 10.85, 'liquidity': 42.14, 'momentum': 50.51, 'stability': 97.96, 'currency': 49.86}",CALCULATED,2025-09-08T20:12:58.841205+00:00,SEC000007,Securitized-CMBS,AA,781204152.8260068,7.210702192748174,54.233136300124805,BBB,Q5 (Best)
69.22,LIN-BBB,13.56,12.5,33.25,9.91,"{'duration': 45.06, 'spread': 15.8, 'liquidity': 44.33, 'momentum': 50.45, 'stability': 97.96, 'currency': 49.76}",CALCULATED,2025-09-08T20:12:58.841271+00:00,SEC000008,Securitized-CMBS,AAA,607682201.8453991,7.821585962423186,78.97556977912951,BBB,Q3
67.44,LIN-BBB-,17.74,12.5,27.3,9.91,"{'duration': 73.12, 'spread': 18.5, 'liquidity': 39.94, 'momentum': 50.4, 'stability': 97.96, 'currency': 49.79}",CALCULATED,2025-09-08T20:12:58.841335+00:00,SEC000009,Securitized-CMBS,A,1007025781.9950343,9.042330599033088,92.50341430138901,BBB,Q3
74.77,LIN-BBB+,21.92,12.5,30.45,9.9,"{'duration': 100.0, 'spread': 21.92, 'liquidity': 36.29, 'momentum': 50.25, 'stability': 97.96, 'currency': 49.8}",CALCULATED,2025-09-08T20:12:58.841402+00:00,SEC000010,Securitized-CMBS,AA,1532132077.7314777,8.971812384705672,109.62089614040204,BBB,Q5 (Best)
79.18,LIN-A,23.53,12.5,33.25,9.9,"{'duration': 100.0, 'spread': 32.85, 'liquidity': 36.03, 'momentum': 50.41, 'stability': 97.96, 'currency': 49.69}",CALCULATED,2025-09-08T20:12:58.841468+00:00,SEC000011,Securitized-CMBS,AAA,1579849181.1536,8.570564585588556,164.2374891005332,A,Q5 (Best)
69.19,LIN-BBB,22.99,12.5,23.8,9.9,"{'duration': 97.24, 'spread': 28.27, 'liquidity': 41.58, 'momentum': 50.23, 'stability': 97.96, 'currency': 49.85}",CALCULATED,2025-09-08T20:12:58.841543+00:00,SEC000012,Securitized-CMBS,BBB,833597139.4980683,8.413343167055574,141.35791391227798,BBB,Q3
68.51,LIN-BBB,18.81,12.5,27.3,9.9,"{'duration': 61.99, 'spread': 36.0, 'liquidity': 41.15, 'momentum': 50.29, 'stability': 97.96, 'currency': 49.75}",CALCULATED,2025-09-08T20:12:58.841614+00:00,SEC000013,Securitized-CMBS,A,875596687.3718512,8.78639560494356,179.98718080769416,BBB,Q3
74.02,LIN-BBB+,18.36,12.5,33.25,9.92,"{'duration': 81.2, 'spread': 14.65, 'liquidity': 39.78, 'momentum': 50.47, 'stability': 97.96, 'currency': 49.9}",CALCULATED,2025-09-08T20:12:58.841685+00:00,SEC000014,Securitized-CMBS,AAA,1025216077.4391725,8.685048615128165,73.23149680119968,BBB,Q5 (Best)
72.54,LIN-BBB+,16.87,12.5,33.25,9.91,"{'duration': 67.26, 'spread': 19.23, 'liquidity': 39.01, 'momentum': 50.59, 'stability': 97.96, 'currency': 49.69}",CALCULATED,2025-09-08T20:12:58.841794+00:00,SEC000015,Securitized-CMBS,AAA,1120443280.405324,7.0649424174663675,96.13038546418485,BBB,Q4
65.13,LIN-BBB-,12.26,12.5,30.45,9.92,"{'duration': 19.17, 'spread': 34.49, 'liquidity': 42.07, 'momentum': 50.63, 'stability': 97.96, 'currency': 49.8}",CALCULATED,2025-09-08T20:12:58.841865+00:00,SEC000016,Securitized-CMBS,AA,787634347.9604673,6.43256682641666,172.474841523808,BBB,Q2
71.85,LIN-BBB,19.01,12.5,30.45,9.89,"{'duration': 82.92, 'spread': 20.84, 'liquidity': 34.46, 'momentum': 50.01, 'stability': 97.96, 'currency': 49.87}",CALCULATED,2025-09-08T20:12:58.841938+00:00,SEC000017,Securitized-CMBS,AA,1893278064.2337005,9.48791861571611,104.19823421873403,BBB,Q4
76.1,LIN-A-,23.23,12.5,30.45,9.92,"{'duration': 100.0, 'spread': 32.11, 'liquidity': 34.13, 'momentum': 50.63, 'stability': 97.96, 'currency': 49.8}",CALCULATED,2025-09-08T20:12:58.842009+00:00,SEC000018,Securitized-CMBS,AA,1965523210.1474347,7.031921616949215,160.56499530347514,A,Q5 (Best)
67.19,LIN-BBB-,17.48,12.5,27.3,9.91,"{'duration': 47.36, 'spread': 39.93, 'liquidity': 43.89, 'momentum': 50.49, 'stability': 97.96, 'currency': 49.76}",CALCULATED,2025-09-08T20:12:58.842078+00:00,SEC000019,Securitized-CMBS,A,638647683.9345728,9.389371157358923,199.65703051423526,BBB,Q2
62.64,LIN-BB+,12.93,12.5,27.3,9.91,"{'duration': 42.02, 'spread': 18.81, 'liquidity': 38.09, 'momentum': 50.47, 'stability': 97.96, 'currency': 49.69}",CALCULATED,2025-09-08T20:12:58.842146+00:00,SEC000020,Securitized-CMBS,A,1246130588.0030346,6.422604544683302,94.03776716018035,BB,Q1 (Worst)
72.04,LIN-BBB+,22.33,12.5,27.3,9.91,"{'duration': 100.0, 'spread': 23.77, 'liquidity': 37.68, 'momentum': 50.46, 'stability': 97.96, 'currency': 49.68}",CALCULATED,2025-09-08T20:12:58.842214+00:00,SEC000021,Securitized-CMBS,A,1305859459.6377816,5.718944909232871,118.85620551148573,BBB,Q4
73.02,LIN-BBB+,20.16,12.5,30.45,9.9,"{'duration': 100.0, 'spread': 11.32, 'liquidity': 34.66, 'momentum': 50.35, 'stability': 97.96, 'currency': 49.74}",CALCULATED,2025-09-08T20:12:58.842279+00:00,SEC000022,Securitized-CMBS,AA,1849748856.4585755,5.251608600286916,56.607103865979205,BBB,Q4
70.07,LIN-BBB,20.34,12.5,27.3,9.92,"{'duration': 100.0, 'spread': 11.15, 'liquidity': 36.7, 'momentum': 50.56, 'stability': 97.96, 'currency': 49.98}",CALCULATED,2025-09-08T20:12:58.842347+00:00,SEC000023,Securitized-CMBS,A,1462606459.9919348,5.806349443826945,55.75016324434424,BBB,Q3
68.78,LIN-BBB,15.91,12.5,30.45,9.92,"{'duration': 43.85, 'spread': 38.49, 'liquidity': 35.62, 'momentum': 50.43, 'stability': 97.96, 'currency': 49.98}",CALCULATED,2025-09-08T20:12:58.842410+00:00,SEC000024,Securitized-CMBS,AA,1656300514.1796222,9.04188556043825,192.4711747404224,BBB,Q3
78.24,LIN-A,22.56,12.5,33.25,9.93,"{'duration': 100.0, 'spread': 26.39, 'liquidity': 35.97, 'momentum': 50.74, 'stability': 97.96, 'currency': 49.9}",CALCULATED,2025-09-08T20:12:58.842472+00:00,SEC000025,Securitized-CMBS,AAA,1589800196.4128597,5.734703418357095,131.94233633901226,A,Q5 (Best)
63.91,LIN-BB+,14.21,12.5,27.3,9.9,"{'duration': 39.02, 'spread': 29.4, 'liquidity': 39.43, 'momentum': 50.44, 'stability': 97.96, 'currency': 49.64}",CALCULATED,2025-09-08T20:12:58.842534+00:00,SEC000026,Securitized-CMBS,A,1067619882.7094988,6.81518615415716,146.99794327910297,BB,Q2
70.68,LIN-BBB,15.01,12.5,33.25,9.92,"{'duration': 56.63, 'spread': 20.43, 'liquidity': 34.51, 'momentum': 50.59, 'stability': 97.96, 'currency': 49.82}",CALCULATED,2025-09-08T20:12:58.842600+00:00,SEC000027,Securitized-CMBS,AAA,1881236897.4489937,9.068740212207981,102.15262402729886,BBB,Q3
59.55,LIN-BB+,13.32,12.5,23.8,9.93,"{'duration': 38.0, 'spread': 25.5, 'liquidity': 37.98, 'momentum': 50.79, 'stability': 97.96, 'currency': 49.77}",CALCULATED,2025-09-08T20:12:58.842667+00:00,SEC000028,Securitized-CMBS,BBB,1261370793.4224563,6.174699019669252,127.52270141911795,BB,Q1 (Worst)
58.36,LIN-BB+,12.13,12.5,23.8,9.93,"{'duration': 34.62, 'spread': 21.64, 'liquidity': 36.88, 'momentum': 50.83, 'stability': 97.96, 'currency': 49.9}",CALCULATED,2025-09-08T20:12:58.842731+00:00,SEC000029,Securitized-CMBS,BBB,1432955844.2933512,9.131988660185758,108.21666129897824,BB,Q1 (Worst)
75.24,LIN-A-,22.4,12.5,30.45,9.89,"{'duration': 100.0, 'spread': 24.98, 'liquidity': 36.52, 'momentum': 50.19, 'stability': 97.96, 'currency': 49.71}",CALCULATED,2025-09-08T20:12:58.842796+00:00,SEC000030,Securitized-CMBS,AA,1493014695.6367276,6.940893318223324,124.92291976465056,A,Q5 (Best)
56.72,LIN-BB+,10.52,12.5,23.8,9.9,"{'duration': 12.5, 'spread': 28.28, 'liquidity': 43.99, 'momentum': 50.43, 'stability': 97.96, 'currency': 49.7}",CALCULATED,2025-09-08T20:12:58.842863+00:00,SEC000031,Securitized-CMBS,BBB,631682312.9521433,6.039708513725028,141.3962000880743,BB,Q1 (Worst)
72.62,LIN-BBB+,22.9,12.5,27.3,9.92,"{'duration': 100.0, 'spread': 27.06, 'liquidity': 38.41, 'momentum': 50.68, 'stability': 97.96, 'currency': 49.84}",CALCULATED,2025-09-08T20:12:58.842926+00:00,SEC000032,Securitized-CMBS,A,1201385551.4810524,7.25211847647976,135.2989758008065,BBB,Q4
68.24,LIN-BBB,22.04,12.5,23.8,9.91,"{'duration': 100.0, 'spread': 21.1, 'liquidity': 38.73, 'momentum': 50.42, 'stability': 97.96, 'currency': 49.76}",CALCULATED,2025-09-08T20:12:58.842989+00:00,SEC000033,Securitized-CMBS,BBB,1157210763.3872962,9.97102930682113,105.47768563079389,BBB,Q3
78.69,LIN-A,23.03,12.5,33.25,9.9,"{'duration': 100.0, 'spread': 26.51, 'liquidity': 40.55, 'momentum': 50.37, 'stability': 97.96, 'currency': 49.76}",CALCULATED,2025-09-08T20:12:58.843054+00:00,SEC000034,Securitized-CMBS,AAA,938853365.8685347,9.082998044601357,132.54580330854935,A,Q5 (Best)
65.51,LIN-BBB-,15.81,12.5,27.3,9.9,"{'duration': 70.53, 'spread': 10.75, 'liquidity': 36.16, 'momentum': 50.32, 'stability': 97.96, 'currency': 49.71}",CALCULATED,2025-09-08T20:12:58.843119+00:00,SEC000035,Securitized-CMBS,A,1555304165.4934695,7.896599007917994,53.73129746844953,BBB,Q2
68.82,LIN-BBB,15.95,12.5,30.45,9.92,"{'duration': 63.99, 'spread': 15.27, 'liquidity': 40.56, 'momentum': 50.68, 'stability': 97.96, 'currency': 49.84}",CALCULATED,2025-09-08T20:12:58.843184+00:00,SEC000036,Securitized-CMBS,AA,937570069.8109957,8.775293184269994,76.34301383099071,BBB,Q3
70.98,LIN-BBB,18.12,12.5,30.45,9.91,"{'duration': 73.58, 'spread': 23.53, 'liquidity': 35.57, 'momentum': 50.45, 'stability': 97.96, 'currency': 49.78}",CALCULATED,2025-09-08T20:12:58.843281+00:00,SEC000037,Securitized-CMBS,AA,1665279066.5845838,7.7928067024712435,117.62783037843045,BBB,Q4
66.57,LIN-BBB-,13.7,12.5,30.45,9.92,"{'duration': 45.2, 'spread': 20.79, 'liquidity': 38.07, 'momentum': 50.5, 'stability': 97.96, 'currency': 49.84}",CALCULATED,2025-09-08T20:12:58.843356+00:00,SEC000038,Securitized-CMBS,AA,1248905553.8641346,7.709057464134096,103.93459794389132,BBB,Q2
73.26,LIN-BBB+,23.55,12.5,27.3,9.91,"{'duration': 100.0, 'spread': 30.07, 'liquidity': 40.4, 'momentum': 50.27, 'stability': 97.96, 'currency': 49.92}",CALCULATED,2025-09-08T20:12:58.843424+00:00,SEC000039,Securitized-CMBS,A,955269556.9319065,5.683465737283785,150.36491723024042,BBB,Q5 (Best)
